Grid Demand [W],PV Gen [W],Day-ahead Price [EUR/MWh]
-13475.520833333334,0.0,81.57
-13472.824267782427,0.0,75.9
-14105.166666666666,0.0,73.73
-12782.541666666666,0.0,72.01
-13033.75,0.0,71.24
-14648.875,0.0,73.96
-12692.708333333334,228.2875,84.91
-12445.041666666666,3067.6666666666665,95.95
-12820.583333333334,6765.3875,98.5
-13939.25,8017.025,96.4
-8890.627615062762,12262.807531380751,94.96
-10394.854166666666,11767.520833333334,96.51
-4663.041666666667,16074.5875,93.51
-6395.708333333333,18494.729166666668,90.19
-14230.4375,8341.633333333333,85.67
-12445.794979079496,10710.912133891214,85.0
-5793.1875,14923.358333333334,85.68
-8065.604166666667,9637.758333333331,95.91
-7104.604166666667,9914.858333333334,99.98
-9193.041666666666,6316.820833333333,103.77
-11949.208333333334,3159.4125,100.34
-12986.6875,91.04166666666669,99.51
-12762.458333333334,0.0,98.17
-12466.541666666666,0.0,91.99
-13040.854166666666,0.0,90.77
-12284.375,0.0,85.36
-12487.791666666666,0.0,82.18
-13194.770833333334,0.0,82.35
-12020.041666666666,0.0,83.22
-11458.583333333334,53.2625,86.68
-9276.395833333334,3648.595833333333,102.0
-4176.1875,10170.5625,112.0
109.72916666666669,20278.88333333333,122.5
1535.7083333333333,30046.304166666665,107.24
2861.8125,31460.966666666667,102.54
9559.020833333334,42843.1625,100.0
12918.895833333334,37799.3375,99.61
14427.604166666666,36079.73333333333,89.84
16392.5,38083.85416666666,82.37
19794.9375,41101.38333333333,82.53
14198.791666666666,32980.8125,82.57
10514.979166666666,28032.408333333333,94.23
2963.125,19140.166666666668,99.98
166.54166666666666,11114.7375,110.0
-857.0833333333334,2981.2541666666666,109.49
-3936.875,95.99166666666666,105.55
-8700.520833333334,0.0,105.02
-8520.6875,0.0,99.98
-11126.833333333334,0.0,92.64
-11260.20920502092,0.0,84.39
-11471.395833333334,0.0,80.9
-11724.791666666666,0.0,77.57
-10710.666666666666,0.0,74.05
-10894.895833333334,194.8708333333333,74.06
-8876.895833333334,3335.545833333333,78.97
-2782.625,9698.8625,81.45
128.0,19343.925,83.03
1938.375,28035.866666666665,79.34
8270.0,37206.9,74.06
25559.125,42824.9625,70.0
27035.27083333333,40798.91666666666,67.04
32023.625,46738.225,65.0
32189.70833333333,46340.2,66.6
27356.354166666668,41678.39166666667,73.0
17026.291666666668,31270.9,75.2
2744.2291666666665,15141.041666666666,85.45
-605.1875,6074.258333333333,95.44
-244.58333333333331,6279.733333333334,106.96
-757.4166666666666,2865.5583333333334,107.43
-8138.104166666667,112.5125,106.97
-9167.9375,0.0,106.95
-9086.0,0.0,100.0
-13150.375,0.0,94.18
-12149.604166666666,0.0,86.74
-11804.104166666666,0.0,80.05
-12757.9375,0.0,75.61
-12114.541666666666,0.0,75.03
-12369.208333333334,281.4458333333333,73.99
-9846.020833333334,3177.9,74.5
-4979.541666666667,8818.716666666667,75.42
50.125,15650.954166666666,78.68
313.8958333333333,16490.7625,77.08
2353.833333333333,25770.77083333333,75.24
471.8333333333333,20697.74583333333,78.03
-236.5625,12187.208333333334,78.02
-86.45833333333333,7074.858333333334,74.0
400.5416666666667,17130.470833333333,69.26
4013.1041666666665,29975.841666666667,69.07
5044.229166666667,23528.99583333333,77.03
787.4375,6658.4125,83.07
-0.1875,7695.029166666666,93.85
-250.75,5238.466666666666,99.54
-3050.5,2273.4041666666667,100.0
-8038.9375,229.4958333333333,102.09
-8856.354166666666,0.0,104.92
-10609.125,0.0,95.73
-12072.583333333334,0.0,81.55
-11441.359832635982,0.0,75.22
-12021.041666666666,0.0,74.01
-12317.75,0.0,72.01
-12459.833333333334,0.0,71.54
-12036.104166666666,136.95833333333334,74.09
-10095.9375,1711.3041666666666,91.57
-13035.6875,1962.1291666666664,101.93
-15676.791666666666,4908.0875,105.69
-8711.1875,10211.9375,103.55
-11636.3179916318,10110.42259414226,101.0
-9844.333333333334,13633.220833333333,100.09
-6628.4375,15090.645833333334,97.91
-8589.854166666666,13545.204166666666,94.23
1095.7708333333333,31856.908333333333,88.93
931.2291666666666,25722.0375,83.93
-52.16666666666666,21220.291666666668,87.8
-785.9583333333334,21215.75,99.36
-283.7291666666667,18637.95,105.6
-4788.645833333333,8496.016666666666,114.99
-11258.666666666666,3824.425,118.0
-15220.895833333334,211.6875,110.74
-13849.8125,0.0,103.96
-13556.0625,0.0,94.58
-13358.229166666666,0.0,86.8
-13146.73640167364,0.0,78.09
-12822.229166666666,0.0,73.14
-12382.5,0.0,70.87
-12035.125,0.0,67.94
-12671.125,204.86666666666667,71.58
-10936.6875,2648.195833333333,82.54
-5572.3125,9511.529166666667,96.59
-5816.520833333333,15272.2625,97.06
-6308.791666666667,16472.8625,87.29
-19804.104166666668,4019.7125,76.8
-15144.07949790795,8322.928870292886,70.34
-18399.979166666668,6435.104166666667,60.07
-17823.5,7430.583333333333,59.91
-20716.979166666668,5866.391666666666,58.51
-18879.604166666668,6143.004166666667,62.74
-18007.916666666668,7621.283333333334,68.43
-13854.3125,6596.2125,75.49
-14326.666666666666,4355.616666666667,91.46
-13727.604166666666,2229.5291666666667,99.94
-15914.333333333334,376.4125,103.47
-14048.104166666666,0.0,103.97
-15005.416666666666,0.0,101.91
-12270.541666666666,0.0,91.28
-10716.604166666666,0.0,82.34
-10853.1875,0.0,75.06
-10248.5,0.0,75.07
-10707.604166666666,0.0,75.1
-9915.708333333334,0.0,75.07
-10488.270833333334,0.0,79.73
-8314.5625,1971.5916666666667,96.46
-11605.520833333334,3062.1,104.78
-8739.770833333334,9081.708333333334,108.31
-4072.2083333333335,17176.345833333333,104.93
2145.7291666666665,29256.766666666663,100.23
6667.291666666667,43545.42083333333,99.59
13166.770833333334,46400.5125,97.65
22455.854166666668,44490.275,97.36
27496.89583333333,47456.73333333333,96.98
22388.14583333333,42831.50833333333,96.87
19172.979166666668,36924.004166666666,96.37
10623.8125,27559.85,100.29
581.0833333333334,14391.175,113.57
55.02092050209205,11376.598326359832,133.48
-610.4583333333334,3626.625,130.13
-2909.6875,261.05833333333334,120.61
-7124.229166666667,0.0,114.91
-7485.708333333333,0.0,103.65
-10796.833333333334,0.0,89.34
-11180.3125,0.0,83.08
-10740.270833333334,0.0,80.38
-10816.1875,0.0,79.62
-10789.458333333334,0.0,79.49
-10419.5625,0.0,82.46
-11071.520833333334,955.3708333333332,105.92
-8683.083333333334,4426.104166666667,120.46
-12747.4375,5139.670833333334,121.69
-118.9375,22701.15,117.93
-7589.666666666667,13366.979166666666,110.01
-12932.531380753138,8831.991631799163,108.36
-16564.208333333332,5447.3875,105.07
-12566.94560669456,9046.903765690377,102.8
-10898.229166666666,9618.075,106.99
-9713.333333333334,9838.891666666666,115.69
-7531.791666666667,11695.466666666667,117.6
-7156.541666666667,10717.354166666666,123.29
-13592.125,3653.045833333333,137.99
-12665.770833333334,3435.866666666667,150.0
-14640.770833333334,671.9833333333333,147.0
-15772.583333333334,48.770833333333336,124.1
-14957.8125,0.0,111.04
-15457.9375,0.0,96.7
-15583.729166666666,0.0,87.97
-16042.719665271969,0.0,78.07
-16407.125,0.0,76.84
-15853.9375,0.0,75.15
-15552.6875,0.0,75.24
-11562.833333333334,0.0,77.81
-10741.583333333334,258.05,92.88
-9977.875,3131.233333333333,104.49
-10061.333333333334,6739.6,107.97
-4195.6875,15234.929166666669,104.62
2390.75,31282.729166666668,105.46
7103.145833333333,36126.24583333333,102.38
2878.875,22873.179166666665,95.0
7303.166666666667,32235.095833333333,91.92
7238.020833333333,32489.733333333334,87.0
14903.625,41111.60416666666,83.21
3271.3541666666665,17792.341666666667,82.5
77.89583333333333,9772.679166666669,88.15
-4409.3125,6247.025,94.47
-4382.791666666667,2125.858333333333,97.68
-5665.791666666667,2499.2,98.25
-8192.125,281.1,98.43
-9749.791666666666,0.0,96.69
-11091.8125,0.0,91.98
-11143.5625,0.0,84.73
-11154.330543933054,0.0,80.86
-10320.520833333334,0.0,75.75
-10548.770833333334,0.0,74.04
-10771.833333333334,0.0,72.87
-10356.1875,55.0125,72.45
-7884.0625,3116.65,74.02
-2739.6666666666665,8154.733333333334,80.02
143.0,18435.079166666663,80.41
2253.625,28696.0875,79.22
8927.645833333334,35473.27916666667,74.73
23656.6875,41159.325,68.5
31703.541666666668,44833.05,70.03
22564.479166666668,36216.254166666666,65.81
9113.020833333334,22621.879166666666,68.83
25935.27083333333,38582.4375,70.4
12381.3125,25557.129166666666,73.0
14248.041666666666,27633.229166666668,81.31
3190.5,16271.0125,93.16
-113.85416666666669,8283.454166666666,97.91
-392.1458333333333,1735.6208333333334,99.19
-1221.0208333333333,0.0,100.05
-7687.0625,0.0,98.5
-8117.791666666667,0.0,95.0
-9487.895833333334,0.0,87.4
-11430.962343096237,0.0,79.09
-10684.145833333334,0.0,75.14
-11882.6875,0.0,70.13
-10780.416666666666,0.0,68.72
-11603.520833333334,0.0,68.69
-9209.625,1885.2041666666669,68.63
-7293.625,4943.0875,70.02
660.7291666666666,20063.82083333333,71.56
4334.666666666667,28855.75,72.0
3958.7916666666665,28313.941666666666,71.28
4787.75,23344.38333333333,73.45
25625.0,39632.99166666667,73.0
7567.604166666667,20262.975,68.09
15802.75,28614.929166666665,64.0
5467.020833333333,19539.408333333333,65.22
13690.875,25482.5625,67.98
14950.0625,27450.925,73.75
7327.520833333333,20108.416666666668,80.85
275.7291666666667,10766.520833333334,94.25
-290.8125,3261.2166666666667,99.76
-672.6041666666666,163.7875,103.1
-5219.291666666667,0.0,103.63
-7514.0,0.0,96.02
-8544.104166666666,0.0,83.4
-9454.393305439333,0.0,76.04
-10836.75,0.0,74.0
-10559.5,0.0,72.92
-10737.583333333334,0.0,73.06
-10625.958333333334,68.7,76.12
-7782.604166666667,3699.891666666667,94.83
-6074.583333333333,7710.854166666667,105.62
-627.6666666666666,17570.8875,106.01
-47.458333333333336,23575.454166666663,101.8
493.7291666666667,26570.691666666666,95.94
546.0208333333334,29484.725,94.99
1599.75,32384.095833333333,91.16
6628.708333333333,41004.3375,87.0
5047.5625,29636.525,86.47
4914.229166666667,35113.32916666667,88.89
359.75,23844.6,91.7
1774.0,23048.7375,99.93
-510.6458333333333,14437.775,108.45
-1273.2916666666667,5921.5375,120.49
-5675.333333333333,1965.2916666666667,112.41
-10644.479166666666,257.5125,103.9
-14077.5625,0.0,102.26
-12821.166666666666,0.0,95.44
-13859.208333333334,0.0,88.61
-12893.138075313807,0.0,83.4
-12281.166666666666,0.0,81.02
-13226.0625,0.0,76.96
-12832.791666666666,0.0,76.95
-14541.5625,0.0,84.47
-12913.354166666666,99.63333333333334,98.01
-14960.145833333334,2163.9333333333334,104.03
-19993.291666666668,2106.625,109.88
-25864.45833333333,627.4916666666667,106.0
-24173.0,3377.45,102.51
-23712.6875,3328.3,104.31
-20345.791666666668,6337.266666666666,99.39
-14309.604166666666,12921.95,97.96
-19133.625,7785.354166666667,95.28
-19763.0625,7025.041666666667,92.17
-15106.020833333334,9725.733333333334,91.92
-11596.0625,8705.4125,98.79
-5580.083333333333,10583.7125,103.76
-6200.208333333333,6295.291666666667,105.0
-10672.041666666666,2746.491666666667,100.29
-11318.229166666666,100.5125,98.52
-13081.833333333334,0.0,95.03
-10746.604166666666,0.0,86.1
-11151.833333333334,0.0,78.0
-12198.020833333334,0.0,75.2
-11714.854166666666,0.0,72.86
-11229.666666666666,0.0,72.67
-11057.270833333334,0.0,74.38
-11261.4375,107.51666666666668,78.85
-8873.395833333334,2053.079166666667,95.34
-8373.458333333334,4856.258333333333,104.98
-13197.394957983191,6270.504201680672,111.11
-15610.287610619467,7034.654867256637,110.07
-18163.597285067877,5163.303167420814,103.32
-17558.811659192826,5340.8878923766815,101.15
-10880.065789473683,9826.732456140351,95.41
-3620.372807017544,19806.95175438597,88.55
-7666.4473684210525,14392.767543859649,79.05
-3210.08547008547,22863.46581196581,74.44
-3845.3813559322034,18249.330508474577,71.18
-7282.25,9255.1,81.87
-16193.872340425532,2995.655319148936,91.83
-13688.395833333334,2073.65,93.46
-15554.145833333334,656.8083333333333,94.33
-15360.979166666666,0.0,88.11
-14093.041666666666,0.0,85.5
-11211.729166666666,0.0,75.68
-11707.895833333334,0.0,77.95
-11379.791666666666,0.0,76.83
-10553.104166666666,0.0,75.81
-11665.0,0.0,75.72
-10667.625,0.0,78.0
-11405.145833333334,0.0,81.44
-11582.354166666666,164.75416666666666,97.74
-12300.895833333334,2141.208333333333,105.0
-16469.354166666668,4674.0625,105.0
-16335.4375,6257.408333333334,103.17
-14669.791666666666,7687.775,101.23
-6836.416666666667,17025.570833333335,100.83
-4093.6041666666665,18620.908333333333,94.79
1754.9166666666667,30126.0125,90.86
2324.1041666666665,33265.479166666664,85.0
-2927.333333333333,18998.93333333333,79.98
2246.583333333333,28993.0,78.12
4260.4375,31397.879166666666,90.61
-39.47916666666666,10470.983333333334,94.64
-3640.7291666666665,4744.395833333333,96.7
-8096.041666666667,4196.55,96.3
-15549.729166666666,112.4,91.91
-17340.3125,0.0,90.86
-14123.729166666666,0.0,85.17
-13558.229166666666,0.0,79.14
-12463.284518828452,0.0,74.91
-13341.1875,0.0,73.13
-11832.5625,0.0,71.81
-14757.583333333334,0.0,72.62
-12016.333333333334,3.3875,76.73
-11479.479166666666,1994.9541666666669,93.88
-7901.270833333333,7558.470833333334,101.87
-4626.770833333333,14629.733333333334,101.59
-369.6652719665272,23481.297071129706,97.91
2077.145833333333,27335.816666666666,93.37
1516.75,29255.6625,90.42
6124.625,34462.65416666667,89.06
532.6666666666666,20750.858333333334,78.01
5080.604166666667,38187.0,74.15
3090.0625,28906.908333333333,70.28
-82.1875,22350.5875,71.26
2663.833333333333,25224.5625,77.91
1203.3333333333333,19624.725,90.0
-3893.5208333333335,6700.425,96.93
-7071.6875,3541.0125,96.93
-12358.354166666666,177.47083333333333,94.9
-13997.979166666666,0.0,91.17
-13505.9375,0.0,81.17
-13114.333333333334,0.0,72.87
-13281.9375,0.0,70.01
-13097.458333333334,0.0,66.02
-12826.104166666666,0.0,60.38
-13699.291666666666,0.0,57.48
-12997.729166666666,0.0,56.86
-11193.770833333334,1917.6375,62.27
-7895.458333333333,5947.195833333333,70.08
-2771.0416666666665,12270.095833333333,75.56
-3954.1458333333335,9503.841666666667,73.84
-1037.5,13360.529166666667,70.1
-829.875,13701.4,66.72
1085.0625,21241.041666666668,55.65
127.77083333333331,15682.9,48.23
1432.6458333333333,24331.291666666668,30.08
62.645833333333336,13768.216666666667,16.92
4055.3333333333335,29475.1,29.01
469.0833333333333,16011.908333333333,51.07
-109.625,9535.595833333333,68.03
-461.4791666666667,4690.733333333334,77.56
-2744.375,2624.0291666666667,81.06
-13008.229166666666,174.20833333333334,78.11
-13861.145833333334,0.0,75.62
-13493.083333333334,0.0,67.03
-13251.416666666666,0.0,62.3
-12772.645833333334,0.0,55.75
-13109.104166666666,0.0,50.86
-13228.166666666666,0.0,50.17
-13970.833333333334,0.0,45.49
-13558.270833333334,1.6541666666666666,46.33
-11130.0,2161.4875,50.83
-6068.708333333333,7701.8625,55.49
-490.0625,17345.3,54.82
1870.9791666666667,27992.858333333334,46.57
6685.25,36308.1875,35.33
18314.27083333333,41454.85,25.78
27572.979166666668,44358.004166666666,19.56
30877.83333333333,45659.20416666667,0.1
27605.77083333333,44272.77916666667,-1.04
24172.77083333333,40998.754166666666,-5.0
21801.8125,35885.82916666667,0.01
12105.270833333334,28041.016666666663,22.5
3830.4166666666665,18750.304166666665,58.02
-492.2083333333333,9914.529166666667,74.62
-723.875,3036.016666666667,79.92
-1288.9791666666667,135.2375,85.03
-8340.479166666666,0.0,94.19
-11498.958333333334,0.0,91.13
-13110.958333333334,0.0,73.1
-13980.729166666666,0.0,67.2
-13591.6875,0.0,64.4
-12779.791666666666,0.0,64.83
-12240.729166666666,0.0,65.72
-12348.354166666666,0.0,73.48
-10905.833333333334,1998.725,95.3
-8384.811715481172,7424.150627615063,100.0
-2253.4309623430963,16709.585774058578,105.05
287.0208333333333,27589.4125,98.99
1394.8125,36350.05,95.0
4525.666666666667,41447.9375,93.1
9241.270833333334,32521.45833333333,89.36
11719.769874476988,39316.20920502092,83.48
14385.666666666666,41008.05833333333,78.4
13968.5,41209.2,77.95
12968.645833333334,35907.2375,85.11
9199.479166666666,27847.475,93.7
2655.770833333333,18467.804166666665,100.0
84.9375,9524.183333333332,110.0
-1237.9791666666667,2638.3125,115.2
-3752.3125,71.9125,110.02
-10208.625,0.0,103.86
-12307.583333333334,0.0,97.78
-13344.291666666666,0.0,85.7
-13758.166666666666,0.0,81.31
-13106.395833333334,0.0,79.7
-13132.583333333334,0.0,77.38
-13170.520833333334,0.0,77.93
-13129.145833333334,0.0,80.9
-11754.937238493723,2184.63179916318,99.03
-8408.4375,7397.3,114.85
-2119.8125,16062.466666666667,111.36
288.6041666666667,26704.025,102.11
2308.333333333333,35065.854166666664,93.01
6402.229166666667,38853.96666666667,88.92
14959.708333333334,45215.35833333333,85.0
15706.375,46034.22083333333,78.3
18924.45833333333,44437.59166666667,75.87
14935.983263598326,40701.07112970711,78.45
11735.666666666666,36195.316666666666,80.3
7887.5,28495.641666666663,86.52
1424.3933054393306,18856.73640167364,98.34
-76.25,9820.775,106.0
-983.25,2976.525,112.7
-4521.333333333333,99.42916666666666,109.97
-9735.833333333334,0.0,106.0
-13017.041666666666,0.0,91.0
-13224.166666666666,0.0,82.01
-13674.166666666666,0.0,78.18
-13130.791666666666,0.0,76.15
-13502.4375,0.0,76.5
-13188.958333333334,0.0,76.3
-12959.145833333334,0.0,80.0
-12611.020833333334,1992.1208333333332,93.26
-9213.541666666666,7479.941666666667,106.56
-5116.916666666667,16394.395833333332,108.45
-246.4375,27835.75833333333,95.91
1479.3958333333333,36648.74166666667,87.07
4469.729166666667,42318.60833333333,79.98
15245.3125,45273.50833333333,79.61
11912.5625,43265.05416666667,76.44
13393.604166666666,44402.8375,75.93
10738.375,40414.0625,77.04
9484.5625,34868.854166666664,82.63
4316.041666666667,26919.691666666666,90.73
378.6875,17943.325,101.78
-827.4791666666666,8733.5875,113.59
-2752.7405857740587,2591.811715481172,111.44
-9577.645833333334,84.02916666666667,110.0
-13719.395833333334,0.0,104.59
-13512.666666666666,0.0,95.5
-13412.395833333334,0.0,83.01
-14975.979166666666,0.0,77.36
-13912.458333333334,0.0,75.99
-12597.833333333334,0.0,75.01
-13238.729166666666,0.0,74.12
-13944.979166666666,0.0,78.1
-11811.4375,1945.825,95.06
-8959.729166666666,7058.9375,103.77
-4611.270833333333,15847.1875,105.25
177.16101694915255,26625.46186440678,96.92
1477.6875,35226.129166666666,88.08
4541.625,40734.59166666667,85.37
13826.770833333334,43933.05416666667,81.32
13740.4375,44652.98333333333,78.59
14033.0625,42718.51666666667,75.64
12158.104166666666,38832.55,74.0
8041.75,33673.5875,79.92
3544.833333333333,25674.75833333333,87.98
360.8541666666667,16691.604166666668,95.96
95.83333333333331,9278.279166666667,102.0
-1229.5833333333333,3060.5,105.0
-4763.479166666667,105.41666666666669,102.03
-11689.145833333334,0.0,97.06
-13460.8125,0.0,83.94
-13219.0,0.0,86.03
-13026.5625,0.0,80.1
-12964.083333333334,0.0,76.49
-12688.208333333334,0.0,75.1
-12837.770833333334,0.0,76.67
-12763.145833333334,0.0,83.03
-11703.625,1738.3833333333334,94.42
-8681.166666666666,6868.683333333333,105.63
-5195.125,15663.570833333331,106.91
186.8125,26586.825,98.06
197.39583333333331,35142.05416666667,93.01
2395.0625,40773.43333333333,89.95
15101.604166666666,43922.78333333333,88.09
20978.5625,43805.78333333333,79.19
19634.666666666668,42260.85416666666,74.51
15906.791666666666,38902.47083333333,75.01
11324.8125,33404.10833333333,75.8
5432.166666666667,25606.016666666663,85.45
-21.70833333333333,13994.308333333332,93.55
-651.1666666666666,8854.620833333332,103.42
-4274.875,2532.3708333333334,106.01
-10336.0,29.245833333333334,99.72
-12328.3125,0.0,95.15
-14126.458333333334,0.0,89.92
-13659.833333333334,0.0,85.0
-13907.907949790795,0.0,80.42
-14299.104166666666,0.0,76.3
-14031.041666666666,0.0,71.28
-13957.583333333334,0.0,70.33
-14425.1875,0.0,69.87
-13724.645833333334,543.2791666666667,71.3
-9794.416666666666,5019.391666666666,75.86
-12305.020833333334,2077.954166666667,78.3
-8921.25,5407.8125,78.81
-2099.125,19113.025,75.53
5240.5625,35783.9375,72.03
9794.270833333334,42448.60416666666,70.3
9738.666666666666,29540.7125,64.04
18484.39583333333,35268.145833333336,63.1
7298.0,22912.116666666665,65.01
4914.479166666667,21467.3375,68.91
1490.5416666666667,15223.591666666667,77.72
-30.354166666666668,14315.125,85.07
-718.375,6110.508333333333,90.21
-1220.2291666666667,3585.116666666667,90.04
-6524.875,66.0125,87.0
-10604.291666666666,0.0,79.5
-13947.4375,0.0,72.4
-13553.333333333334,0.0,59.06
-14085.5,0.0,54.24
-14061.875,0.0,53.51
-13962.875,0.0,49.06
-14444.5,0.0,49.09
-13929.125,0.0,49.1
-13347.041666666666,1276.65,49.08
-11235.0625,3198.4333333333334,49.15
-3244.395833333333,11991.170833333334,53.58
2471.0,29280.670833333334,52.41
6198.229166666667,34625.22083333333,49.23
6306.854166666667,31987.7625,50.3
11964.625,31557.608333333334,49.9
24391.64583333333,40955.09583333333,48.56
23095.08333333333,39378.45416666667,46.74
21033.25,37425.53333333333,47.85
7924.0,21760.9375,49.65
926.6875,10816.479166666666,67.17
-313.8125,9179.966666666667,80.4
-326.4583333333333,7391.541666666667,87.77
-5042.1875,1232.3333333333333,91.46
-10137.854166666666,1.8125,91.85
-12643.979166666666,0.0,91.86
-13476.6875,0.0,85.93
-13060.208333333334,0.0,75.4
-13418.666666666666,0.0,72.6
-13562.666666666666,0.0,69.94
-13762.583333333334,0.0,69.07
-13649.4375,0.0,72.44
-13730.666666666666,0.0,76.44
-12831.604166666666,795.025,90.54
-12316.5625,4408.233333333334,99.96
-12913.166666666666,7551.933333333333,102.0
-865.0833333333334,27219.716666666667,99.06
2449.0625,33586.0625,91.68
3794.875,36746.71666666667,89.98
7220.543933054393,41903.22175732218,86.83
12167.0,43517.94583333333,82.4
-1000.2708333333334,13427.475,81.99
2713.458333333333,37628.95,83.43
-341.0833333333333,23151.00833333333,83.41
947.625,24611.25833333333,91.73
-2570.145833333333,2989.025,103.41
-8395.916666666666,4609.070833333333,109.0
-14235.1875,3563.0416666666665,109.0
-18404.375,11.208333333333334,104.82
-17684.520833333332,0.0,95.0
-14872.583333333334,0.0,83.94
-14717.3125,0.0,80.08
-14473.07531380753,0.0,75.3
-14327.625,0.0,72.55
-14368.041666666666,0.0,72.17
-15099.645833333334,0.0,71.02
-13971.270833333334,0.0,76.02
-12522.479166666666,1522.6708333333331,91.15
-7473.104166666667,9066.304166666669,99.92
-6028.535564853557,12936.715481171548,100.98
-1884.3125,21402.516666666663,89.27
1698.125,34709.691666666666,84.08
2908.2916666666665,36241.775,83.67
31.736401673640167,21588.2050209205,83.0
41.770833333333336,27196.975,79.43
3346.333333333333,34708.96666666667,78.0
760.5625,24930.45833333333,79.8
777.8125,20953.5875,82.86
-862.1458333333334,13111.8375,92.75
-2152.6666666666665,11022.445833333331,101.44
-8330.520833333334,4791.183333333333,111.94
-16788.333333333332,1232.2208333333333,107.79
-17655.020833333332,11.3875,104.74
-17431.041666666668,0.0,93.99
-17512.875,0.0,81.42
-16729.916666666668,0.0,82.59
-14201.854166666666,0.0,75.41
-15019.645833333334,0.0,71.1
-15323.916666666666,0.0,74.04
-14822.9375,0.0,74.41
-14472.604166666666,0.0,76.81
-12978.25,1698.5541666666666,94.92
-11933.895833333334,4037.5625,109.29
-16485.0,6505.221757322176,111.86
-15083.729166666666,10094.291666666666,94.95
-8569.416666666666,17546.458333333332,85.08
-8874.89539748954,18398.200836820084,80.01
2349.9166666666665,39311.0625,71.03
4615.458333333333,42596.97083333333,60.79
1678.6458333333333,30367.7,58.62
-4410.291666666667,6816.754166666667,56.36
-962.0625,26017.4125,54.6
-1551.9583333333333,19245.979166666668,64.14
-7261.416666666667,8765.191666666668,81.29
-11796.666666666666,5856.841666666666,91.13
-15971.916666666666,889.15,94.93
-17635.645833333332,7.741666666666666,88.26
-17727.458333333332,0.0,83.02
-18097.791666666668,0.0,71.49
-16918.368644067796,0.0,55.58
-16313.933054393305,0.0,50.1
-13415.708333333334,0.0,45.98
-13274.395833333334,0.0,43.43
-13448.5625,0.0,44.71
-13528.5625,0.0,50.85
-13510.458333333334,412.51666666666665,59.67
-12941.729166666666,3605.675,69.23
-14206.833333333334,9424.85,65.94
-3638.033472803347,22108.60251046025,48.59
3297.1041666666665,40152.04583333333,9.83
4978.645833333333,37436.316666666666,0.07
7395.854166666667,36253.30416666667,0.0
10463.333333333334,39331.19583333333,-4.95
11422.645833333334,42054.36666666667,-8.86
8418.604166666666,34551.3375,-1.09
11037.6875,35175.4,0.09
7606.520833333333,27825.158333333333,44.69
1032.1041666666667,17757.095833333333,74.98
-591.125,8700.475,91.35
-1577.8125,2255.1666666666665,94.26
-5308.875,4.208333333333333,95.98
-8618.604166666666,0.0,92.95
-11453.895833333334,0.0,82.95
-11516.854166666666,0.0,62.13
-12288.0625,0.0,52.94
-11503.979166666666,0.0,50.07
-11615.041666666666,0.0,46.86
-11954.854166666666,0.0,46.21
-10962.479166666666,0.0,56.89
-10196.041666666666,1608.9916666666666,72.1
-9448.229166666666,5952.908333333334,78.73
-3254.583333333333,15044.291666666666,80.14
-253.95833333333331,26429.595833333333,63.11
2217.6666666666665,35801.4,56.18
6284.1875,41250.816666666666,50.31
13993.208333333334,43591.65833333333,48.7
19753.729166666668,41573.575,43.48
21323.9375,42845.57083333333,40.27
17331.645833333332,39336.40416666667,43.5
5603.541666666667,22708.57083333333,46.86
4168.138075313807,22700.64853556485,63.81
860.625,15088.7125,75.26
-542.1666666666666,5229.754166666667,106.0
-1138.75,2302.670833333333,116.17
-6918.479166666667,0.0,101.0
-9929.875,0.0,85.0
-13311.25,0.0,69.62
-13615.479166666666,0.0,59.0
-13129.125,0.0,53.63
-12309.0625,0.0,41.76
-13254.520833333334,0.0,38.95
-12205.958333333334,0.0,35.92
-12174.083333333334,0.0,33.37
-12277.354166666666,1154.6708333333331,40.43
-6867.25,5899.858333333334,40.57
-1019.5,14975.9625,36.21
984.1041666666666,26297.3125,14.76
5180.0625,31935.604166666668,0.01
11147.354166666666,34615.67916666667,-0.07
22668.70833333333,40146.3,-9.94
22903.83333333333,37791.77916666667,-20.03
19697.83333333333,33775.120833333334,-20.06
21865.25,36294.80833333333,-18.96
14618.854166666666,29575.366666666665,-1.38
2424.958333333333,16168.908333333333,9.44
690.375,12125.766666666666,50.61
-155.6875,6404.125,65.53
-1192.6458333333333,1409.7791666666667,69.93
-4077.3333333333335,0.0,70.91
-8525.895833333334,0.0,65.56
-11167.5625,0.0,59.6
-12659.333333333334,0.0,52.82
-13092.083333333334,0.0,49.33
-12494.083333333334,0.0,49.42
-12686.125,0.0,49.79
-12663.854166666666,0.0,50.0
-12006.333333333334,0.0,52.35
-11837.895833333334,584.1541666666667,50.02
-11553.166666666666,1458.9166666666667,56.89
-6877.6875,5553.733333333334,57.79
-770.3125,14720.704166666666,57.76
136.89583333333334,17587.145833333332,59.16
165.41666666666666,19490.304166666665,59.25
3228.75,27016.720833333333,60.1
11824.6875,37097.1625,56.03
7217.395833333333,20507.033333333333,50.06
4055.0416666666665,18347.45833333333,48.94
4440.75,20825.45833333333,50.87
11623.166666666666,27282.795833333334,60.59
3391.2291666666665,17181.295833333334,68.52
-104.72916666666669,6178.820833333333,75.92
-451.0625,1436.925,80.0
-2338.7291666666665,0.0,76.01
-7934.020833333333,0.0,72.93
-10558.5625,0.0,60.3
-12305.5625,0.0,61.56
-12037.479166666666,0.0,56.05
-11620.770833333334,0.0,54.71
-11573.541666666666,0.0,51.24
-11115.645833333334,0.0,51.26
-11809.020833333334,0.0,59.24
-11654.75,108.62916666666666,82.18
-11222.895833333334,2669.25,89.92
-4460.229166666667,11540.9875,97.47
-3605.1875,12822.745833333332,87.74
749.2083333333334,26745.916666666668,82.8
267.1757322175732,21182.242677824263,79.95
4425.458333333333,31270.5375,76.83
5040.25,24602.720833333333,70.08
14815.854166666666,43335.675,64.2
19795.27083333333,42695.825,68.67
11708.541666666666,23179.554166666665,69.97
4347.4375,15447.354166666666,82.35
1057.1666666666667,8774.304166666667,95.6
-78.10416666666667,4322.004166666667,108.41
-357.2916666666667,1338.7791666666667,116.7
-3307.9166666666665,0.0,117.52
-7152.625,0.0,104.97
-9916.583333333334,0.0,92.91
-10275.208333333334,0.0,85.42
-10785.520833333334,0.0,78.59
-10255.354166666666,0.0,77.79
-10162.645833333334,0.0,75.03
-10162.916666666666,0.0,75.01
-9788.020833333334,0.0,78.78
-10946.666666666666,812.4916666666667,100.82
-6776.9375,5571.516666666666,130.0
-4801.5625,8517.795833333334,118.52
-13099.208333333334,3912.6541666666662,104.06
-13829.645833333334,3302.366666666667,96.23
-14023.416666666666,6412.979166666667,95.21
3723.6666666666665,33909.520833333336,94.79
8475.75,41529.19583333333,88.96
2443.8541666666665,29758.754166666666,85.48
3409.1875,23302.866666666665,85.42
-529.5833333333334,8007.633333333333,87.93
2143.458333333333,18977.716666666667,99.79
-6.291666666666667,8935.0375,115.42
-165.25210084033614,4548.546218487395,119.52
-2290.0416666666665,963.4583333333334,117.76
-7197.125,0.0,110.0
-10160.333333333334,0.0,104.9
-10017.791666666666,0.0,90.82
-10113.625,0.0,86.1
-9964.895833333334,0.0,80.23
-9658.770833333334,0.0,77.02
-10120.666666666666,0.0,76.65
-9762.708333333334,0.0,77.8
-9949.625,0.0,83.48
-10231.5625,586.7625,96.25
-8239.895833333334,5493.0625,108.23
-2955.6875,14541.45,123.04
-3843.375,15010.758333333331,114.68
304.2916666666667,24048.4,110.77
1350.5416666666667,28767.62083333333,101.98
6140.1875,36281.566666666666,98.44
6220.395833333333,30202.516666666663,95.91
6867.770833333333,30371.170833333334,90.83
7205.729166666667,26763.391666666663,90.02
4758.4375,20770.970833333333,88.91
1338.2291666666667,12968.3125,95.97
119.22916666666669,8165.8375,107.46
25.5625,5131.125,128.94
-291.4791666666667,846.6875,124.0
-1956.3958333333333,0.0,110.1
-4966.791666666667,0.0,99.22
-6328.916666666667,0.0,90.03
-9247.270833333334,0.0,85.53
-9619.267782426778,0.0,80.99
-10071.395833333334,0.0,78.15
-9595.4375,0.0,78.15
-9303.375,0.0,78.76
-9236.375,0.0,82.95
-9426.270833333334,543.5875,98.04
-4374.583333333333,7454.283333333334,125.1
-997.8333333333334,14677.0125,126.2
283.9583333333333,19907.679166666665,115.29
3205.333333333333,27701.341666666667,108.14
5776.020833333333,31607.55833333333,101.0
13396.4375,35628.5375,99.0
12839.541666666666,32750.5,88.79
20990.416666666668,39169.09166666667,82.99
16657.145833333332,32195.33333333333,81.48
5512.479166666667,18846.49583333333,85.11
9148.604166666666,22178.35,91.66
65.16666666666667,8199.170833333334,107.48
-15.291666666666666,3769.1375,110.95
-107.9375,307.2625,111.74
-3812.7291666666665,0.0,97.13
-5553.8125,0.0,83.0
-6999.8125,0.0,70.6
-10034.333333333334,0.0,65.03
-9598.979166666666,0.0,63.5
-9736.645833333334,0.0,62.97
-9297.0625,0.0,64.07
-9356.666666666666,0.0,64.23
-9731.854166666666,0.0,66.45
-10726.1875,28.5875,81.43
-8882.9375,2654.225,90.0
-7781.208333333333,5487.35,94.98
-5265.25,10401.133333333331,86.13
2434.7291666666665,24816.2125,77.52
779.8333333333334,18844.525,69.08
5717.916666666667,31799.07083333333,64.74
9137.229166666666,35120.2625,59.15
9055.1875,27448.275,54.64
3785.0833333333335,19058.666666666668,55.28
13362.145833333334,33629.3375,58.93
1899.0208333333333,14295.945833333331,65.21
1231.2291666666667,14184.65,77.96
38.29166666666666,5677.4,85.0
-212.5625,699.6791666666667,84.27
-4499.291666666667,0.0,80.98
-4792.395833333333,0.0,79.24
-9286.083333333334,0.0,67.55
-9368.979166666666,0.0,64.53
-8861.0,0.0,59.03
-9051.4375,0.0,57.78
-9056.8125,0.0,57.01
-8892.666666666666,0.0,58.07
-8975.4375,0.0,60.76
-8821.208333333334,495.7375,60.84
-4234.6875,5109.404166666666,62.83
-2156.208333333333,8956.295833333334,64.14
1318.1666666666667,19275.179166666665,59.9
634.8958333333334,19933.795833333334,56.14
1421.7083333333333,21805.93333333333,53.7
170.02083333333334,14106.395833333334,53.53
91.52083333333331,9335.395833333334,51.56
51.25,7501.858333333334,53.54
37.875,6564.629166666667,53.52
119.5,11173.391666666666,57.01
420.9791666666667,13329.104166666666,69.08
763.2291666666666,12973.520833333334,77.0
801.5208333333334,10364.45,80.08
-965.4166666666666,937.6166666666668,75.1
-3210.1875,0.0,69.0
-5670.145833333333,0.0,64.19
-8575.5,0.0,58.02
-9154.0625,0.0,16.02
-9268.583333333334,0.0,1.27
-9191.145833333334,0.0,0.67
-8718.458333333334,0.0,0.59
-8608.6875,0.0,0.07
-8966.666666666666,0.0,0.04
-8076.229166666667,703.6958333333333,0.04
-5093.0,5101.270833333333,-0.29
-3903.5,8885.7,-0.17
1389.7291666666667,19239.02083333333,-4.37
584.2708333333334,16244.208333333334,-9.96
2745.0416666666665,26646.725,-14.0
3815.4375,19301.170833333334,-20.08
10600.895833333334,25341.18333333333,-43.3
26126.479166666668,43030.60833333333,-63.03
17436.333333333332,29385.854166666668,-52.43
18617.875,29819.65,-28.59
5072.729166666667,14137.925,-4.34
4708.333333333333,15375.745833333332,40.74
244.91666666666663,8094.595833333334,62.0
-162.08333333333334,538.4416666666667,68.05
-176.54166666666666,0.0,65.9
-940.1875,0.0,63.73
-4894.916666666667,0.0,56.58
-5401.270833333333,0.0,44.04
-6905.125,0.0,39.2
-8327.083333333334,0.0,38.27
-8200.958333333334,0.0,31.92
-8047.916666666667,0.0,37.5
-8332.8125,0.0,50.88
-8184.895833333333,331.9916666666667,72.23
-6915.104166666667,3754.2791666666662,82.39
-2971.5,11906.841666666667,86.9
738.3891213389121,24726.55648535565,79.13
3965.4375,32738.854166666668,65.49
11655.1875,36554.895833333336,58.02
9129.479166666666,28081.0875,59.32
12761.541666666666,32257.65,54.24
6915.645833333333,23815.4375,50.85
12245.6875,30545.1625,54.97
9383.520833333334,23927.575,56.95
293.0833333333333,12320.3,74.96
103.375,10201.2125,91.37
160.89583333333334,8822.825,102.91
-134.875,806.4208333333333,107.61
-2325.270833333333,0.0,103.0
-5637.3125,0.0,96.34
-9653.556485355648,0.0,83.65
-10670.041666666666,0.0,73.65
-10393.791666666666,0.0,70.96
-10572.5,0.0,67.29
-10428.3125,0.0,65.06
-10184.895833333334,0.0,67.24
-10455.208333333334,0.0,70.51
-10395.0,463.31666666666666,85.96
-9442.166666666666,3702.1666666666665,105.23
-5069.25,10969.641666666666,115.0
1153.7708333333333,25559.641666666663,106.35
5417.520833333333,30564.7625,97.28
10315.125,34964.291666666664,88.12
9038.104166666666,28490.670833333334,84.6
7169.5,27010.94583333333,79.91
6699.832635983264,26007.280334728035,74.07
12780.979166666666,33826.558333333334,75.49
7564.25,24383.575,80.35
6154.1875,22402.5625,89.51
104.02083333333331,12955.05,104.54
-2981.6875,4994.825,116.29
-3917.6041666666665,943.6333333333332,137.17
-4367.083333333333,0.0,120.0
-6137.6875,0.0,111.6
-8321.270833333334,0.0,92.25
-8898.5,0.0,91.07
-9142.866108786611,0.0,85.1
-8604.333333333334,0.0,83.93
-8890.75,0.0,82.1
-8913.958333333334,0.0,82.32
-8554.916666666666,0.0,88.51
-8076.5,677.6125,107.96
-5911.0,4460.141666666666,134.04
-5260.604166666667,9565.970833333333,121.61
2528.6666666666665,23844.0375,108.98
8070.0,32502.43333333333,92.97
12796.625,37913.10833333333,88.63
13421.270833333334,34899.11666666667,84.6
22185.666666666668,42026.16666666666,82.21
21763.416666666668,39603.23333333333,80.29
17978.520833333332,34940.65833333333,82.96
7071.208333333333,23457.216666666667,88.05
-299.4166666666667,13336.045833333334,104.47
-628.4583333333334,11766.0625,115.0
-2525.895833333333,6218.470833333334,128.46
-3625.5416666666665,1752.1125,140.02
-4024.4166666666665,0.0,125.01
-6061.1875,0.0,117.0
-7167.145833333333,0.0,103.0
-8454.916666666666,0.0,96.67
-9959.791666666666,0.0,91.7
-10178.833333333334,0.0,90.05
-9498.354166666666,0.0,87.0
-9769.875,0.0,84.64
-9590.520833333334,0.0,87.02
-8865.083333333334,958.9375,106.92
-7303.791666666667,4231.745833333333,120.0
-3840.0833333333335,12124.358333333334,120.77
-284.5208333333333,18479.316666666666,109.0
7060.916666666667,32480.779166666667,102.72
8898.89121338912,35670.73221757322,98.06
13666.041666666666,35630.6625,95.0
12811.291666666666,34420.441666666666,91.94
19603.95833333333,39739.7625,92.99
15224.3125,33542.32083333333,94.95
14755.083333333334,31918.125,100.91
6378.020833333333,22789.93333333333,111.4
89.66666666666667,14024.004166666668,126.79
-5618.958333333333,5264.608333333334,145.0
-7818.354166666667,593.0666666666667,144.0
-8127.75,0.0,133.37
-7588.666666666667,0.0,119.0
-8741.5625,0.0,107.12
-11456.9375,0.0,94.87
-11105.270833333334,0.0,85.37
-10807.270833333334,0.0,81.01
-11279.5,0.0,79.96
-11118.895833333334,0.0,81.3
-11038.125,0.0,85.26
-10952.645833333334,13.4125,113.0
-8531.1875,3944.5833333333335,124.0
-4605.75,10013.616666666669,121.93
4888.916666666667,21865.39583333333,109.66
11131.041666666666,31104.1125,99.98
13837.895833333334,34317.07916666667,88.02
18297.8125,39907.80416666667,83.75
23124.9375,39190.625,74.05
23466.666666666668,39016.3,72.04
11311.770833333334,26393.33333333333,71.86
14766.020833333334,32078.716666666667,72.58
8342.104166666666,22646.966666666667,86.13
-289.1041666666667,14034.483333333334,104.91
-3171.9375,5597.191666666667,117.48
-4115.479166666667,660.5458333333333,115.68
-4583.041666666667,0.0,115.77
-4576.791666666667,0.0,106.91
-6354.041666666667,0.0,92.19
-9079.958333333334,0.0,78.02
-9557.05020920502,0.0,75.66
-9241.104166666666,0.0,71.55
-9542.6875,0.0,69.45
-9236.75,0.0,69.06
-9145.875,0.0,69.2
-8689.354166666666,427.2625,69.7
-5407.666666666667,4049.295833333333,73.51
-793.2083333333334,11399.525,75.02
3602.3125,22524.33333333333,73.86
9818.895833333334,31881.3,63.26
15535.854166666666,37518.9625,58.08
26047.916666666668,40704.92916666667,50.44
29564.916666666668,42412.4,1.48
25960.875,40339.79166666666,0.0
21444.39583333333,36424.05,9.89
17111.416666666668,30559.27083333333,50.35
8447.5625,21868.579166666663,58.85
912.9583333333334,13342.375,76.96
-3737.1458333333335,5357.7125,86.94
-4528.416666666667,638.8708333333333,88.56
-4541.166666666667,0.0,87.9
-5377.6875,0.0,85.03
-6991.5,0.0,78.08
-8509.770833333334,0.0,73.7
-10150.92050209205,0.0,69.88
-10291.25,0.0,64.92
-9576.875,0.0,62.43
-9677.895833333334,0.0,59.72
-9860.645833333334,0.0,59.98
-9186.166666666666,378.1833333333333,59.01
-5266.1875,4701.479166666667,58.34
-1663.1666666666667,11105.629166666668,57.53
2538.583333333333,21811.404166666667,53.54
8349.5,31039.5125,53.67
13131.3125,34478.32916666667,53.05
18397.4375,36300.25833333333,52.95
27083.416666666668,40915.74166666667,30.06
24939.5,38739.9875,12.5
18809.541666666668,32356.55833333333,20.41
12341.8125,26007.616666666665,51.32
6941.479166666667,19646.379166666666,67.05
-3507.020833333333,5339.191666666667,82.5
-5047.5625,237.52083333333331,91.99
-4492.354166666667,646.2875,94.95
-6175.875,0.0,93.45
-7202.895833333333,0.0,86.77
-9213.729166666666,0.0,76.95
-9867.979166666666,0.0,68.19
-10368.520833333334,0.0,65.03
-9923.270833333334,0.0,62.08
-10088.916666666666,0.0,60.13
-9778.354166666666,0.0,60.82
-10200.479166666666,0.0,68.06
-9486.291666666666,95.2,90.25
-8957.166666666666,2225.0625,100.48
-6435.020833333333,8333.908333333333,96.73
-7856.479166666667,8529.825,80.0
-2698.708333333333,15916.1875,69.84
3522.645833333333,26135.44583333333,53.13
7350.375,31511.24583333333,58.1
4844.4375,26804.791666666668,48.89
7711.0,32844.933333333334,42.74
2551.395833333333,20721.625,53.07
-646.1458333333334,14696.208333333334,53.15
-3040.1875,7520.395833333333,58.15
-4567.375,4786.1875,71.0
-7624.333333333333,188.40416666666667,78.13
-8158.0,0.0,79.12
-11320.75,0.0,76.9
-11884.9375,0.0,68.4
-12590.0625,0.0,60.02
-12727.645833333334,0.0,59.64
-12420.125523012552,0.0,49.93
-12669.458333333334,0.0,39.94
-12422.875,0.0,14.47
-12044.541666666666,0.0,33.88
-12166.936170212766,0.0,50.06
-9211.041666666666,339.62916666666666,64.35
-5980.895833333333,5312.479166666667,73.49
-3709.1666666666665,12767.6875,69.09
570.7708333333334,23990.30833333333,54.34
810.9166666666666,22378.20833333333,46.62
223.8125,17564.9625,30.52
4778.770833333333,31918.908333333333,28.91
8405.791666666666,31572.033333333333,41.15
18949.1875,40285.90416666667,39.99
2754.5,17897.4125,49.08
781.4375,11443.7875,54.18
-31.6875,4616.616666666667,69.09
9.270833333333334,3303.975,85.36
-2346.125,591.0458333333333,92.39
-3891.7291666666665,5.795833333333333,92.71
-4410.416666666667,0.0,88.97
-8666.916666666666,0.0,81.03
-9236.8125,0.0,68.22
-8946.75,0.0,61.65
-9297.0,0.0,60.62
-9169.604166666666,0.0,61.83
-9253.604166666666,0.0,63.28
-9054.0625,0.0,62.83
-9122.958333333334,0.0,65.85
-9360.770833333334,8.495833333333334,80.05
-11040.229166666666,1881.8416666666667,95.97
-11526.208333333334,3747.725,98.1
-10093.9375,6184.483333333334,96.52
-8238.1875,8796.866666666667,97.2
-1284.25,18645.75,95.92
2481.3125,23185.704166666663,83.69
1643.0208333333333,23416.966666666667,72.54
243.85416666666663,17013.120833333334,68.01
513.9791666666666,16762.491666666665,66.75
1559.0208333333333,14785.091666666667,66.77
-2088.583333333333,9474.55,75.04
-4370.395833333333,6990.208333333333,88.38
-6206.833333333333,2932.05,96.0
-7146.020833333333,92.4625,95.74
-7167.708333333333,0.0,87.71
-8302.729166666666,0.0,80.0
-9519.604166666666,0.0,66.99
-9899.5,0.0,65.6
-9908.833333333334,0.0,64.69
-9840.645833333334,0.0,62.69
-9855.895833333334,0.0,61.01
-9537.229166666666,0.0,60.54
-10166.0625,0.0,66.01
-9510.541666666666,90.1625,83.9
-9795.708333333334,1998.6791666666663,99.03
-8540.145833333334,4903.0625,102.02
-7761.666666666667,9502.654166666667,94.27
-3062.083333333333,15447.779166666667,89.91
-2240.8541666666665,17600.408333333333,90.74
-1156.4016736401677,17376.853556485356,92.65
1335.7916666666667,23805.5625,94.13
2967.5732217573222,20753.69037656904,89.9
-2643.020833333333,9653.479166666666,89.91
-3804.9375,11197.3625,91.93
-2163.2916666666665,10924.366666666669,100.51
-4611.770833333333,6374.020833333333,114.94
-6276.166666666667,1558.8333333333333,126.78
-6840.4375,111.50416666666666,128.12
-6825.604166666667,0.0,119.61
-9874.0,0.0,110.07
-8974.4375,0.0,100.0
-9406.583333333334,0.0,95.0
-8913.833333333334,0.0,86.22
-9163.791666666666,0.0,83.73
-9819.791666666666,0.0,83.2
-8884.416666666666,0.0,83.96
-9510.458333333334,0.0,88.7
-9081.916666666666,162.89166666666668,103.11
-8981.895833333334,2429.1291666666666,119.0
-6398.958333333333,7137.341666666666,124.74
-2692.6875,13622.420833333334,114.0
3121.2291666666665,31796.925,106.99
7637.375,39145.325,105.0
17118.333333333332,39486.24583333333,99.11
14736.875,30847.05,90.0
9766.666666666666,23983.55,85.18
23996.70833333333,37236.75,84.81
16997.916666666668,29835.975,90.01
8324.333333333334,20538.6125,103.31
1557.8125,11854.041666666666,113.27
-3.828451882845188,4439.799163179916,125.22
-82.22689075630252,380.327731092437,126.14
-2912.75,0.0,124.93
-3743.0416666666665,0.0,110.69
-5887.208333333333,0.0,106.0
-9679.208333333334,0.0,102.51
-9458.958333333334,0.0,95.2
-9434.458333333334,0.0,88.52
-9508.916666666666,0.0,83.31
-9384.708333333334,0.0,81.41
-9253.770833333334,0.0,82.17
-9098.895833333334,355.49583333333334,90.2
-6100.458333333333,3777.220833333333,93.11
-1968.0416666666667,8837.35,96.43
756.7291666666666,21151.24583333333,92.4
4599.25,30041.733333333334,81.95
13770.416666666666,35503.24166666667,79.11
25280.0,39134.09166666667,78.79
28092.229166666668,39719.24166666667,77.06
26335.33333333333,38398.254166666666,76.59
22978.14583333333,35013.291666666664,78.06
17129.583333333332,29156.166666666668,79.99
7173.5625,19040.77083333333,95.27
793.25,10953.7125,107.92
-53.79166666666666,3686.408333333333,112.08
-125.97916666666669,236.02916666666667,112.17
-3673.9375,0.0,108.0
-4983.6875,0.0,106.0
-8700.291666666666,0.0,96.86
-10469.5,0.0,84.91
-10438.3125,0.0,78.9
-9786.333333333334,0.0,74.99
-9565.25,0.0,72.18
-9571.6875,0.0,70.05
-9578.083333333334,0.0,67.34
-9585.145833333334,117.20416666666668,67.9
-7338.270833333333,2335.4416666666666,70.37
-5127.1875,4899.029166666666,74.47
-85.58333333333333,12273.733333333334,76.84
-99.1875,13576.504166666668,76.16
-4412.270833333333,2885.9375,77.31
-4217.25,5280.079166666666,76.44
-1548.7916666666667,9634.891666666666,71.2
111.91666666666669,12750.595833333333,68.8
-1753.3541666666667,8142.316666666667,66.75
-5527.166666666667,2853.55,68.6
-5027.6875,3905.370833333333,81.59
-124.89583333333331,11973.45,88.02
-4431.916666666667,4000.6875,95.0
-8867.8125,122.84583333333332,97.96
-9793.5,0.0,95.48
-9606.791666666666,0.0,90.1
-9801.916666666666,0.0,81.95
-9495.125,0.0,76.15
-9315.543933054394,0.0,75.93
-9429.3125,0.0,75.7
-9451.583333333334,0.0,73.52
-9618.270833333334,0.0,75.85
-10066.041666666666,0.0,78.44
-9815.3125,0.0,94.39
-10615.564853556483,1014.560669456067,111.29
-9844.8125,3412.6208333333334,115.94
-7289.208333333333,7179.966666666666,114.18
-1439.9163179916318,16253.677824267785,106.98
-873.7708333333334,15376.575,103.47
241.29166666666663,18172.63333333333,99.44
160.08333333333334,18553.43333333333,94.0
6177.1875,35831.129166666666,85.69
12583.1875,37498.1375,83.95
11972.25,29604.791666666668,83.95
5873.1875,19186.191666666666,94.96
837.1666666666666,10235.704166666666,105.0
-32.479166666666664,1406.9166666666667,114.18
-29.6875,68.15,110.99
-3257.4375,0.0,102.08
-4977.9375,0.0,93.92
-9585.645833333334,0.0,83.1
-10031.041666666666,0.0,80.75
-9731.5625,0.0,78.71
-9605.666666666666,0.0,78.4
-9611.979166666666,0.0,79.21
-9440.416666666666,0.0,80.77
-9471.708333333334,0.0,85.01
-9719.916666666666,186.74166666666667,100.2
-7361.6875,3755.9666666666662,110.45
-6315.583333333333,8264.65,122.0
215.875,18548.908333333333,106.97
3785.5,31237.033333333333,101.0
7697.125,34599.2375,96.0
2222.1041666666665,18794.20833333333,88.0
438.9583333333333,12591.829166666666,81.72
1822.8541666666667,16632.883333333335,80.43
1264.0,14205.1,81.68
-0.5,8100.3375,88.09
-4063.3541666666665,4567.433333333333,102.85
-2056.0416666666665,11165.983333333334,109.52
-6965.375,3109.3708333333334,122.5
-8128.458333333333,86.75833333333334,119.44
-7126.708333333333,0.0,106.3
-9202.125,0.0,100.0
-8839.375,0.0,89.59
-8615.708333333334,0.0,82.89
-8686.1875,0.0,81.7
-8463.5625,0.0,81.36
-8580.083333333334,0.0,81.26
-8387.208333333334,0.0,80.45
-8615.125,0.0,86.17
-8809.916666666666,182.05,101.31
-7505.145833333333,3170.6125,107.28
-3015.4375,9712.083333333334,106.94
235.27083333333331,21131.95833333333,95.12
2222.520833333333,30360.7375,84.46
8888.541666666666,37178.34583333333,81.73
19145.564853556487,41432.33891213389,74.03
20845.95833333333,39567.95416666667,69.4
19605.95833333333,38123.57083333333,63.34
19249.479166666668,36745.51666666667,64.64
13565.229166666666,29552.545833333334,71.84
5527.416666666667,19573.50833333333,80.95
1256.6666666666667,11183.079166666666,90.79
-14.625,3691.3958333333335,94.24
-74.52083333333333,179.77916666666667,96.0
-3351.270833333333,0.0,91.91
-4513.0,0.0,81.73
-5973.5,0.0,73.89
-8152.854166666667,0.0,74.1
-9513.333333333334,0.0,71.05
-9174.666666666666,0.0,70.98
-9004.4375,0.0,69.95
-9285.8125,0.0,71.95
-9058.9375,0.0,78.1
-9205.895833333334,39.35,96.07
-11293.020833333334,815.7916666666666,112.0
-13976.875,1228.3166666666666,124.65
-11956.3125,4356.383333333333,113.35
-11220.875,5124.75,104.23
-5168.291666666667,11396.6125,102.35
3808.1875,30201.6,100.15
9499.791666666666,40651.40416666667,91.62
9412.166666666666,31994.891666666663,85.56
5733.833333333333,21621.066666666666,82.22
12440.291666666666,26890.354166666668,79.85
1290.774058577406,12966.799163179916,91.21
515.625,8069.729166666667,100.91
-70.27083333333333,1876.9208333333331,107.63
-100.66666666666669,8.1875,109.0
-2475.083333333333,0.0,102.91
-4321.0625,0.0,95.92
-6154.333333333333,0.0,87.0
-8447.541666666666,0.0,87.12
-8818.583333333334,0.0,80.72
-8666.291666666666,0.0,79.74
-8575.25,0.0,78.48
-8770.0,0.0,78.09
-8523.166666666666,0.0,83.98
-8964.541666666666,29.47083333333333,101.63
-8763.208333333334,2803.2208333333333,113.0
-5919.125,9357.470833333333,117.19
-925.5416666666666,15240.808333333332,108.97
2661.875,26221.30833333333,104.82
402.5208333333333,11958.725,102.54
-3855.8541666666665,6034.545833333334,99.59
-487.5208333333333,15660.9125,91.9
532.1666666666666,18016.845833333333,84.31
3970.3333333333335,27776.55833333333,82.32
2940.0,18766.8875,84.8
998.0208333333334,12123.004166666668,96.6
88.64583333333333,4706.725,104.8
-263.2291666666667,1055.7666666666669,113.74
-3347.489539748954,0.0,113.07
-4138.104166666667,0.0,104.8
-7881.229166666667,0.0,99.9
-8662.145833333334,0.0,89.67
-8752.666666666666,0.0,88.75
-8744.4375,0.0,81.31
-8453.020833333334,0.0,77.7
-8591.708333333334,0.0,76.12
-8665.291666666666,0.0,77.3
-8511.625,0.0,76.62
-8995.333333333334,1.4625,78.03
-6905.895833333333,1998.4,85.0
-3486.0625,5557.7125,90.01
346.1875,16722.883333333335,91.55
871.6041666666666,15687.725,87.98
1630.0416666666667,14658.633333333331,86.08
241.95833333333331,16682.516666666666,81.01
3953.5416666666665,20274.029166666667,75.27
105.20833333333331,5719.05,70.28
94.0,5243.558333333333,68.22
846.875,12166.458333333334,74.56
672.625,9752.725,92.96
141.02083333333334,5591.0625,98.1
-551.3125,1088.8375,100.49
-3203.1875,59.29166666666666,101.32
-4660.458333333333,0.0,96.09
-8008.458333333333,0.0,94.08
-8435.625,0.0,84.44
-8250.708333333334,0.0,78.06
-8501.666666666666,0.0,73.57
-8297.25,0.0,70.54
-8365.479166666666,0.0,68.75
-8394.1875,0.0,67.3
-8179.229166666667,0.0,69.38
-8396.458333333334,0.0,70.72
-8229.5,491.05,73.35
-5683.25,4158.120833333333,77.04
-3616.8541666666665,5673.158333333334,80.72
-1862.0833333333333,8245.770833333334,80.65
221.33333333333331,12958.316666666668,83.61
-488.7083333333333,7276.304166666667,82.84
-2478.75,4797.708333333333,78.24
-2918.4375,5139.654166666666,74.91
-2375.25,5989.829166666666,73.83
-4203.786610878661,4342.807531380753,74.78
-4221.395833333333,4284.6875,88.75
-7071.333333333333,1324.6208333333334,95.98
-7469.791666666667,919.55,101.06
-8164.125,0.0,101.66
-8034.5,0.0,93.86
-8145.604166666667,0.0,91.65
-8058.5625,0.0,86.57
-7934.125,0.0,79.7
-8061.020833333333,0.0,78.42
-8040.979166666667,0.0,76.57
-8030.020833333333,0.0,72.8
-8034.6875,0.0,73.95
-8055.083333333333,0.0,79.64
-7999.1875,0.0,110.17
-9933.8125,1935.9583333333333,126.0
-12742.958333333334,2180.016666666667,131.92
-10254.958333333334,6184.625,132.92
-8121.708333333333,9005.754166666668,128.53
-2786.8541666666665,15338.916666666666,126.1
-6349.833333333333,10781.075,122.0
446.9791666666667,21328.925,112.6
-5640.520833333333,8205.895833333334,104.94
-291.7708333333333,20303.045833333334,101.0
-5583.0625,8037.525,100.99
-4596.166666666667,8227.783333333333,109.58
-6163.270833333333,5521.266666666666,116.74
-7749.979166666667,1704.8333333333333,128.48
-8534.166666666666,1.3541666666666667,130.04
-8457.729166666666,0.0,114.47
-8453.708333333334,0.0,106.64
-8408.0,0.0,93.6
-8407.479166666666,0.0,94.87
-8369.875,0.0,90.02
-8451.770833333334,0.0,87.54
-8373.604166666666,0.0,87.09
-8455.208333333334,0.0,88.78
-8239.645833333334,0.0,93.11
-8283.5625,0.3333333333333333,115.0
-8335.479166666666,2260.366666666667,134.46
-6636.645833333333,6676.804166666667,137.02
-5767.666666666667,9865.4375,135.84
-3329.3125,12543.241666666669,125.13
-1053.9121338912134,16539.933054393307,116.19
598.3541666666666,23493.82083333333,113.61
3314.163179916318,31268.49790794979,104.66
893.4375,18778.77083333333,97.2
718.4791666666666,17440.5875,95.24
-2049.75,9081.916666666666,95.51
-1747.875,12437.15,110.45
-1346.1041666666667,9836.8125,123.81
-4367.229166666667,2456.579166666667,134.07
-6210.0625,24.34583333333333,134.9
-8594.604166666666,0.0,121.58
-9467.666666666666,0.0,106.12
-7902.979166666667,0.0,99.1
-7712.333333333333,0.0,94.78
-7755.354166666667,0.0,92.91
-7989.770833333333,0.0,91.21
-7807.75,0.0,90.09
-8184.979166666667,0.0,93.12
-8438.4375,0.0,100.54
-8155.604166666667,5.475,118.7
-8240.041666666666,2680.9625,135.44
-4550.041666666667,8372.8625,140.72
-320.4791666666667,18915.18333333333,130.0
1789.0833333333333,28971.94583333333,116.99
6328.645833333333,36173.99166666667,109.75
13011.9375,36594.6875,103.88
8262.770833333334,26094.233333333334,98.0
8724.979166666666,27300.579166666663,94.98
5893.104166666667,21160.7,95.06
4108.5625,23830.32083333333,97.61
867.2083333333334,16899.208333333332,116.12
111.41666666666669,8950.3125,131.0
-32.083333333333336,2430.1125,145.91
-2457.2916666666665,7.858333333333333,144.93
-4222.125,0.0,125.76
-5605.6875,0.0,114.39
-6670.770833333333,0.0,102.73
-9156.1875,0.0,98.41
-9082.145833333334,0.0,96.84
-9116.104166666666,0.0,95.25
-8998.625,0.0,95.71
-9126.291666666666,0.0,96.64
-9540.708333333334,0.0,105.01
-8915.395833333334,0.0,128.94
-9723.145833333334,2304.2375,150.0
-6863.604166666667,8118.266666666666,146.38
-851.6875,18961.925,130.8
1825.3541666666667,29693.358333333334,118.92
6060.25,36559.2125,113.0
15462.1875,39758.879166666666,107.84
21268.541666666668,40713.60416666666,100.99
19389.625,38942.52916666667,97.97
17076.25,34731.39166666667,105.05
10538.875,27454.179166666665,112.44
2142.0416666666665,17768.9875,122.66
71.1875,9011.379166666668,138.0
-2.895833333333333,2164.6208333333334,158.51
-536.2291666666666,4.233333333333333,154.94
-4583.916666666667,0.0,130.43
-4282.583333333333,0.0,118.69
-6364.5625,0.0,113.25
-8028.625,0.0,101.0
-8973.395833333334,0.0,96.63
-9107.979166666666,0.0,95.6
-9097.395833333334,0.0,91.53
-9043.583333333334,0.0,90.89
-9227.729166666666,0.0,95.8
-9026.5,0.0,122.46
-9441.506276150629,2093.878661087866,137.44
-5883.333333333333,7888.120833333333,134.7
-296.25,18801.091666666667,123.13
1221.6458333333333,29486.779166666667,109.03
4885.104166666667,36417.004166666666,99.02
16276.8125,39574.708333333336,89.62
24609.70833333333,40445.316666666666,88.48
22852.27083333333,38478.45,88.39
18778.95833333333,34269.208333333336,89.92
12341.979166666666,27145.191666666666,92.32
4079.375,17330.6375,119.01
292.3430962343096,8765.276150627615,131.57
-97.64583333333331,1967.125,143.93
-53.645833333333336,0.1875,143.38
-2709.205020920502,0.0,129.94
-4136.229166666667,0.0,120.96
-5640.3125,0.0,117.86
-7041.354166666667,0.0,114.15
-8448.75,0.0,105.98
-8231.645833333334,0.0,98.05
-8354.354166666666,0.0,95.71
-8140.083333333333,0.0,95.66
-8273.916666666666,0.0,96.2
-8453.6875,0.0,103.8
-6616.416666666667,2017.3541666666667,120.98
-2013.0416666666667,7602.258333333333,122.0
517.9791666666666,18076.608333333334,115.99
4049.7083333333335,28467.6,95.66
12280.854166666666,35366.575,89.47
24969.95833333333,38485.941666666666,89.51
28188.166666666668,39265.15,87.06
26431.45833333333,37497.84166666667,84.16
22088.5,33092.683333333334,86.46
15189.145833333334,26096.38333333333,89.27
6010.3125,16656.554166666665,107.54
400.4166666666667,8236.225,127.33
-199.79166666666663,1784.5375,142.55
-172.47916666666666,0.0,142.4
-3078.145833333333,0.0,127.92
-5164.833333333333,0.0,122.81
-8929.666666666666,0.0,104.36
-10099.083333333334,0.0,109.21
-9966.708333333334,0.0,99.88
-9736.645833333334,0.0,95.35
-9929.75,0.0,92.54
-9848.333333333334,0.0,92.04
-8252.6875,0.0,92.56
-9065.916666666666,0.0,93.81
-6701.520833333333,2007.0541666666663,92.88
-1765.0,7711.0,93.44
506.7083333333333,17159.366666666665,92.04
3600.8541666666665,26545.05,88.68
11379.583333333334,34486.24166666667,84.01
23913.916666666668,37590.14166666667,81.47
27708.291666666668,38297.80416666667,65.66
26010.08333333333,36511.94583333333,60.06
21660.25,32245.866666666665,69.09
14386.75,25184.75833333333,84.9
5309.083333333333,16095.016666666666,95.18
283.6458333333333,7618.6625,127.45
-262.5625,717.3291666666667,138.69
-244.41666666666663,0.0,139.07
-2532.708333333333,0.0,129.0
-4092.7083333333335,0.0,121.99
-5590.583333333333,0.0,104.1
-8324.333333333334,0.0,105.32
-8428.229166666666,0.0,104.79
-8393.083333333334,0.0,101.85
-8244.458333333334,0.0,97.97
-8420.9375,0.0,100.0
-8212.333333333334,0.0,110.0
-8444.958333333334,0.0,135.97
-8573.229166666666,1851.4,165.0
-7404.291666666667,7145.204166666666,160.0
-675.5833333333334,17472.225,139.26
845.1666666666666,27790.69583333333,128.04
4408.083333333333,34477.604166666664,110.7
13240.8125,37597.68333333333,105.57
18784.39583333333,38743.09166666667,103.26
20237.5625,36829.23333333333,105.49
16316.895833333334,32457.220833333333,115.08
10712.625,25243.5625,128.67
3596.083333333333,16520.466666666667,137.73
-924.2916666666666,7971.008333333333,150.0
-43.10416666666666,2276.5125,190.68
-126.0,0.0,181.72
-831.5625,0.0,147.22
-4098.4375,0.0,132.66
-4777.1875,0.0,110.79
-7598.541666666667,0.0,110.72
-7986.979166666667,0.0,112.0
-8265.666666666666,0.0,108.52
-8248.729166666666,0.0,107.87
-8241.354166666666,0.0,107.98
-8174.145833333333,0.0,110.82
-8268.645833333334,0.0,141.96
-9004.145833333334,2098.0958333333333,160.87
-6894.958333333333,6377.333333333333,164.44
-2023.9791666666667,14716.025,142.5
737.1041666666666,23458.345833333333,134.51
1086.9791666666667,30728.575,120.04
7889.958333333333,34301.416666666664,108.63
14039.916666666666,35193.8875,108.73
12297.270833333334,31438.7375,108.28
15163.479166666666,27761.45,107.98
7752.583333333333,22486.14583333333,113.07
1432.1041666666667,13214.754166666668,135.83
-28.625,6094.458333333333,145.9
-69.3125,1435.8958333333333,180.0
-39.208333333333336,0.0,164.01
-2337.083333333333,0.0,141.32
-4433.541666666667,0.0,126.5
-5424.104166666667,0.0,109.1
-7365.8125,0.0,115.0
-7238.791666666667,0.0,110.0
-7749.895833333333,0.0,106.62
-8120.5625,0.0,104.8
-7530.4375,0.0,109.44
-8197.64705882353,0.0,114.94
-8636.541666666666,0.0,145.0
-8603.041666666666,1625.225,151.16
-8053.770833333333,6737.708333333333,149.96
-435.5,16147.395833333334,138.0
987.4791666666666,26307.970833333333,124.17
3287.333333333333,33986.125,109.46
11965.125,37644.80416666667,106.03
18358.0,38595.46666666667,103.01
18774.291666666668,36637.0375,103.93
15062.34309623431,32048.677824267783,109.08
6863.104166666667,24622.6375,117.52
996.125,15271.275,136.03
-160.5,7014.833333333333,149.75
-104.08333333333331,1132.6791666666666,165.78
-394.4583333333333,0.0,152.36
-3894.6458333333335,0.0,137.11
-5585.541666666667,0.0,125.01
-6832.291666666667,0.0,110.54
-8672.416666666666,0.0,107.73
-8308.708333333334,0.0,107.72
-8567.625,0.0,105.03
-8682.333333333334,0.0,101.88
-7991.458333333333,0.0,103.16
-8251.25,0.0,109.02
-9074.43722943723,0.0,138.38
-7764.497907949791,1686.9246861924687,148.05
-6752.145833333333,6265.375,149.43
-1148.4791666666667,16112.466666666667,144.99
777.9791666666666,26240.108333333334,137.64
2240.583333333333,27672.2125,118.7
6669.0,33369.34166666667,110.06
15934.5,39089.50833333333,111.32
16208.9375,33820.17083333333,113.3
13567.3125,30500.5625,123.83
670.375,10498.741666666669,137.0
452.75,11019.304166666669,145.98
-227.91666666666663,4647.854166666667,157.7
-584.4166666666666,666.2375,174.23
-3205.375,0.0,168.48
-4065.4583333333335,0.0,148.0
-6300.916666666667,0.0,139.86
-8104.916666666667,0.0,124.11
-8376.5,0.0,119.01
-8594.1875,0.0,114.43
-8210.625,0.0,113.88
-7840.333333333333,0.0,111.67
-8352.583333333334,0.0,113.82
-8764.6875,0.0,117.58
-8209.25,0.0,145.45
-7991.416666666667,2581.491666666667,158.07
-6473.875,7300.629166666667,162.27
-4542.979166666667,12381.529166666667,156.66
51.25,18983.029166666667,149.22
1337.4375,26021.941666666666,144.22
1471.1715481171548,23834.13389121339,140.0
1407.3333333333333,21776.64583333333,128.0
1967.8125,17252.8125,120.52
4387.354166666667,20452.554166666665,130.61
3224.875,16745.720833333333,140.09
-218.326359832636,5948.430962343096,152.48
-2939.395833333333,3063.8166666666666,159.18
-5308.979166666667,174.21666666666667,159.58
-8325.020833333334,0.0,159.31
-9569.6875,0.0,148.64
-8956.666666666666,0.0,141.52
-10076.0625,0.0,132.66
-8880.0625,0.0,140.16
-10550.083333333334,0.0,129.77
-8972.666666666666,0.0,115.96
-11017.395833333334,0.0,109.82
-9136.8125,0.0,110.02
-10598.9375,0.0,111.21
-9223.791666666666,0.0,130.06
-9661.729166666666,721.1583333333333,136.12
-6543.625,2635.758333333333,143.46
-6343.083333333333,4632.954166666666,145.03
-2244.6041666666665,7414.375,141.32
-1362.5416666666667,11342.554166666669,133.68
6605.958333333333,29125.166666666668,122.02
2342.75,20007.104166666668,111.59
2201.625,20197.3625,106.08
4265.020833333333,18805.241666666665,107.81
2159.645833333333,12250.275,112.36
365.0833333333333,7758.720833333334,129.2
26.77083333333333,4441.175,146.98
-168.60416666666666,806.3583333333333,155.09
-1923.5416666666667,0.0,153.9
-5018.4375,0.0,145.03
-8027.4375,0.0,138.68
-10285.916666666666,0.0,121.08
-8034.625,0.0,105.05
-10387.333333333334,0.0,99.17
-8184.458333333333,0.0,99.02
-9437.354166666666,0.0,95.38
-8229.3125,0.0,97.57
-9718.083333333334,0.0,97.64
-8964.4375,0.0,95.59
-8731.354166666666,1231.9458333333334,101.34
-3771.9375,6112.370833333333,106.41
210.97916666666663,15805.55,107.17
2190.645833333333,26222.15,101.92
10862.0625,33356.916666666664,99.72
16300.3125,31650.74583333333,93.94
25087.02083333333,36813.45,81.07
17172.416666666668,28891.5875,69.68
22402.125,32086.079166666663,72.44
12003.6875,23455.7375,87.13
5032.625,14384.225,99.94
94.52083333333331,5898.9875,136.37
-90.08333333333331,585.3458333333333,150.0
-34.104166666666664,0.0,154.17
-4009.9583333333335,0.0,138.01
-3794.4583333333335,0.0,129.07
-7096.5,0.0,107.54
-8587.083333333334,0.0,113.01
-9282.916666666666,0.0,108.2
-8329.25,0.0,103.92
-9530.875,0.0,103.79
-8171.3125,0.0,104.85
-9722.677824267785,0.0,110.01
-9152.041666666666,0.0,152.08
-9338.270833333334,1349.5666666666666,160.93
-7897.510460251046,6224.44769874477,166.71
-3020.895833333333,14854.208333333334,157.0
482.5625,25702.858333333334,147.93
2991.9791666666665,32933.225,140.06
13081.270833333334,36183.39166666667,118.84
12739.020833333334,35776.9125,116.9
13273.354166666666,32085.7625,119.0
8049.083333333333,27195.416666666668,141.63
2397.5625,19903.75,150.93
189.8125,10192.475,159.09
-205.35416666666663,5267.2125,183.45
-85.79166666666667,923.8166666666668,200.88
-3794.9375,0.0,193.21
-5882.583333333333,0.0,160.91
-9751.645833333334,0.0,147.15
-8696.729166666666,0.0,131.18
-9877.0,0.0,122.23
-8654.354166666666,0.0,121.59
-9716.9375,0.0,113.83
-9133.6875,0.0,107.84
-9541.854166666666,0.0,110.03
-9083.875,0.0,122.03
-10112.6875,0.0,155.51
-9588.25,1467.1708333333331,166.24
-8050.645833333333,6607.0125,172.69
-2552.4166666666665,14739.929166666669,162.9
652.375,25209.50833333333,152.15
2054.7291666666665,30246.858333333334,124.01
6433.305439330544,30591.723849372385,121.06
4690.481171548117,23650.146443514644,117.27
2872.3125,21147.0,125.43
3455.5416666666665,20372.879166666666,151.16
344.875,13779.65,158.72
-182.14583333333331,7011.2875,168.0
-1882.5833333333333,2823.0625,184.55
-8456.916666666666,99.72083333333332,188.2
-8955.895833333334,0.0,174.25
-9691.270833333334,0.0,155.4
-10399.208333333334,0.0,144.65
-8412.5625,0.0,117.98
-10307.1875,0.0,135.08
-10113.520833333334,0.0,133.4
-8970.583333333334,0.0,128.95
-10426.979166666666,0.0,123.1
-10596.375,0.0,128.01
-10056.6875,0.0,137.01
-9146.208333333334,0.0,166.94
-13321.3125,0.0,180.24
-16831.3125,1524.8,192.11
-14387.645833333334,4248.2875,191.32
-17005.7949790795,3565.4142259414225,187.42
-9858.354166666666,11271.275,180.8
-4144.8125,15267.1125,180.0
-5039.9375,15356.241666666669,175.74
-10098.979166666666,10347.575,175.76
-11360.3125,9718.608333333334,179.09
-7685.0,10268.783333333333,179.97
-9594.479166666666,6587.8,190.0
-12068.958333333334,2587.804166666667,192.78
-11391.6875,340.14166666666665,196.58
-11863.145833333334,0.0,190.0
-9885.875,0.0,176.78
-10818.895833333334,0.0,162.98
-9408.9375,0.0,153.02
-10740.104166666666,0.0,131.45
-10507.041666666666,0.0,129.4
-9917.3125,0.0,117.17
-10583.9375,0.0,115.96
-9841.833333333334,0.0,115.19
-10683.6875,0.0,135.03
-9721.833333333334,0.0,169.72
-12280.604166666666,0.0,194.0
-13519.770833333334,1247.6375,197.81
-17884.832635983264,717.9246861924686,193.91
-15697.375,5046.908333333334,186.68
-8894.395833333334,10310.766666666666,181.0
-5081.125,12924.4125,155.36
257.7916666666667,21388.45,145.06
639.6234309623431,21705.765690376567,130.94
257.6666666666667,18641.15,131.4
-1840.875,10271.25,133.82
-2013.6041666666667,12397.741666666669,178.71
-6686.75,3780.2291666666665,188.11
-11123.6875,326.40416666666664,197.59
-10401.875,0.0,198.02
-10011.6875,0.0,179.78
-10858.8125,0.0,170.42
-9727.375,0.0,138.1
-10739.666666666666,0.0,127.33
-10091.229166666666,0.0,125.43
-10449.583333333334,0.0,123.11
-10298.104166666666,0.0,117.89
-9536.791666666666,0.0,125.92
-10544.708333333334,0.0,134.87
-9222.041666666666,0.0,169.27
-10700.208333333334,840.6083333333333,181.97
-11186.52719665272,4342.690376569038,188.17
-8881.1875,8676.975,182.86
-4570.458333333333,13918.825,175.33
34.10041841004184,20420.20920502092,167.13
1489.2708333333333,26756.679166666665,160.3
5016.5625,33721.566666666666,140.66
9851.708333333334,28769.479166666668,140.66
1286.4166666666667,15354.7,140.66
4648.979166666667,20377.6625,140.66
3250.770833333333,16005.920833333334,165.53
-0.0416666666666666,5146.054166666667,181.94
-32.5625,542.5291666666667,187.9
-807.3125,0.0,185.2
-3344.1875,0.0,179.04
-6110.5625,0.0,171.27
-8378.875,0.0,153.92
-8781.75,0.0,149.59
-7954.5,0.0,130.64
-8283.75,0.0,125.43
-9021.604166666666,0.0,120.62
-8007.895833333333,0.0,115.02
-8468.645833333334,0.0,117.01
-8773.479166666666,0.0,127.06
-8222.729166666666,939.2541666666668,149.09
-4583.291666666667,5292.054166666667,162.5
260.0833333333333,14367.9875,155.09
2217.145833333333,24505.14583333333,132.88
8671.208333333334,32089.616666666665,124.84
19180.479166666668,35273.99166666667,115.96
24191.89583333333,36020.583333333336,105.11
23598.27083333333,32942.64166666667,105.1
18316.83333333333,28867.89583333333,110.09
8671.5625,18307.8625,125.94
3725.9583333333335,12724.816666666668,136.81
-29.479166666666668,4485.3125,169.97
-93.02083333333331,249.01666666666668,179.91
-131.27083333333334,0.0,178.97
-2373.2291666666665,0.0,151.32
-4482.729166666667,0.0,123.73
-6384.8125,0.0,97.63
-8313.458333333334,0.0,81.71
-8880.916666666666,0.0,80.05
-8062.375,0.0,77.6
-8429.145833333334,0.0,76.95
-8122.625,0.0,72.82
-8458.479166666666,0.0,75.77
-7976.6875,0.0,76.61
-8250.541666666666,1191.1333333333334,77.35
-3560.3541666666665,5417.925,81.58
14.5,14399.679166666669,82.86
2003.5,24061.58333333333,80.17
7835.3125,31354.108333333334,80.65
19696.64583333333,34315.870833333334,82.83
20666.83333333333,34207.65833333333,79.12
909.5416666666666,9759.370833333332,74.16
12528.333333333334,23062.845833333333,78.1
6391.833333333333,17300.4125,83.75
592.6666666666666,5651.4375,105.07
-91.47916666666669,1421.9416666666666,149.0
-145.64583333333334,0.0,167.63
-2925.7916666666665,0.0,170.63
-3620.4791666666665,0.0,119.63
-7939.0,0.0,108.76
-8059.604166666667,0.0,95.68
-9432.895833333334,0.0,101.79
-9108.770833333334,0.0,96.04
-8098.541666666667,0.0,98.74
-8946.8125,0.0,98.56
-8951.833333333334,0.0,93.87
-8166.020833333333,0.0,118.2
-8948.5,0.0,161.33
-12382.770833333334,130.68333333333334,179.52
-13775.791666666666,3119.295833333333,188.64
-10352.916666666666,7859.929166666667,180.0
-6584.476987447699,13870.58158995816,172.67
-1958.875,15716.179166666669,164.0
-4307.583333333333,12238.0875,155.0
67.30125523012552,19787.89121338912,149.76
223.89583333333331,21279.091666666667,142.28
23.75,16332.275,151.22
-503.875,15392.566666666668,162.88
-1540.7083333333333,10329.416666666666,172.33
-7135.958333333333,2524.4875,179.98
-9975.5,42.80833333333333,205.0
-9197.25,0.0,185.8
-9355.25,0.0,171.15
-8303.666666666666,0.0,154.53
-8878.770833333334,0.0,133.48
-8480.541666666666,0.0,130.12
-8984.604166666666,0.0,128.01
-8090.895833333333,0.0,121.34
-8454.083333333334,0.0,114.94
-8073.791666666667,0.0,119.04
-9067.3125,0.0,131.46
-8235.146443514644,0.0,170.0
-9594.166666666666,576.7125,189.59
-10321.729166666666,4027.7166666666662,190.0
-8165.166666666667,8477.1625,176.92
-3311.2916666666665,15352.408333333333,160.1
1797.3958333333333,29615.02083333333,151.8
3323.9166666666665,25632.204166666663,145.06
5865.791666666667,34176.183333333334,132.5
8712.604166666666,30273.1875,129.71
11974.0,28128.629166666666,128.53
6674.75,19477.1375,132.5
1286.7708333333333,10864.920833333334,162.48
-24.288702928870293,3804.150627615063,174.88
-48.645833333333336,163.98333333333332,190.0
-355.4166666666667,0.0,182.87
-3382.583333333333,0.0,163.08
-4370.520833333333,0.0,141.3
-8441.6875,0.0,131.18
-8275.229166666666,0.0,105.21
-7910.1875,0.0,100.98
-8511.6875,0.0,97.25
-8627.4375,0.0,94.6
-8658.0,0.0,100.04
-7928.541666666667,0.0,119.09
-9407.375,0.0,174.51
-10528.416666666666,967.1833333333332,200.0
-8337.333333333334,5893.1125,213.81
-5769.1875,11760.370833333332,185.26
218.125,23267.0375,170.15
1724.125,31399.529166666667,159.93
4678.828451882845,32764.68619246862,151.0
11339.145833333334,33428.020833333336,139.69
7153.666666666667,27844.429166666665,132.32
2744.2916666666665,23557.62083333333,132.33
2131.8541666666665,19022.5125,139.97
-236.1875,7351.375,165.9
-158.875,2082.020833333333,183.79
-1072.0416666666667,63.04583333333333,199.78
-5636.958333333333,0.0,176.82
-9034.541666666666,0.0,157.65
-9392.354166666666,0.0,113.35
-9339.8125,0.0,90.01
-9138.0,0.0,95.52
-8936.4375,0.0,97.05
-8920.291666666666,0.0,84.23
-8964.6875,0.0,75.32
-8901.6875,0.0,70.06
-9303.875,0.0,78.91
-8878.416666666666,0.0,120.02
-11429.958333333334,595.0958333333333,153.86
-12205.604166666666,4277.845833333334,139.44
-5122.3125,13222.8125,96.52
-0.5833333333333334,23628.50833333333,68.35
2765.8541666666665,32003.066666666666,54.25
7665.0625,35534.5375,23.57
12712.916666666666,36261.3625,0.12
10521.375,33387.058333333334,0.08
8976.416666666666,28113.0125,10.05
3804.6875,19815.066666666666,53.17
26.8125,11086.379166666668,59.79
-180.875,3807.8625,92.01
-2717.895833333333,182.0583333333333,97.86
-4114.854166666667,0.0,92.16
-6320.75,0.0,67.47
-9163.625,0.0,68.61
-9408.291666666666,0.0,57.41
-9314.708333333334,0.0,63.36
-9085.604166666666,0.0,57.82
-9165.270833333334,0.0,57.83
-9108.229166666666,0.0,60.45
-9339.1875,0.0,67.86
-9202.854166666666,0.0,87.85
-9135.6875,0.0,150.1
-11209.708333333334,537.8625,170.95
-10930.627615062762,4046.4476987447697,176.95
-4930.270833333333,12428.379166666668,149.57
235.45833333333331,22568.420833333334,137.54
801.3333333333334,30483.2875,107.01
3635.2916666666665,33812.05,89.26
10472.916666666666,34380.73333333333,87.14
9920.458333333334,31915.85,82.1
9579.9375,26947.08333333333,82.94
3919.2291666666665,18290.75833333333,88.23
669.6875,10194.525,119.23
-135.45833333333334,3146.483333333333,166.3
-1623.1041666666667,69.14583333333333,181.21
-4238.708333333333,0.0,148.84
-3663.4791666666665,0.0,109.54
-7446.583333333333,0.0,90.43
-9468.770833333334,0.0,83.03
-9379.354166666666,0.0,99.59
-9432.020833333334,0.0,103.67
-9282.125,0.0,102.09
-9515.416666666666,0.0,102.01
-9385.895833333334,0.0,107.61
-9676.041666666666,0.0,99.49
-9067.583333333334,0.0,107.5
-8539.020833333334,517.8583333333333,116.34
-5333.770833333333,4047.5666666666666,128.58
-167.20833333333334,12573.420833333334,123.21
1174.6458333333333,22662.225,109.42
4999.104166666667,30507.6,102.62
14276.4375,33383.9375,94.09
19389.791666666668,33492.458333333336,97.04
19188.5,30636.116666666665,100.75
13041.25,23832.545833333334,112.07
5291.375,15823.25,125.99
556.5625,8199.004166666668,162.78
-103.85416666666669,2250.766666666667,177.96
-138.14583333333334,111.14166666666668,208.01
-3333.4791666666665,0.0,188.17
-4335.6875,0.0,169.9
-7061.625,0.0,164.91
-9629.041666666666,0.0,158.3
-9737.8125,0.0,145.28
-9759.395833333334,0.0,124.95
-9544.104166666666,0.0,113.46
-9548.791666666666,0.0,106.11
-9504.5,0.0,105.09
-9744.5,0.0,104.68
-9589.958333333334,0.0,111.96
-8810.125,589.3708333333333,113.09
-5043.166666666667,4889.829166666666,117.81
-3213.375,6796.679166666667,115.34
-3485.9791666666665,6704.433333333333,112.11
-3272.020833333333,7471.375,106.31
1813.2708333333333,19819.266666666663,102.98
5180.166666666667,29437.054166666665,93.13
66.00418410041841,7998.276150627615,90.65
-54.41666666666666,5501.15,94.79
102.22916666666669,8146.254166666667,112.33
-1476.75,4481.608333333334,137.36
-5989.729166666667,1042.7541666666666,170.8
-7788.5,14.379166666666666,185.85
-9584.0,0.0,179.18
-9840.583333333334,0.0,166.52
-9566.125,0.0,163.94
-9426.1875,0.0,143.5
-8956.0,0.0,133.27
-9070.166666666666,0.0,112.03
-9235.4375,0.0,105.99
-9551.5,0.0,100.0
-9185.854166666666,0.0,102.23
-8953.645833333334,0.0,113.09
-9622.895833333334,0.0,171.78
-11340.458333333334,616.6416666666667,184.73
-10049.354166666666,4386.945833333333,190.84
-3870.3333333333335,11940.0,181.0
-741.4225941422594,21239.987447698742,172.15
585.375,26423.154166666667,159.98
2537.0416666666665,34060.36666666667,144.97
1008.5,23531.529166666667,119.32
5268.270833333333,28367.39583333333,116.33
1484.3541666666667,16719.55,120.85
-242.64583333333331,5509.95,142.43
-187.60416666666663,4208.4,163.54
-5359.354166666667,3229.1583333333333,173.1
-10201.041666666666,39.74583333333333,185.19
-11146.708333333334,0.0,169.96
-11083.666666666666,0.0,150.0
-11146.083333333334,0.0,127.48
-11220.270833333334,0.0,96.98
-11011.083333333334,0.0,105.23
-11128.6875,0.0,99.89
-10626.770833333334,0.0,98.37
-11574.020833333334,0.0,98.1
-10637.25,0.0,105.97
-10635.083333333334,0.0,119.91
-10554.375,0.0,170.52
-11778.6875,674.6458333333334,190.21
-11533.458333333334,4530.829166666666,195.1
-6863.854166666667,10493.5875,187.94
-2019.642857142857,17080.0756302521,174.21
-5089.5,16644.25,161.76
3036.171548117155,30453.07531380753,142.64
2622.364016736401,34024.13807531381,135.54
965.8333333333334,21174.99583333333,133.14
323.1041666666667,21315.841666666667,146.8
1080.625,16298.966666666667,165.0
11.25,7986.129166666667,180.1
-3426.4791666666665,3660.375,197.69
-6404.625,8.7625,237.01
-8041.270833333333,0.0,195.33
-10738.833333333334,0.0,177.13
-10795.625,0.0,164.91
-10839.583333333334,0.0,139.57
-10977.333333333334,0.0,120.55
-10609.75,0.0,110.83
-11167.041666666666,0.0,95.35
-10882.479166666666,0.0,88.53
-10809.9375,0.0,87.73
-10809.458333333334,0.0,104.06
-10759.0625,0.0,162.68
-12864.104166666666,306.24583333333334,194.93
-14604.895833333334,2914.95,204.51
-7636.708333333333,11259.316666666668,195.28
-3579.125,16031.879166666668,183.59
-6184.166666666667,12331.45,168.9
-674.1041666666666,24682.729166666668,129.41
-3817.7083333333335,10144.054166666669,111.31
-5045.458333333333,15189.895833333334,108.35
-11998.729166666666,5952.579166666666,102.01
-8298.708333333334,7428.991666666667,106.61
-8413.645833333334,5845.9,127.72
-9769.6875,2911.645833333333,173.23
-10939.583333333334,0.7916666666666666,188.12
-10632.104166666666,0.0,161.44
-10565.4375,0.0,100.07
-10397.854166666666,0.0,93.73
-10382.1875,0.0,80.59
-10376.5625,0.0,70.3
-10266.166666666666,0.0,65.22
-9509.0625,0.0,61.08
-9617.354166666666,0.0,59.09
-9510.6875,0.0,62.13
-9354.020833333334,0.0,69.87
-9589.416666666666,0.0,112.05
-12202.666666666666,276.2333333333333,158.7
-11955.979166666666,3418.4375,150.58
-5374.229166666667,12009.8875,126.07
-2218.645833333333,16140.8,102.05
2331.333333333333,32348.50833333333,92.02
2379.6666666666665,30315.279166666667,79.1
3094.6875,28859.5625,79.59
1600.7916666666667,17701.3625,78.37
2649.0416666666665,25040.2625,95.12
347.0416666666667,17146.7875,118.19
92.57322175732216,9598.669456066946,176.66
-177.5625,2577.6833333333334,201.03
-3453.8125,3.1625,219.93
-6758.6875,0.0,195.28
-8461.666666666666,0.0,142.94
-9180.104166666666,0.0,104.8
-9211.479166666666,0.0,81.53
-9326.04255319149,0.0,90.0
,,71.39
-9122.265625,0.0,59.98
-9062.875,0.0,47.94
-9948.833333333334,0.0,54.52
-8947.895833333334,0.0,65.69
-9579.458333333334,0.0,120.61
-10308.1875,302.9625,150.0
-11250.25,3582.3625,142.05
-4928.479166666667,11731.7875,107.95
-108.54166666666669,21171.316666666666,82.57
1404.4142259414225,28563.7949790795,71.33
3347.333333333333,31146.57083333333,59.94
9002.958333333334,32284.816666666666,52.02
9138.791666666666,29405.9,49.19
6198.083333333333,24622.3375,63.28
2471.625,16342.9125,90.02
181.25,7111.283333333334,158.81
-394.9375,1242.6708333333331,183.27
-2418.708333333333,0.0,194.09
-5606.666666666667,0.0,159.01
-10028.0,0.0,123.61
-10900.270833333334,0.0,118.33
-10911.708333333334,0.0,92.24
-10850.729166666666,0.0,115.02
-10743.333333333334,0.0,105.32
-11121.770833333334,0.0,106.44
-10892.666666666666,0.0,102.27
-10780.625,0.0,104.71
-11540.875,0.0,112.02
-11031.854166666666,0.0,140.0
-10354.3125,435.9791666666667,156.18
-7419.25,3595.3708333333334,164.91
-2145.1041666666665,10399.358333333334,164.92
596.0416666666666,19840.9625,135.58
2898.0,28291.416666666668,124.02
6499.479166666667,29090.15,105.22
13575.333333333334,32920.13333333333,86.21
9575.9375,23521.483333333334,76.44
7777.479166666667,20836.6875,73.09
3310.270833333333,14765.575,76.89
116.02083333333331,6861.9375,106.46
-101.27083333333331,1693.9916666666666,120.0
-3093.125,0.0,115.56
-4944.979166666667,0.0,92.55
-7803.270833333333,0.0,60.3
-11465.645833333334,0.0,39.15
-11535.291666666666,0.0,14.08
-11305.458333333334,0.0,0.01
-11276.270833333334,0.0,-0.03
-11316.666666666666,0.0,-1.02
-11258.1875,0.0,-1.91
-11214.729166666666,0.0,-2.02
-11788.6875,0.0,-1.03
-11277.1875,0.0,-0.06
-11250.666666666666,142.08333333333334,-0.09
-9744.104166666666,1861.0041666666664,0.1
-9615.541666666666,2250.083333333333,2.94
-9302.604166666666,2551.7125,2.33
-5884.791666666667,5942.870833333333,12.97
-5086.8125,7304.9625,8.04
-2225.2916666666665,10993.791666666666,4.67
-2365.5,9338.504166666668,10.02
-5723.833333333333,5031.904166666666,40.03
-6323.708333333333,5136.604166666667,55.17
-8157.4375,3335.5416666666665,108.55
-10273.125,681.6958333333333,127.59
-11039.041666666666,0.0,153.84
-10829.4375,0.0,136.42
-10870.8125,0.0,120.08
-10903.416666666666,0.0,119.7
-10768.020833333334,0.0,86.81
-10725.583333333334,0.0,74.2
-10558.3125,0.0,71.13
-10849.520833333334,0.0,70.45
-10723.166666666666,0.0,67.34
-10718.333333333334,0.0,67.3
-10595.9375,0.0,90.2
-10840.791666666666,0.0,180.48
-11953.916666666666,0.0,217.1
-17124.0625,229.72916666666663,221.99
-18899.0625,1536.9125,213.6
-16699.729166666668,4306.575,199.17
-14290.125,6292.358333333334,193.65
-7377.8125,13131.895833333334,169.42
-9483.020833333334,10660.645833333334,163.93
-9545.8125,9996.691666666668,150.35
-7222.645833333333,12249.933333333332,154.98
-8794.3125,7738.608333333334,180.0
-9336.791666666666,5232.2,197.06
-12781.479166666666,765.7541666666667,212.58
-10616.3125,0.0,230.0
-10004.583333333334,0.0,207.2
-9781.729166666666,0.0,170.6
-9394.375,0.0,159.07
-9455.416666666666,0.0,133.1
-9353.8125,0.0,121.65
-9428.208333333334,0.0,112.4
-9375.104166666666,0.0,100.38
-9315.291666666666,0.0,94.58
-9229.020833333334,0.0,94.91
-8731.520833333334,0.0,110.96
-9075.395833333334,0.0,168.12
-12543.375,24.83333333333333,217.61
-15325.479166666666,1902.9375,229.05
-16889.375,3047.2166666666667,217.54
-14186.541666666666,6475.3125,204.04
-5184.479166666667,16000.670833333334,194.92
-2179.520833333333,18938.858333333334,180.71
-3245.895833333333,17164.370833333334,162.18
-1802.3958333333333,20492.104166666668,155.0
-179.9375,20466.62083333333,155.31
-7707.6875,9071.133333333331,159.55
-10040.0,4644.979166666667,182.9
-11958.083333333334,503.51666666666665,206.98
-10846.0,0.0,217.54
-10619.583333333334,0.0,185.92
-10591.270833333334,0.0,141.03
-10638.083333333334,0.0,120.18
-10626.604166666666,0.0,100.03
-10558.958333333334,0.0,80.99
-10470.520833333334,0.0,74.98
-10569.958333333334,0.0,70.66
-10405.270833333334,0.0,60.41
-10442.375,0.0,60.48
-10463.375,0.0,77.19
-10591.916666666666,0.0,148.9
-12881.916666666666,31.7,220.0
-13269.330543933054,2256.753138075314,248.03
-7637.0625,8308.783333333333,240.12
-4552.645833333333,12064.904166666667,212.02
1084.6875,20725.158333333333,205.5
2056.520833333333,24246.3375,200.0
681.4166666666666,18821.7875,193.43
-825.0208333333334,10953.183333333332,194.2
-4229.729166666667,8928.241666666667,195.63
-10684.666666666666,4919.666666666667,213.91
-11340.645833333334,2501.545833333333,248.06
-12289.708333333334,314.075,252.62
-11630.9375,0.0,290.97
-11292.729166666666,0.0,260.0
-10724.875,0.0,244.98
-10707.020833333334,0.0,220.19
-10716.1875,0.0,205.7
-10747.625,0.0,261.0
-11113.895833333334,0.0,252.86
-10703.854166666666,0.0,250.0
-10562.5625,0.0,236.86
-10632.875,0.0,241.88
-10663.8125,0.0,264.31
-10741.166666666666,0.0,310.05
-11925.979166666666,164.35,356.09
-14526.458333333334,2308.1833333333334,393.1
-16586.569037656904,3435.7196652719667,352.55
-13996.5,7029.245833333333,300.0
-6252.782426778243,12786.179916317991,299.92
-6184.0625,12125.0625,296.41
-131.375,23879.57083333333,287.0
255.16666666666663,23363.02083333333,280.02
-905.4375,12136.829166666666,280.0
-6161.854166666667,11122.529166666667,298.94
-8388.791666666666,6340.033333333334,317.58
-11948.99581589958,1117.5271966527196,350.52
-11545.770833333334,0.0,442.9
-10846.903765690377,0.0,319.03
-10971.375,0.0,300.0
-10416.1875,0.0,298.91
-10412.770833333334,0.0,270.7
-10207.875,0.0,176.61
-10349.083333333334,0.0,167.36
-9997.6875,0.0,164.35
-9620.208333333334,0.0,160.08
-9678.166666666666,0.0,162.74
-9658.395833333334,0.0,174.12
-9696.6875,0.0,233.46
-11274.0,68.0375,269.4
-10855.020920502093,2979.5146443514645,291.42
-4957.75,9046.504166666668,260.0
7.520833333333333,18640.8625,230.24
1913.4791666666667,25814.5,211.32
173.58333333333334,14074.091666666667,192.6
-33.395833333333336,12630.633333333331,169.6
93.52083333333331,16355.5375,160.5
647.8333333333334,19145.0375,164.72
97.70833333333331,12908.1,192.3
-148.83333333333334,4735.008333333333,229.02
-856.5208333333334,1201.3458333333333,252.81
-3439.270833333333,0.0,269.7
-7502.354166666667,0.0,235.67
-8289.270833333334,0.0,194.21
-8158.25,0.0,181.2
-8123.3125,0.0,150.0
-8040.375,0.0,138.18
-7924.458333333333,0.0,120.28
-7833.708333333333,0.0,122.12
-7845.5,0.0,135.11
-8317.604166666666,0.0,140.0
-8111.770833333333,0.0,137.33
-7744.833333333333,0.0,137.15
-7614.770833333333,67.5625,167.91
-5476.104166666667,2565.554166666667,183.27
-844.6666666666666,9006.545833333334,160.44
488.7916666666667,18231.879166666666,124.0
3231.5,26518.391666666663,100.81
11394.479166666666,30345.970833333333,78.7
18028.0,30608.608333333334,70.44
18478.479166666668,27927.94583333333,70.5
13255.520833333334,22225.141666666663,93.82
4473.583333333333,13600.191666666668,137.52
204.64583333333331,6096.0875,200.0
-112.08333333333331,964.5916666666668,229.2
-126.97916666666669,0.0,239.22
-2342.9791666666665,0.0,183.22
-3451.6666666666665,0.0,138.86
-4532.395833333333,0.0,129.71
-5728.104166666667,0.0,110.01
-7435.520833333333,0.0,135.35
-7732.125,0.0,132.2
-7727.333333333333,0.0,122.11
-7281.9375,0.0,119.41
-7132.729166666667,0.0,118.88
-7148.645833333333,0.0,120.88
-7292.666666666667,0.0,140.5
-7016.208333333333,38.2375,163.99
-5023.125,2421.804166666667,169.11
-612.4375,8831.554166666667,151.68
624.5,18072.32083333333,127.69
3464.5,25979.304166666665,119.52
11250.5625,29832.575,96.07
18506.70833333333,30200.24583333333,86.3
18912.824267782427,27709.778242677825,69.22
13192.1875,21871.354166666668,89.82
4820.9375,13417.066666666668,123.85
159.875,5027.5875,165.29
-91.14583333333331,1054.1458333333333,216.06
-91.4375,0.0,240.57
-666.8541666666666,0.0,221.7
-2701.833333333333,0.0,195.0
-3939.9791666666665,0.0,179.72
-4906.416666666667,0.0,159.16
-6536.229166666667,0.0,149.14
-6884.854166666667,0.0,141.51
-6981.333333333333,0.0,123.55
-7031.729166666667,0.0,113.68
-7442.145833333333,0.0,118.6
-7192.729166666667,0.0,146.16
-7896.229166666667,0.0,200.0
-9098.354166666666,111.4625,252.46
-10437.229166666666,3815.870833333333,260.02
-9002.824267782427,9271.615062761506,237.02
-4007.4476987447697,14537.874476987448,213.94
-3282.8541666666665,15870.220833333333,180.28
593.1458333333334,24853.891666666663,133.19
109.4375,15007.966666666667,109.32
-4516.5,8200.25,101.4
-10256.354166666666,7510.641666666666,121.06
-10075.75,6381.545833333334,145.07
-12309.395833333334,1214.5666666666666,192.13
-12180.270833333334,89.60833333333333,228.11
-10973.604166666666,0.0,240.57
-9288.6820083682,0.0,229.24
-8274.666666666666,0.0,175.47
-8306.145833333334,0.0,119.68
-8414.104166666666,0.0,96.58
-8640.395833333334,0.0,100.37
-8547.020833333334,0.0,94.85
-8609.853556485356,0.0,85.9
-8656.291666666666,0.0,90.0
-8668.541666666666,0.0,93.36
-8655.979166666666,0.0,110.3
-8600.666666666666,0.0,143.0
-9983.020833333334,0.0,215.42
-12982.5625,719.9291666666667,236.21
-12044.020833333334,5232.808333333333,237.18
-9451.5,8358.745833333332,220.0
-5719.3125,11825.108333333334,208.94
-1833.0125523012557,14682.543933054394,174.59
273.1666666666667,19978.716666666667,151.24
-4821.875,10695.2875,139.95
-14841.1875,3813.6041666666665,139.44
-16879.916666666668,1934.8125,149.36
-12837.791666666666,1017.1583333333332,200.0
-11750.354166666666,128.31666666666666,235.44
-9923.9375,0.0,248.08
-8880.333333333334,0.0,226.74
-8858.833333333334,0.0,193.2
-8786.541666666666,0.0,184.68
-8797.5625,0.0,140.11
-8520.875,0.0,151.93
-8647.796610169491,0.0,152.01
-8479.479166666666,0.0,140.07
-8457.3125,0.0,132.43
-8310.958333333334,0.0,135.0
-8209.604166666666,0.0,151.45
-10071.1875,0.0,196.17
-12664.393305439333,0.0,229.3
-16335.833333333334,2565.6541666666667,250.59
-10051.958333333334,7796.058333333333,238.97
-10160.520833333334,9760.216666666667,211.31
-4880.416666666667,15554.375,195.56
94.4375,18489.93333333333,189.75
-3553.25,11838.891666666666,168.74
-2652.375,14598.558333333332,165.42
-1637.0625,17261.095833333333,167.6
-4713.598326359833,10790.246861924688,189.9
-10831.916666666666,3932.4125,213.96
-11248.75,434.4041666666666,246.99
-8302.666666666666,0.0,287.31
-7803.375,0.0,235.0
-7921.0625,0.0,199.07
-7810.020833333333,0.0,153.18
-7972.270833333333,0.0,116.12
-7906.083333333333,0.0,146.69
-7702.666666666667,0.0,131.83
-7540.916666666667,0.0,132.46
-7353.75,0.0,110.0
-7314.5,0.0,116.61
-7295.541666666667,0.0,140.99
-7376.083333333333,0.0,209.0
-8953.200836820084,0.0,235.05
-11715.583333333334,2039.7791666666667,260.0
-9015.604166666666,8825.225,245.0
-5042.1875,13141.633333333331,222.55
-1387.0208333333333,17650.708333333332,198.3
-306.9791666666667,19353.154166666667,189.93
-931.5625,17962.4625,164.0
367.75,24524.729166666668,144.55
-1157.2916666666667,17704.616666666665,144.27
-3914.7708333333335,11640.8375,151.92
-3717.9166666666665,4963.3375,199.13
-5776.8125,615.2666666666667,221.73
-9956.979166666666,0.0,219.73
-9349.8125,0.0,149.8
-9423.5625,0.0,116.63
-9050.3125,0.0,107.43
-9163.645833333334,0.0,69.82
-9057.958333333334,0.0,67.22
-8921.020833333334,0.0,56.55
-8682.270833333334,0.0,49.42
-8592.729166666666,0.0,48.93
-9005.8125,0.0,56.51
-8462.145833333334,0.0,67.21
-8521.291666666666,0.0,98.2
-9881.645833333334,0.0,165.01
-11186.208333333334,2453.958333333333,156.02
-10273.3125,7096.770833333333,105.11
-1976.5208333333333,15902.358333333334,84.06
497.9791666666667,24717.6125,72.19
1872.1666666666667,25640.366666666665,67.97
106.33333333333331,15530.058333333332,56.49
193.95833333333331,18035.30833333333,62.63
114.18067226890756,16136.47899159664,81.57
-794.0833333333334,8825.991666666667,123.6
-3415.395833333333,4487.870833333333,195.66
-6005.25,353.425,239.93
-8836.25,0.0,249.22
-9726.916666666666,0.0,208.64
-9513.5,0.0,198.52
-9620.395833333334,0.0,171.43
-9488.666666666666,0.0,117.55
-9628.333333333334,0.0,127.04
-9897.875,0.0,126.22
-9477.083333333334,0.0,138.16
-9551.729166666666,0.0,135.75
-9388.895833333334,0.0,139.02
-9488.125,0.0,140.3
-9764.229166666666,0.0,134.67
-9465.166666666666,0.0,182.43
-9054.416666666666,303.075,189.91
-7292.041666666667,2486.5875,184.18
-2384.708333333333,8303.954166666666,194.95
-1539.2916666666667,8987.675,120.01
-2335.3541666666665,7672.75,102.83
-1612.1041666666667,8876.0625,88.63
276.125,13264.925,83.92
-31.0,11646.733333333334,96.84
-1754.1458333333333,7019.579166666666,135.79
-4382.0,4363.904166666666,202.52
-6876.166666666667,441.4333333333333,235.09
-7752.229166666667,0.0,253.06
-9226.395833333334,0.0,231.94
-9229.520833333334,0.0,200.34
-9133.145833333334,0.0,187.94
-9246.833333333334,0.0,131.1
-9052.083333333334,0.0,106.89
-9127.75,0.0,107.67
-9326.333333333334,0.0,103.73
-9207.541666666666,0.0,108.09
-9666.291666666666,0.0,110.42
-9259.708333333334,0.0,116.68
-9332.991631799165,0.0,112.13
-9331.354166666666,0.0,118.08
-8896.916666666666,487.12916666666666,170.87
-6896.125,2798.9875,178.1
-4935.458333333333,4790.070833333333,166.76
-5465.9375,4294.166666666667,134.92
-4471.708333333333,5245.9875,123.17
-5554.541666666667,4316.408333333334,106.57
-5646.1875,4304.583333333333,101.39
-7815.895833333333,2031.6916666666664,112.8
-4125.395833333333,5928.983333333334,123.85
-5478.083333333333,4300.654166666666,182.5
-9066.4375,385.725,216.0
-9774.458333333334,0.0,238.29
-9262.041666666666,0.0,206.09
-9236.833333333334,0.0,158.36
-9293.875,0.0,175.5
-9358.125,0.0,132.88
-9324.5625,0.0,114.35
-9330.041666666666,0.0,118.04
-9200.708333333334,0.0,108.79
-9094.166666666666,0.0,109.84
-9446.958333333334,0.0,118.0
-9327.291666666666,0.0,156.82
-8872.770833333334,0.0,216.6
-11363.833333333334,0.0,258.13
-13140.041666666666,1549.0166666666669,268.32
-11659.041666666666,4511.829166666666,250.5
-9280.791666666666,8758.095833333333,216.0
-6057.786885245901,12023.737704918032,199.27
,,180.0
454.0217391304348,26189.815217391304,166.79
200.10416666666663,23679.425,173.74
202.875,17850.658333333333,190.98
27.479166666666668,9111.6125,208.7
-414.5208333333333,3331.2,229.97
-3386.083333333333,145.57916666666668,252.97
-7128.833333333333,0.0,262.12
-9123.5625,0.0,214.0
-9294.4375,0.0,206.0
-9150.020833333334,0.0,181.42
-9072.854166666666,0.0,151.97
-9162.666666666666,0.0,113.47
-9073.583333333334,0.0,106.28
-9125.625,0.0,102.05
-9461.625,0.0,92.12
-10039.25,0.0,97.17
-9540.291666666666,0.0,114.97
-9151.208333333334,0.0,165.1
-10605.666666666666,0.0,215.9
-14427.5,331.99583333333334,235.68
-15339.395833333334,2486.6208333333334,224.7
-12566.9375,5376.970833333334,214.55
-8771.5,8277.058333333332,199.42
-7710.146443514644,8230.887029288702,199.64
-4267.083333333333,14333.604166666666,188.69
-4015.1875,12782.6,182.0
-6336.75,10146.320833333331,171.6
-6339.75,10239.504166666668,172.09
-11110.3125,3598.9,183.27
-9402.208333333334,141.6125,184.8
-9300.3125,0.0,166.13
-9817.645833333334,0.0,137.92
-9626.333333333334,0.0,94.98
-9678.604166666666,0.0,69.37
-9488.895833333334,0.0,51.02
-9482.25,0.0,14.39
-9426.708333333334,0.0,5.65
-9443.229166666666,0.0,4.12
-9400.041666666666,0.0,0.09
-9397.125,0.0,0.15
-9490.6875,0.0,14.07
-9734.125,0.0,62.95
-12228.666666666666,0.0,132.17
-15903.0,1191.15,130.53
-8953.4375,7889.016666666666,98.43
-5657.666666666667,11715.275,61.32
-6639.104166666667,12334.433333333332,56.08
-398.5208333333333,21801.30833333333,48.09
-1188.1041666666667,14354.204166666666,44.06
-14507.8125,4711.629166666667,52.21
-16710.145833333332,4096.9125,56.76
-17268.833333333332,2057.3125,61.32
-14532.645833333334,576.3583333333333,89.99
-11319.6875,0.0,113.51
-8964.6875,0.0,118.44
-8667.75,0.0,87.89
-8607.833333333334,0.0,73.87
-8756.25,0.0,64.27
-8581.604166666666,0.0,52.29
-8661.541666666666,0.0,30.04
-8713.333333333334,0.0,30.17
-8702.354166666666,0.0,18.97
-8639.416666666666,0.0,18.8
-8872.020833333334,0.0,29.14
-8734.458333333334,0.0,47.74
-8870.145833333334,0.0,77.1
-10692.104166666666,0.0,104.74
-15926.166666666666,846.6875,108.08
-12801.354166666666,5435.216666666666,103.42
-11402.25,7633.379166666667,89.66
-4563.645833333333,15270.758333333331,77.05
-5389.541666666667,12548.095833333333,52.28
-6256.791666666667,11652.441666666668,30.0
391.1041666666667,21692.629166666666,18.9
-5329.9375,9683.125,30.02
-8479.729166666666,8498.733333333334,49.04
-10469.583333333334,3489.554166666667,64.91
-12588.583333333334,338.6083333333333,100.37
-11115.770833333334,0.0,118.21
-9721.125,0.0,88.08
-9572.4375,0.0,70.08
-9409.895833333334,0.0,65.17
-9441.8125,0.0,54.11
-9428.0,0.0,63.42
-9167.958333333334,0.0,60.45
-9511271.42920354,0.0,55.11
-9109.5,0.0,52.64
-9014.25,0.0,61.58
-8873.270833333334,0.0,73.05
-8881.541666666666,0.0,91.98
-10878.375,0.0,119.28
-13042.875,797.4166666666666,121.06
-13571.229166666666,3945.4041666666662,91.58
-3940.2083333333335,14534.170833333334,68.56
-1496.2133891213389,17457.330543933054,55.24
1354.2708333333333,26451.129166666666,44.06
1626.3333333333333,26233.666666666668,24.46
1152.0416666666667,14791.491666666669,23.22
-1367.7708333333333,10257.633333333331,30.08
-3659.5208333333335,6794.641666666666,55.28
-6878.541666666667,1643.8916666666669,82.66
-6971.020833333333,2.5375,110.0
-8768.020833333334,0.0,119.91
-8416.708333333334,0.0,98.93
-8439.083333333334,0.0,78.67
-8442.104166666666,0.0,80.7
-8395.520833333334,0.0,63.06
-8203.479166666666,0.0,73.0
-9089.8125,0.0,69.17
-9160.395833333334,0.0,67.66
-8256.1875,0.0,73.63
-8249.645833333334,0.0,68.66
-8259.854166666666,0.0,72.48
-8227.791666666666,0.0,66.04
-8070.541666666667,0.0,105.1
-7350.791666666667,874.9041666666667,137.33
-2980.4791666666665,5868.458333333333,141.0
210.375,14262.766666666666,149.99
1138.0,21421.991666666665,138.16
3717.5,26200.475,118.76
7645.645833333333,21904.05833333333,105.52
7098.8125,19193.095833333333,125.1
649.1458333333334,9050.029166666667,160.07
201.25,7109.4,180.35
-37.375,3061.3166666666666,210.99
-19.52083333333333,102.45,238.22
-2155.145833333333,0.0,256.47
-3502.625,0.0,223.06
-3641.3125,0.0,210.0
-4916.583333333333,0.0,192.06
-6973.145833333333,0.0,162.23
-7658.9375,0.0,137.46
-7747.5,0.0,109.43
-8032.770833333333,0.0,105.0
-8024.770833333333,0.0,114.59
-8497.770833333334,0.0,93.28
-8490.583333333334,0.0,105.0
-8311.25,0.0,83.86
-8131.0625,0.0,93.75
-8433.6875,958.2916666666666,119.31
-3239.4791666666665,5732.8125,83.45
218.47916666666663,14368.945833333331,82.9
889.625,21748.104166666668,87.84
3244.5416666666665,26100.725,73.17
9662.520833333334,26137.566666666666,61.82
10100.833333333334,22570.545833333334,60.01
6096.708333333333,16702.1375,77.05
605.3958333333334,8657.520833333334,100.21
-80.0625,2917.4083333333333,138.06
-170.22916666666666,73.45416666666667,191.19
-2382.8125,0.0,135.83
-3625.25,0.0,99.29
-3646.375,0.0,75.06
-4283.416666666667,0.0,79.28
-6380.708333333333,0.0,79.03
-7784.25,0.0,84.37
-7938.166666666667,0.0,81.55
-8135.0625,0.0,86.22
-7899.6875,0.0,84.39
-8022.395833333333,0.0,88.7
-7968.291666666667,0.0,111.82
-8333.166666666666,0.0,205.04
-10010.25,0.0,215.77
-12427.041666666666,1097.1,242.41
-10133.791666666666,5359.1125,219.24
-3626.945606694561,13434.92050209205,176.08
199.1875,21458.704166666663,151.95
428.4791666666667,23815.93333333333,153.05
344.327731092437,19955.306722689074,169.59
414.1458333333333,21026.55,174.02
608.7291666666666,15718.191666666668,200.91
-785.6666666666666,7456.820833333333,216.97
-4437.666666666667,2961.825,235.0
-4979.666666666667,175.85416666666666,255.1
-7554.354166666667,0.0,262.0
-9591.604166666666,0.0,214.96
-9594.6875,0.0,198.0
-8984.729166666666,0.0,182.06
-9199.291666666666,0.0,158.39
-9594.583333333334,0.0,115.66
-9220.520833333334,0.0,135.57
-9347.583333333334,0.0,124.36
-10551.0,0.0,114.92
-9126.895833333334,0.0,122.06
-9347.895833333334,0.0,155.1
-9892.8125,0.0,214.5
-11174.0,0.0,235.71
-14933.770833333334,1142.1708333333331,245.91
-13790.3125,4370.158333333334,235.06
-13408.326359832636,6584.384937238494,219.9
-11653.9375,10027.65,212.22
-7845.125523012553,12210.58158995816,197.03
-5568.8125,15213.758333333331,185.44
-4785.774058577405,16025.702928870292,165.01
-11173.895833333334,9539.554166666669,177.44
-12047.479166666666,5951.075,190.2
-12840.25,3202.5291666666667,223.47
-13539.958158995816,36.72803347280335,243.0
-11836.895833333334,0.0,223.47
-10505.334728033473,0.0,197.03
-10198.791666666666,0.0,138.28
-9839.229166666666,0.0,116.75
-9847.083333333334,0.0,84.27
-9833.0625,0.0,91.33
-9672.895833333334,0.0,85.4
-9480.416666666666,0.0,69.92
-9279.958333333334,0.0,66.8
-9287.083333333334,0.0,85.36
-9256.520833333334,0.0,93.24
-9220.3125,0.0,124.78
-11839.041666666666,0.0,197.01
-13462.979166666666,1623.45,220.0
-11015.479166666666,6422.85,200.0
-4639.915966386555,12466.710084033612,180.0
-520.6041666666666,18514.0125,141.01
228.16666666666663,20523.7875,119.31
352.875,22452.0,100.0
254.581589958159,18928.560669456067,100.03
-591.6666666666666,14607.775,126.01
-6081.625,7727.070833333333,148.99
-11617.333333333334,2556.241666666667,207.56
-11496.020833333334,55.44166666666667,235.27
-9335.270833333334,0.0,228.55
-9292.895833333334,0.0,198.95
-8697.583333333334,0.0,162.0
-8767.8125,0.0,148.81
-8322.0625,0.0,121.75
-8581.020833333334,0.0,133.02
-8954.666666666666,0.0,125.53
-8637.604166666666,0.0,118.96
-8570.25,0.0,122.02
-8437.0,0.0,131.7
-8532.729166666666,0.0,141.02
-8604.020833333334,0.0,180.0
-10862.291666666666,0.0,225.02
-14040.854166666666,347.93333333333334,250.34
-15183.416666666666,2244.2916666666665,203.98
-13121.0625,5393.15,171.4
-11069.25,6956.441666666667,142.77
-8625.208333333334,8197.283333333333,128.01
-4052.375,14449.316666666668,112.0
-611.7291666666666,20588.44583333333,113.01
-3588.36820083682,14396.28870292887,140.0
-6360.895833333333,7345.125,173.05
-10256.645833333334,2169.454166666667,198.93
-12647.625,4.633333333333334,220.69
-11064.354166666666,0.0,198.67
-9591.125,0.0,151.86
-9401.416666666666,0.0,100.19
-9725.979166666666,0.0,103.69
-9831.25,0.0,99.09
-9961.104166666666,0.0,94.98
-9370.520833333334,0.0,83.99
-9592.395833333334,0.0,78.35
-9764.916666666666,0.0,69.41
-9698.604166666666,0.0,75.29
-9489.0625,0.0,89.61
-9857.916666666666,0.0,132.65
-11347.583333333334,0.0,174.4
-13121.541666666666,588.8458333333333,199.36
-14065.041666666666,2180.5916666666667,148.42
-12331.416666666666,4969.395833333333,106.16
-10033.583333333334,6689.995833333333,97.1
-6597.426778242678,9321.47280334728,91.29
-2039.6458333333333,16511.020833333332,85.51
182.3125,19956.491666666665,90.34
-314.9375,13705.395833333334,101.05
-6238.541666666667,7036.645833333333,137.9
-9218.291666666666,2789.108333333333,187.96
-10373.229166666666,19.6625,170.07
-9225.833333333334,0.0,152.33
-8928.0625,0.0,106.18
-8700.416666666666,0.0,88.89
-8203.541666666666,0.0,84.61
-8596.583333333334,0.0,65.51
-8672.104166666666,0.0,75.05
-8643.458333333334,0.0,72.22
-8308.916666666666,0.0,75.47
-8244.6875,0.0,70.0
-8321.208333333334,0.0,67.03
-8477.104166666666,0.0,69.43
-8392.5625,0.0,81.3
-8430.854166666666,0.0,92.31
-7078.354166666667,1565.3875,117.65
-5297.479166666667,3857.7,116.89
-6069.229166666667,2850.258333333333,109.03
-5363.604166666667,3664.4166666666665,101.31
-5763.083333333333,3265.020833333333,81.07
-4148.8125,4678.033333333334,78.56
-5214.0,3861.954166666667,71.58
-4447.0625,5085.016666666666,71.59
-6434.770833333333,2592.1,80.0
-8746.6875,237.27083333333331,86.98
-8892.0,0.0,114.67
-8751.666666666666,0.0,107.83
-9198.291666666666,0.0,88.24
-8903.208333333334,0.0,67.36
-8741.708333333334,0.0,66.93
-8799.854166666666,0.0,57.18
-9084.4375,0.0,56.14
-8816.666666666666,0.0,60.87
-8943.375,0.0,69.03
-8731.041666666666,0.0,64.49
-8971.75,0.0,57.11
-8900.458333333334,0.0,58.65
-8686.416666666666,0.0,56.0
-8813.625,0.0,54.73
-8086.708333333333,696.5375,60.24
-4899.291666666667,4146.875,61.09
-1948.0833333333333,8888.5875,71.71
230.10416666666663,12834.8,64.99
185.27083333333331,10904.895833333334,64.91
252.77083333333331,14128.1125,61.66
398.3333333333333,15211.383333333331,56.12
57.5625,7275.6375,56.15
-1350.0,2843.133333333333,63.1
-4047.875,1310.1208333333334,69.92
-6172.583333333333,0.0375,79.13
-8623.75,0.0,74.54
-8828.104166666666,0.0,60.06
-8185.770833333333,0.0,52.2
-8657.708333333334,0.0,52.49
-8608.333333333334,0.0,58.5
-9078.833333333334,0.0,52.33
