Time,EDM: Balance
1625090400000,-13475.520833333334
1625094000000,-13472.824267782427
1625097600000,-14105.166666666666
1625101200000,-12782.541666666666
1625104800000,-13033.75
1625108400000,-14648.875
1625112000000,-12692.708333333334
1625115600000,-12445.041666666666
1625119200000,-12820.583333333334
1625122800000,-13939.25
1625126400000,-8890.627615062762
1625130000000,-10394.854166666666
1625133600000,-4663.041666666667
1625137200000,-6395.708333333333
1625140800000,-14230.4375
1625144400000,-12445.794979079497
1625148000000,-5793.1875
1625151600000,-8065.604166666667
1625155200000,-7104.604166666667
1625158800000,-9193.041666666666
1625162400000,-11949.208333333334
1625166000000,-12986.6875
1625169600000,-12762.458333333334
1625173200000,-12466.541666666666
1625176800000,-13040.854166666666
1625180400000,-12284.375
1625184000000,-12487.791666666666
1625187600000,-13194.770833333334
1625191200000,-12020.041666666666
1625194800000,-11458.583333333334
1625198400000,-9276.395833333334
1625202000000,-4176.1875
1625205600000,109.72916666666667
1625209200000,1535.7083333333333
1625212800000,2861.8125
1625216400000,9559.020833333334
1625220000000,12918.895833333334
1625223600000,14427.604166666666
1625227200000,16392.5
1625230800000,19794.9375
1625234400000,14198.791666666666
1625238000000,10514.979166666666
1625241600000,2963.125
1625245200000,166.54166666666666
1625248800000,-857.0833333333334
1625252400000,-3936.875
1625256000000,-8700.520833333334
1625259600000,-8520.6875
1625263200000,-11126.833333333334
1625266800000,-11260.209205020921
1625270400000,-11471.395833333334
1625274000000,-11724.791666666666
1625277600000,-10710.666666666666
1625281200000,-10894.895833333334
1625284800000,-8876.895833333334
1625288400000,-2782.625
1625292000000,128
1625295600000,1938.375
1625299200000,8270
1625302800000,25559.125
1625306400000,27035.270833333332
1625310000000,32023.625
1625313600000,32189.708333333332
1625317200000,27356.354166666668
1625320800000,17026.291666666668
1625324400000,2744.2291666666665
1625328000000,-605.1875
1625331600000,-244.58333333333334
1625335200000,-757.4166666666666
1625338800000,-8138.104166666667
1625342400000,-9167.9375
1625346000000,-9086
1625349600000,-13150.375
1625353200000,-12149.604166666666
1625356800000,-11804.104166666666
1625360400000,-12757.9375
1625364000000,-12114.541666666666
1625367600000,-12369.208333333334
1625371200000,-9846.020833333334
1625374800000,-4979.541666666667
1625378400000,50.125
1625382000000,313.8958333333333
1625385600000,2353.8333333333335
1625389200000,471.8333333333333
1625392800000,-236.5625
1625396400000,-86.45833333333333
1625400000000,400.5416666666667
1625403600000,4013.1041666666665
1625407200000,5044.229166666667
1625410800000,787.4375
1625414400000,-0.1875
1625418000000,-250.75
1625421600000,-3050.5
1625425200000,-8038.9375
1625428800000,-8856.354166666666
1625432400000,-10609.125
1625436000000,-12072.583333333334
1625439600000,-11441.359832635982
1625443200000,-12021.041666666666
1625446800000,-12317.75
1625450400000,-12459.833333333334
1625454000000,-12036.104166666666
1625457600000,-10095.9375
1625461200000,-13035.6875
1625464800000,-15676.791666666666
1625468400000,-8711.1875
1625472000000,-11636.317991631799
1625475600000,-9844.333333333334
1625479200000,-6628.4375
1625482800000,-8589.854166666666
1625486400000,1095.7708333333333
1625490000000,931.2291666666666
1625493600000,-52.166666666666664
1625497200000,-785.9583333333334
1625500800000,-283.7291666666667
1625504400000,-4788.645833333333
1625508000000,-11258.666666666666
1625511600000,-15220.895833333334
1625515200000,-13849.8125
1625518800000,-13556.0625
1625522400000,-13358.229166666666
1625526000000,-13146.736401673641
1625529600000,-12822.229166666666
1625533200000,-12382.5
1625536800000,-12035.125
1625540400000,-12671.125
1625544000000,-10936.6875
1625547600000,-5572.3125
1625551200000,-5816.520833333333
1625554800000,-6308.791666666667
1625558400000,-19804.104166666668
1625562000000,-15144.07949790795
1625565600000,-18399.979166666668
1625569200000,-17823.5
1625572800000,-20716.979166666668
1625576400000,-18879.604166666668
1625580000000,-18007.916666666668
1625583600000,-13854.3125
1625587200000,-14326.666666666666
1625590800000,-13727.604166666666
1625594400000,-15914.333333333334
1625598000000,-14048.104166666666
1625601600000,-15005.416666666666
1625605200000,-12270.541666666666
1625608800000,-10716.604166666666
1625612400000,-10853.1875
1625616000000,-10248.5
1625619600000,-10707.604166666666
1625623200000,-9915.708333333334
1625626800000,-10488.270833333334
1625630400000,-8314.5625
1625634000000,-11605.520833333334
1625637600000,-8739.770833333334
1625641200000,-4072.2083333333335
1625644800000,2145.7291666666665
1625648400000,6667.291666666667
1625652000000,13166.770833333334
1625655600000,22455.854166666668
1625659200000,27496.895833333332
1625662800000,22388.145833333332
1625666400000,19172.979166666668
1625670000000,10623.8125
1625673600000,581.0833333333334
1625677200000,55.02092050209205
1625680800000,-610.4583333333334
1625684400000,-2909.6875
1625688000000,-7124.229166666667
1625691600000,-7485.708333333333
1625695200000,-10796.833333333334
1625698800000,-11180.3125
1625702400000,-10740.270833333334
1625706000000,-10816.1875
1625709600000,-10789.458333333334
1625713200000,-10419.5625
1625716800000,-11071.520833333334
1625720400000,-8683.083333333334
1625724000000,-12747.4375
1625727600000,-118.9375
1625731200000,-7589.666666666667
1625734800000,-12932.531380753138
1625738400000,-16564.208333333332
1625742000000,-12566.94560669456
1625745600000,-10898.229166666666
1625749200000,-9713.333333333334
1625752800000,-7531.791666666667
1625756400000,-7156.541666666667
1625760000000,-13592.125
1625763600000,-12665.770833333334
1625767200000,-14640.770833333334
1625770800000,-15772.583333333334
1625774400000,-14957.8125
1625778000000,-15457.9375
1625781600000,-15583.729166666666
1625785200000,-16042.719665271967
1625788800000,-16407.125
1625792400000,-15853.9375
1625796000000,-15552.6875
1625799600000,-11562.833333333334
1625803200000,-10741.583333333334
1625806800000,-9977.875
1625810400000,-10061.333333333334
1625814000000,-4195.6875
1625817600000,2390.75
1625821200000,7103.145833333333
1625824800000,2878.875
1625828400000,7303.166666666667
1625832000000,7238.020833333333
1625835600000,14903.625
1625839200000,3271.3541666666665
1625842800000,77.89583333333333
1625846400000,-4409.3125
1625850000000,-4382.791666666667
1625853600000,-5665.791666666667
1625857200000,-8192.125
1625860800000,-9749.791666666666
1625864400000,-11091.8125
1625868000000,-11143.5625
1625871600000,-11154.330543933054
1625875200000,-10320.520833333334
1625878800000,-10548.770833333334
1625882400000,-10771.833333333334
1625886000000,-10356.1875
1625889600000,-7884.0625
1625893200000,-2739.6666666666665
1625896800000,143
1625900400000,2253.625
1625904000000,8927.645833333334
1625907600000,23656.6875
1625911200000,31703.541666666668
1625914800000,22564.479166666668
1625918400000,9113.020833333334
1625922000000,25935.270833333332
1625925600000,12381.3125
1625929200000,14248.041666666666
1625932800000,3190.5
1625936400000,-113.85416666666667
1625940000000,-392.1458333333333
1625943600000,-1221.0208333333333
1625947200000,-7687.0625
1625950800000,-8117.791666666667
1625954400000,-9487.895833333334
1625958000000,-11430.962343096235
1625961600000,-10684.145833333334
1625965200000,-11882.6875
1625968800000,-10780.416666666666
1625972400000,-11603.520833333334
1625976000000,-9209.625
1625979600000,-7293.625
1625983200000,660.7291666666666
1625986800000,4334.666666666667
1625990400000,3958.7916666666665
1625994000000,4787.75
1625997600000,25625
1626001200000,7567.604166666667
1626004800000,15802.75
1626008400000,5467.020833333333
1626012000000,13690.875
1626015600000,14950.0625
1626019200000,7327.520833333333
1626022800000,275.7291666666667
1626026400000,-290.8125
1626030000000,-672.6041666666666
1626033600000,-5219.291666666667
1626037200000,-7514
1626040800000,-8544.104166666666
1626044400000,-9454.393305439331
1626048000000,-10836.75
1626051600000,-10559.5
1626055200000,-10737.583333333334
1626058800000,-10625.958333333334
1626062400000,-7782.604166666667
1626066000000,-6074.583333333333
1626069600000,-627.6666666666666
1626073200000,-47.458333333333336
1626076800000,493.7291666666667
1626080400000,546.0208333333334
1626084000000,1599.75
1626087600000,6628.708333333333
1626091200000,5047.5625
1626094800000,4914.229166666667
1626098400000,359.75
1626102000000,1774
1626105600000,-510.6458333333333
1626109200000,-1273.2916666666667
1626112800000,-5675.333333333333
1626116400000,-10644.479166666666
1626120000000,-14077.5625
1626123600000,-12821.166666666666
1626127200000,-13859.208333333334
1626130800000,-12893.138075313807
1626134400000,-12281.166666666666
1626138000000,-13226.0625
1626141600000,-12832.791666666666
1626145200000,-14541.5625
1626148800000,-12913.354166666666
1626152400000,-14960.145833333334
1626156000000,-19993.291666666668
1626159600000,-25864.458333333332
1626163200000,-24173
1626166800000,-23712.6875
1626170400000,-20345.791666666668
1626174000000,-14309.604166666666
1626177600000,-19133.625
1626181200000,-19763.0625
1626184800000,-15106.020833333334
1626188400000,-11596.0625
1626192000000,-5580.083333333333
1626195600000,-6200.208333333333
1626199200000,-10672.041666666666
1626202800000,-11318.229166666666
1626206400000,-13081.833333333334
1626210000000,-10746.604166666666
1626213600000,-11151.833333333334
1626217200000,-12198.020833333334
1626220800000,-11714.854166666666
1626224400000,-11229.666666666666
1626228000000,-11057.270833333334
1626231600000,-11261.4375
1626235200000,-8873.395833333334
1626238800000,-8373.458333333334
1626242400000,-13197.394957983193
1626246000000,-15610.287610619469
1626249600000,-18163.597285067874
1626253200000,-17558.811659192826
1626256800000,-10880.065789473685
1626260400000,-3620.372807017544
1626264000000,-7666.4473684210525
1626267600000,-3210.08547008547
1626271200000,-3845.3813559322034
1626274800000,-7282.25
1626278400000,-16193.872340425532
1626282000000,-13688.395833333334
1626285600000,-15554.145833333334
1626289200000,-15360.979166666666
1626292800000,-14093.041666666666
1626296400000,-11211.729166666666
1626300000000,-11707.895833333334
1626303600000,-11379.791666666666
1626307200000,-10553.104166666666
1626310800000,-11665
1626314400000,-10667.625
1626318000000,-11405.145833333334
1626321600000,-11582.354166666666
1626325200000,-12300.895833333334
1626328800000,-16469.354166666668
1626332400000,-16335.4375
1626336000000,-14669.791666666666
1626339600000,-6836.416666666667
1626343200000,-4093.6041666666665
1626346800000,1754.9166666666667
1626350400000,2324.1041666666665
1626354000000,-2927.3333333333335
1626357600000,2246.5833333333335
1626361200000,4260.4375
1626364800000,-39.479166666666664
1626368400000,-3640.7291666666665
1626372000000,-8096.041666666667
1626375600000,-15549.729166666666
1626379200000,-17340.3125
1626382800000,-14123.729166666666
1626386400000,-13558.229166666666
1626390000000,-12463.284518828452
1626393600000,-13341.1875
1626397200000,-11832.5625
1626400800000,-14757.583333333334
1626404400000,-12016.333333333334
1626408000000,-11479.479166666666
1626411600000,-7901.270833333333
1626415200000,-4626.770833333333
1626418800000,-369.6652719665272
1626422400000,2077.1458333333335
1626426000000,1516.75
1626429600000,6124.625
1626433200000,532.6666666666666
1626436800000,5080.604166666667
1626440400000,3090.0625
1626444000000,-82.1875
1626447600000,2663.8333333333335
1626451200000,1203.3333333333333
1626454800000,-3893.5208333333335
1626458400000,-7071.6875
1626462000000,-12358.354166666666
1626465600000,-13997.979166666666
1626469200000,-13505.9375
1626472800000,-13114.333333333334
1626476400000,-13281.9375
1626480000000,-13097.458333333334
1626483600000,-12826.104166666666
1626487200000,-13699.291666666666
1626490800000,-12997.729166666666
1626494400000,-11193.770833333334
1626498000000,-7895.458333333333
1626501600000,-2771.0416666666665
1626505200000,-3954.1458333333335
1626508800000,-1037.5
1626512400000,-829.875
1626516000000,1085.0625
1626519600000,127.77083333333333
1626523200000,1432.6458333333333
1626526800000,62.645833333333336
1626530400000,4055.3333333333335
1626534000000,469.0833333333333
1626537600000,-109.625
1626541200000,-461.4791666666667
1626544800000,-2744.375
1626548400000,-13008.229166666666
1626552000000,-13861.145833333334
1626555600000,-13493.083333333334
1626559200000,-13251.416666666666
1626562800000,-12772.645833333334
1626566400000,-13109.104166666666
1626570000000,-13228.166666666666
1626573600000,-13970.833333333334
1626577200000,-13558.270833333334
1626580800000,-11130
1626584400000,-6068.708333333333
1626588000000,-490.0625
1626591600000,1870.9791666666667
1626595200000,6685.25
1626598800000,18314.270833333332
1626602400000,27572.979166666668
1626606000000,30877.833333333332
1626609600000,27605.770833333332
1626613200000,24172.770833333332
1626616800000,21801.8125
1626620400000,12105.270833333334
1626624000000,3830.4166666666665
1626627600000,-492.2083333333333
1626631200000,-723.875
1626634800000,-1288.9791666666667
1626638400000,-8340.479166666666
1626642000000,-11498.958333333334
1626645600000,-13110.958333333334
1626649200000,-13980.729166666666
1626652800000,-13591.6875
1626656400000,-12779.791666666666
1626660000000,-12240.729166666666
1626663600000,-12348.354166666666
1626667200000,-10905.833333333334
1626670800000,-8384.811715481172
1626674400000,-2253.4309623430963
1626678000000,287.0208333333333
1626681600000,1394.8125
1626685200000,4525.666666666667
1626688800000,9241.270833333334
1626692400000,11719.769874476988
1626696000000,14385.666666666666
1626699600000,13968.5
1626703200000,12968.645833333334
1626706800000,9199.479166666666
1626710400000,2655.7708333333335
1626714000000,84.9375
1626717600000,-1237.9791666666667
1626721200000,-3752.3125
1626724800000,-10208.625
1626728400000,-12307.583333333334
1626732000000,-13344.291666666666
1626735600000,-13758.166666666666
1626739200000,-13106.395833333334
1626742800000,-13132.583333333334
1626746400000,-13170.520833333334
1626750000000,-13129.145833333334
1626753600000,-11754.937238493723
1626757200000,-8408.4375
1626760800000,-2119.8125
1626764400000,288.6041666666667
1626768000000,2308.3333333333335
1626771600000,6402.229166666667
1626775200000,14959.708333333334
1626778800000,15706.375
1626782400000,18924.458333333332
1626786000000,14935.983263598326
1626789600000,11735.666666666666
1626793200000,7887.5
1626796800000,1424.3933054393306
1626800400000,-76.25
1626804000000,-983.25
1626807600000,-4521.333333333333
1626811200000,-9735.833333333334
1626814800000,-13017.041666666666
1626818400000,-13224.166666666666
1626822000000,-13674.166666666666
1626825600000,-13130.791666666666
1626829200000,-13502.4375
1626832800000,-13188.958333333334
1626836400000,-12959.145833333334
1626840000000,-12611.020833333334
1626843600000,-9213.541666666666
1626847200000,-5116.916666666667
1626850800000,-246.4375
1626854400000,1479.3958333333333
1626858000000,4469.729166666667
1626861600000,15245.3125
1626865200000,11912.5625
1626868800000,13393.604166666666
1626872400000,10738.375
1626876000000,9484.5625
1626879600000,4316.041666666667
1626883200000,378.6875
1626886800000,-827.4791666666666
1626890400000,-2752.7405857740587
1626894000000,-9577.645833333334
1626897600000,-13719.395833333334
1626901200000,-13512.666666666666
1626904800000,-13412.395833333334
1626908400000,-14975.979166666666
1626912000000,-13912.458333333334
1626915600000,-12597.833333333334
1626919200000,-13238.729166666666
1626922800000,-13944.979166666666
1626926400000,-11811.4375
1626930000000,-8959.729166666666
1626933600000,-4611.270833333333
1626937200000,177.16101694915255
1626940800000,1477.6875
1626944400000,4541.625
1626948000000,13826.770833333334
1626951600000,13740.4375
1626955200000,14033.0625
1626958800000,12158.104166666666
1626962400000,8041.75
1626966000000,3544.8333333333335
1626969600000,360.8541666666667
1626973200000,95.83333333333333
1626976800000,-1229.5833333333333
1626980400000,-4763.479166666667
1626984000000,-11689.145833333334
1626987600000,-13460.8125
1626991200000,-13219
1626994800000,-13026.5625
1626998400000,-12964.083333333334
1627002000000,-12688.208333333334
1627005600000,-12837.770833333334
1627009200000,-12763.145833333334
1627012800000,-11703.625
1627016400000,-8681.166666666666
1627020000000,-5195.125
1627023600000,186.8125
1627027200000,197.39583333333334
1627030800000,2395.0625
1627034400000,15101.604166666666
1627038000000,20978.5625
1627041600000,19634.666666666668
1627045200000,15906.791666666666
1627048800000,11324.8125
1627052400000,5432.166666666667
1627056000000,-21.708333333333332
1627059600000,-651.1666666666666
1627063200000,-4274.875
1627066800000,-10336
1627070400000,-12328.3125
1627074000000,-14126.458333333334
1627077600000,-13659.833333333334
1627081200000,-13907.907949790795
1627084800000,-14299.104166666666
1627088400000,-14031.041666666666
1627092000000,-13957.583333333334
1627095600000,-14425.1875
1627099200000,-13724.645833333334
1627102800000,-9794.416666666666
1627106400000,-12305.020833333334
1627110000000,-8921.25
1627113600000,-2099.125
1627117200000,5240.5625
1627120800000,9794.270833333334
1627124400000,9738.666666666666
1627128000000,18484.395833333332
1627131600000,7298
1627135200000,4914.479166666667
1627138800000,1490.5416666666667
1627142400000,-30.354166666666668
1627146000000,-718.375
1627149600000,-1220.2291666666667
1627153200000,-6524.875
1627156800000,-10604.291666666666
1627160400000,-13947.4375
1627164000000,-13553.333333333334
1627167600000,-14085.5
1627171200000,-14061.875
1627174800000,-13962.875
1627178400000,-14444.5
1627182000000,-13929.125
1627185600000,-13347.041666666666
1627189200000,-11235.0625
1627192800000,-3244.3958333333335
1627196400000,2471
1627200000000,6198.229166666667
1627203600000,6306.854166666667
1627207200000,11964.625
1627210800000,24391.645833333332
1627214400000,23095.083333333332
1627218000000,21033.25
1627221600000,7924
1627225200000,926.6875
1627228800000,-313.8125
1627232400000,-326.4583333333333
1627236000000,-5042.1875
1627239600000,-10137.854166666666
1627243200000,-12643.979166666666
1627246800000,-13476.6875
1627250400000,-13060.208333333334
1627254000000,-13418.666666666666
1627257600000,-13562.666666666666
1627261200000,-13762.583333333334
1627264800000,-13649.4375
1627268400000,-13730.666666666666
1627272000000,-12831.604166666666
1627275600000,-12316.5625
1627279200000,-12913.166666666666
1627282800000,-865.0833333333334
1627286400000,2449.0625
1627290000000,3794.875
1627293600000,7220.543933054393
1627297200000,12167
1627300800000,-1000.2708333333334
1627304400000,2713.4583333333335
1627308000000,-341.0833333333333
1627311600000,947.625
1627315200000,-2570.1458333333335
1627318800000,-8395.916666666666
1627322400000,-14235.1875
1627326000000,-18404.375
1627329600000,-17684.520833333332
1627333200000,-14872.583333333334
1627336800000,-14717.3125
1627340400000,-14473.07531380753
1627344000000,-14327.625
1627347600000,-14368.041666666666
1627351200000,-15099.645833333334
1627354800000,-13971.270833333334
1627358400000,-12522.479166666666
1627362000000,-7473.104166666667
1627365600000,-6028.535564853557
1627369200000,-1884.3125
1627372800000,1698.125
1627376400000,2908.2916666666665
1627380000000,31.736401673640167
1627383600000,41.770833333333336
1627387200000,3346.3333333333335
1627390800000,760.5625
1627394400000,777.8125
1627398000000,-862.1458333333334
1627401600000,-2152.6666666666665
1627405200000,-8330.520833333334
1627408800000,-16788.333333333332
1627412400000,-17655.020833333332
1627416000000,-17431.041666666668
1627419600000,-17512.875
1627423200000,-16729.916666666668
1627426800000,-14201.854166666666
1627430400000,-15019.645833333334
1627434000000,-15323.916666666666
1627437600000,-14822.9375
1627441200000,-14472.604166666666
1627444800000,-12978.25
1627448400000,-11933.895833333334
1627452000000,-16485
1627455600000,-15083.729166666666
1627459200000,-8569.416666666666
1627462800000,-8874.89539748954
1627466400000,2349.9166666666665
1627470000000,4615.458333333333
1627473600000,1678.6458333333333
1627477200000,-4410.291666666667
1627480800000,-962.0625
1627484400000,-1551.9583333333333
1627488000000,-7261.416666666667
1627491600000,-11796.666666666666
1627495200000,-15971.916666666666
1627498800000,-17635.645833333332
1627502400000,-17727.458333333332
1627506000000,-18097.791666666668
1627509600000,-16918.368644067796
1627513200000,-16313.933054393305
1627516800000,-13415.708333333334
1627520400000,-13274.395833333334
1627524000000,-13448.5625
1627527600000,-13528.5625
1627531200000,-13510.458333333334
1627534800000,-12941.729166666666
1627538400000,-14206.833333333334
1627542000000,-3638.033472803347
1627545600000,3297.1041666666665
1627549200000,4978.645833333333
1627552800000,7395.854166666667
1627556400000,10463.333333333334
1627560000000,11422.645833333334
1627563600000,8418.604166666666
1627567200000,11037.6875
1627570800000,7606.520833333333
1627574400000,1032.1041666666667
1627578000000,-591.125
1627581600000,-1577.8125
1627585200000,-5308.875
1627588800000,-8618.604166666666
1627592400000,-11453.895833333334
1627596000000,-11516.854166666666
1627599600000,-12288.0625
1627603200000,-11503.979166666666
1627606800000,-11615.041666666666
1627610400000,-11954.854166666666
1627614000000,-10962.479166666666
1627617600000,-10196.041666666666
1627621200000,-9448.229166666666
1627624800000,-3254.5833333333335
1627628400000,-253.95833333333334
1627632000000,2217.6666666666665
1627635600000,6284.1875
1627639200000,13993.208333333334
1627642800000,19753.729166666668
1627646400000,21323.9375
1627650000000,17331.645833333332
1627653600000,5603.541666666667
1627657200000,4168.138075313807
1627660800000,860.625
1627664400000,-542.1666666666666
1627668000000,-1138.75
1627671600000,-6918.479166666667
1627675200000,-9929.875
1627678800000,-13311.25
1627682400000,-13615.479166666666
1627686000000,-13129.125
1627689600000,-12309.0625
1627693200000,-13254.520833333334
1627696800000,-12205.958333333334
1627700400000,-12174.083333333334
1627704000000,-12277.354166666666
1627707600000,-6867.25
1627711200000,-1019.5
1627714800000,984.1041666666666
1627718400000,5180.0625
1627722000000,11147.354166666666
1627725600000,22668.708333333332
1627729200000,22903.833333333332
1627732800000,19697.833333333332
1627736400000,21865.25
1627740000000,14618.854166666666
1627743600000,2424.9583333333335
1627747200000,690.375
1627750800000,-155.6875
1627754400000,-1192.6458333333333
1627758000000,-4077.3333333333335
1627761600000,-8525.895833333334
1627765200000,-11167.5625
1627768800000,-12659.333333333334
1627772400000,-13092.083333333334
1627776000000,-12494.083333333334
1627779600000,-12686.125
1627783200000,-12663.854166666666
1627786800000,-12006.333333333334
1627790400000,-11837.895833333334
1627794000000,-11553.166666666666
1627797600000,-6877.6875
1627801200000,-770.3125
1627804800000,136.89583333333334
1627808400000,165.41666666666666
1627812000000,3228.75
1627815600000,11824.6875
1627819200000,7217.395833333333
1627822800000,4055.0416666666665
1627826400000,4440.75
1627830000000,11623.166666666666
1627833600000,3391.2291666666665
1627837200000,-104.72916666666667
1627840800000,-451.0625
1627844400000,-2338.7291666666665
1627848000000,-7934.020833333333
1627851600000,-10558.5625
1627855200000,-12305.5625
1627858800000,-12037.479166666666
1627862400000,-11620.770833333334
1627866000000,-11573.541666666666
1627869600000,-11115.645833333334
1627873200000,-11809.020833333334
1627876800000,-11654.75
1627880400000,-11222.895833333334
1627884000000,-4460.229166666667
1627887600000,-3605.1875
1627891200000,749.2083333333334
1627894800000,267.1757322175732
1627898400000,4425.458333333333
1627902000000,5040.25
1627905600000,14815.854166666666
1627909200000,19795.270833333332
1627912800000,11708.541666666666
1627916400000,4347.4375
1627920000000,1057.1666666666667
1627923600000,-78.10416666666667
1627927200000,-357.2916666666667
1627930800000,-3307.9166666666665
1627934400000,-7152.625
1627938000000,-9916.583333333334
1627941600000,-10275.208333333334
1627945200000,-10785.520833333334
1627948800000,-10255.354166666666
1627952400000,-10162.645833333334
1627956000000,-10162.916666666666
1627959600000,-9788.020833333334
1627963200000,-10946.666666666666
1627966800000,-6776.9375
1627970400000,-4801.5625
1627974000000,-13099.208333333334
1627977600000,-13829.645833333334
1627981200000,-14023.416666666666
1627984800000,3723.6666666666665
1627988400000,8475.75
1627992000000,2443.8541666666665
1627995600000,3409.1875
1627999200000,-529.5833333333334
1628002800000,2143.4583333333335
1628006400000,-6.291666666666667
1628010000000,-165.25210084033614
1628013600000,-2290.0416666666665
1628017200000,-7197.125
1628020800000,-10160.333333333334
1628024400000,-10017.791666666666
1628028000000,-10113.625
1628031600000,-9964.895833333334
1628035200000,-9658.770833333334
1628038800000,-10120.666666666666
1628042400000,-9762.708333333334
1628046000000,-9949.625
1628049600000,-10231.5625
1628053200000,-8239.895833333334
1628056800000,-2955.6875
1628060400000,-3843.375
1628064000000,304.2916666666667
1628067600000,1350.5416666666667
1628071200000,6140.1875
1628074800000,6220.395833333333
1628078400000,6867.770833333333
1628082000000,7205.729166666667
1628085600000,4758.4375
1628089200000,1338.2291666666667
1628092800000,119.22916666666667
1628096400000,25.5625
1628100000000,-291.4791666666667
1628103600000,-1956.3958333333333
1628107200000,-4966.791666666667
1628110800000,-6328.916666666667
1628114400000,-9247.270833333334
1628118000000,-9619.267782426778
1628121600000,-10071.395833333334
1628125200000,-9595.4375
1628128800000,-9303.375
1628132400000,-9236.375
1628136000000,-9426.270833333334
1628139600000,-4374.583333333333
1628143200000,-997.8333333333334
1628146800000,283.9583333333333
1628150400000,3205.3333333333335
1628154000000,5776.020833333333
1628157600000,13396.4375
1628161200000,12839.541666666666
1628164800000,20990.416666666668
1628168400000,16657.145833333332
1628172000000,5512.479166666667
1628175600000,9148.604166666666
1628179200000,65.16666666666667
1628182800000,-15.291666666666666
1628186400000,-107.9375
1628190000000,-3812.7291666666665
1628193600000,-5553.8125
1628197200000,-6999.8125
1628200800000,-10034.333333333334
1628204400000,-9598.979166666666
1628208000000,-9736.645833333334
1628211600000,-9297.0625
1628215200000,-9356.666666666666
1628218800000,-9731.854166666666
1628222400000,-10726.1875
1628226000000,-8882.9375
1628229600000,-7781.208333333333
1628233200000,-5265.25
1628236800000,2434.7291666666665
1628240400000,779.8333333333334
1628244000000,5717.916666666667
1628247600000,9137.229166666666
1628251200000,9055.1875
1628254800000,3785.0833333333335
1628258400000,13362.145833333334
1628262000000,1899.0208333333333
1628265600000,1231.2291666666667
1628269200000,38.291666666666664
1628272800000,-212.5625
1628276400000,-4499.291666666667
1628280000000,-4792.395833333333
1628283600000,-9286.083333333334
1628287200000,-9368.979166666666
1628290800000,-8861
1628294400000,-9051.4375
1628298000000,-9056.8125
1628301600000,-8892.666666666666
1628305200000,-8975.4375
1628308800000,-8821.208333333334
1628312400000,-4234.6875
1628316000000,-2156.2083333333335
1628319600000,1318.1666666666667
1628323200000,634.8958333333334
1628326800000,1421.7083333333333
1628330400000,170.02083333333334
1628334000000,91.52083333333333
1628337600000,51.25
1628341200000,37.875
1628344800000,119.5
1628348400000,420.9791666666667
1628352000000,763.2291666666666
1628355600000,801.5208333333334
1628359200000,-965.4166666666666
1628362800000,-3210.1875
1628366400000,-5670.145833333333
1628370000000,-8575.5
1628373600000,-9154.0625
1628377200000,-9268.583333333334
1628380800000,-9191.145833333334
1628384400000,-8718.458333333334
1628388000000,-8608.6875
1628391600000,-8966.666666666666
1628395200000,-8076.229166666667
1628398800000,-5093
1628402400000,-3903.5
1628406000000,1389.7291666666667
1628409600000,584.2708333333334
1628413200000,2745.0416666666665
1628416800000,3815.4375
1628420400000,10600.895833333334
1628424000000,26126.479166666668
1628427600000,17436.333333333332
1628431200000,18617.875
1628434800000,5072.729166666667
1628438400000,4708.333333333333
1628442000000,244.91666666666666
1628445600000,-162.08333333333334
1628449200000,-176.54166666666666
1628452800000,-940.1875
1628456400000,-4894.916666666667
1628460000000,-5401.270833333333
1628463600000,-6905.125
1628467200000,-8327.083333333334
1628470800000,-8200.958333333334
1628474400000,-8047.916666666667
1628478000000,-8332.8125
1628481600000,-8184.895833333333
1628485200000,-6915.104166666667
1628488800000,-2971.5
1628492400000,738.3891213389121
1628496000000,3965.4375
1628499600000,11655.1875
1628503200000,9129.479166666666
1628506800000,12761.541666666666
1628510400000,6915.645833333333
1628514000000,12245.6875
1628517600000,9383.520833333334
1628521200000,293.0833333333333
1628524800000,103.375
1628528400000,160.89583333333334
1628532000000,-134.875
1628535600000,-2325.2708333333335
1628539200000,-5637.3125
1628542800000,-9653.556485355648
1628546400000,-10670.041666666666
1628550000000,-10393.791666666666
1628553600000,-10572.5
1628557200000,-10428.3125
1628560800000,-10184.895833333334
1628564400000,-10455.208333333334
1628568000000,-10395
1628571600000,-9442.166666666666
1628575200000,-5069.25
1628578800000,1153.7708333333333
1628582400000,5417.520833333333
1628586000000,10315.125
1628589600000,9038.104166666666
1628593200000,7169.5
1628596800000,6699.832635983264
1628600400000,12780.979166666666
1628604000000,7564.25
1628607600000,6154.1875
1628611200000,104.02083333333333
1628614800000,-2981.6875
1628618400000,-3917.6041666666665
1628622000000,-4367.083333333333
1628625600000,-6137.6875
1628629200000,-8321.270833333334
1628632800000,-8898.5
1628636400000,-9142.866108786611
1628640000000,-8604.333333333334
1628643600000,-8890.75
1628647200000,-8913.958333333334
1628650800000,-8554.916666666666
1628654400000,-8076.5
1628658000000,-5911
1628661600000,-5260.604166666667
1628665200000,2528.6666666666665
1628668800000,8070
1628672400000,12796.625
1628676000000,13421.270833333334
1628679600000,22185.666666666668
1628683200000,21763.416666666668
1628686800000,17978.520833333332
1628690400000,7071.208333333333
1628694000000,-299.4166666666667
1628697600000,-628.4583333333334
1628701200000,-2525.8958333333335
1628704800000,-3625.5416666666665
1628708400000,-4024.4166666666665
1628712000000,-6061.1875
1628715600000,-7167.145833333333
1628719200000,-8454.916666666666
1628722800000,-9959.791666666666
1628726400000,-10178.833333333334
1628730000000,-9498.354166666666
1628733600000,-9769.875
1628737200000,-9590.520833333334
1628740800000,-8865.083333333334
1628744400000,-7303.791666666667
1628748000000,-3840.0833333333335
1628751600000,-284.5208333333333
1628755200000,7060.916666666667
1628758800000,8898.89121338912
1628762400000,13666.041666666666
1628766000000,12811.291666666666
1628769600000,19603.958333333332
1628773200000,15224.3125
1628776800000,14755.083333333334
1628780400000,6378.020833333333
1628784000000,89.66666666666667
1628787600000,-5618.958333333333
1628791200000,-7818.354166666667
1628794800000,-8127.75
1628798400000,-7588.666666666667
1628802000000,-8741.5625
1628805600000,-11456.9375
1628809200000,-11105.270833333334
1628812800000,-10807.270833333334
1628816400000,-11279.5
1628820000000,-11118.895833333334
1628823600000,-11038.125
1628827200000,-10952.645833333334
1628830800000,-8531.1875
1628834400000,-4605.75
1628838000000,4888.916666666667
1628841600000,11131.041666666666
1628845200000,13837.895833333334
1628848800000,18297.8125
1628852400000,23124.9375
1628856000000,23466.666666666668
1628859600000,11311.770833333334
1628863200000,14766.020833333334
1628866800000,8342.104166666666
1628870400000,-289.1041666666667
1628874000000,-3171.9375
1628877600000,-4115.479166666667
1628881200000,-4583.041666666667
1628884800000,-4576.791666666667
1628888400000,-6354.041666666667
1628892000000,-9079.958333333334
1628895600000,-9557.050209205021
1628899200000,-9241.104166666666
1628902800000,-9542.6875
1628906400000,-9236.75
1628910000000,-9145.875
1628913600000,-8689.354166666666
1628917200000,-5407.666666666667
1628920800000,-793.2083333333334
1628924400000,3602.3125
1628928000000,9818.895833333334
1628931600000,15535.854166666666
1628935200000,26047.916666666668
1628938800000,29564.916666666668
1628942400000,25960.875
1628946000000,21444.395833333332
1628949600000,17111.416666666668
1628953200000,8447.5625
1628956800000,912.9583333333334
1628960400000,-3737.1458333333335
1628964000000,-4528.416666666667
1628967600000,-4541.166666666667
1628971200000,-5377.6875
1628974800000,-6991.5
1628978400000,-8509.770833333334
1628982000000,-10150.92050209205
1628985600000,-10291.25
1628989200000,-9576.875
1628992800000,-9677.895833333334
1628996400000,-9860.645833333334
1629000000000,-9186.166666666666
1629003600000,-5266.1875
1629007200000,-1663.1666666666667
1629010800000,2538.5833333333335
1629014400000,8349.5
1629018000000,13131.3125
1629021600000,18397.4375
1629025200000,27083.416666666668
1629028800000,24939.5
1629032400000,18809.541666666668
1629036000000,12341.8125
1629039600000,6941.479166666667
1629043200000,-3507.0208333333335
1629046800000,-5047.5625
1629050400000,-4492.354166666667
1629054000000,-6175.875
1629057600000,-7202.895833333333
1629061200000,-9213.729166666666
1629064800000,-9867.979166666666
1629068400000,-10368.520833333334
1629072000000,-9923.270833333334
1629075600000,-10088.916666666666
1629079200000,-9778.354166666666
1629082800000,-10200.479166666666
1629086400000,-9486.291666666666
1629090000000,-8957.166666666666
1629093600000,-6435.020833333333
1629097200000,-7856.479166666667
1629100800000,-2698.7083333333335
1629104400000,3522.6458333333335
1629108000000,7350.375
1629111600000,4844.4375
1629115200000,7711
1629118800000,2551.3958333333335
1629122400000,-646.1458333333334
1629126000000,-3040.1875
1629129600000,-4567.375
1629133200000,-7624.333333333333
1629136800000,-8158
1629140400000,-11320.75
1629144000000,-11884.9375
1629147600000,-12590.0625
1629151200000,-12727.645833333334
1629154800000,-12420.125523012552
1629158400000,-12669.458333333334
1629162000000,-12422.875
1629165600000,-12044.541666666666
1629169200000,-12166.936170212766
1629172800000,-9211.041666666666
1629176400000,-5980.895833333333
1629180000000,-3709.1666666666665
1629183600000,570.7708333333334
1629187200000,810.9166666666666
1629190800000,223.8125
1629194400000,4778.770833333333
1629198000000,8405.791666666666
1629201600000,18949.1875
1629205200000,2754.5
1629208800000,781.4375
1629212400000,-31.6875
1629216000000,9.270833333333334
1629219600000,-2346.125
1629223200000,-3891.7291666666665
1629226800000,-4410.416666666667
1629230400000,-8666.916666666666
1629234000000,-9236.8125
1629237600000,-8946.75
1629241200000,-9297
1629244800000,-9169.604166666666
1629248400000,-9253.604166666666
1629252000000,-9054.0625
1629255600000,-9122.958333333334
1629259200000,-9360.770833333334
1629262800000,-11040.229166666666
1629266400000,-11526.208333333334
1629270000000,-10093.9375
1629273600000,-8238.1875
1629277200000,-1284.25
1629280800000,2481.3125
1629284400000,1643.0208333333333
1629288000000,243.85416666666666
1629291600000,513.9791666666666
1629295200000,1559.0208333333333
1629298800000,-2088.5833333333335
1629302400000,-4370.395833333333
1629306000000,-6206.833333333333
1629309600000,-7146.020833333333
1629313200000,-7167.708333333333
1629316800000,-8302.729166666666
1629320400000,-9519.604166666666
1629324000000,-9899.5
1629327600000,-9908.833333333334
1629331200000,-9840.645833333334
1629334800000,-9855.895833333334
1629338400000,-9537.229166666666
1629342000000,-10166.0625
1629345600000,-9510.541666666666
1629349200000,-9795.708333333334
1629352800000,-8540.145833333334
1629356400000,-7761.666666666667
1629360000000,-3062.0833333333335
1629363600000,-2240.8541666666665
1629367200000,-1156.4016736401675
1629370800000,1335.7916666666667
1629374400000,2967.5732217573222
1629378000000,-2643.0208333333335
1629381600000,-3804.9375
1629385200000,-2163.2916666666665
1629388800000,-4611.770833333333
1629392400000,-6276.166666666667
1629396000000,-6840.4375
1629399600000,-6825.604166666667
1629403200000,-9874
1629406800000,-8974.4375
1629410400000,-9406.583333333334
1629414000000,-8913.833333333334
1629417600000,-9163.791666666666
1629421200000,-9819.791666666666
1629424800000,-8884.416666666666
1629428400000,-9510.458333333334
1629432000000,-9081.916666666666
1629435600000,-8981.895833333334
1629439200000,-6398.958333333333
1629442800000,-2692.6875
1629446400000,3121.2291666666665
1629450000000,7637.375
1629453600000,17118.333333333332
1629457200000,14736.875
1629460800000,9766.666666666666
1629464400000,23996.708333333332
1629468000000,16997.916666666668
1629471600000,8324.333333333334
1629475200000,1557.8125
1629478800000,-3.8284518828451883
1629482400000,-82.22689075630252
1629486000000,-2912.75
1629489600000,-3743.0416666666665
1629493200000,-5887.208333333333
1629496800000,-9679.208333333334
1629500400000,-9458.958333333334
1629504000000,-9434.458333333334
1629507600000,-9508.916666666666
1629511200000,-9384.708333333334
1629514800000,-9253.770833333334
1629518400000,-9098.895833333334
1629522000000,-6100.458333333333
1629525600000,-1968.0416666666667
1629529200000,756.7291666666666
1629532800000,4599.25
1629536400000,13770.416666666666
1629540000000,25280
1629543600000,28092.229166666668
1629547200000,26335.333333333332
1629550800000,22978.145833333332
1629554400000,17129.583333333332
1629558000000,7173.5625
1629561600000,793.25
1629565200000,-53.791666666666664
1629568800000,-125.97916666666667
1629572400000,-3673.9375
1629576000000,-4983.6875
1629579600000,-8700.291666666666
1629583200000,-10469.5
1629586800000,-10438.3125
1629590400000,-9786.333333333334
1629594000000,-9565.25
1629597600000,-9571.6875
1629601200000,-9578.083333333334
1629604800000,-9585.145833333334
1629608400000,-7338.270833333333
1629612000000,-5127.1875
1629615600000,-85.58333333333333
1629619200000,-99.1875
1629622800000,-4412.270833333333
1629626400000,-4217.25
1629630000000,-1548.7916666666667
1629633600000,111.91666666666667
1629637200000,-1753.3541666666667
1629640800000,-5527.166666666667
1629644400000,-5027.6875
1629648000000,-124.89583333333333
1629651600000,-4431.916666666667
1629655200000,-8867.8125
1629658800000,-9793.5
1629662400000,-9606.791666666666
1629666000000,-9801.916666666666
1629669600000,-9495.125
1629673200000,-9315.543933054394
1629676800000,-9429.3125
1629680400000,-9451.583333333334
1629684000000,-9618.270833333334
1629687600000,-10066.041666666666
1629691200000,-9815.3125
1629694800000,-10615.564853556485
1629698400000,-9844.8125
1629702000000,-7289.208333333333
1629705600000,-1439.9163179916318
1629709200000,-873.7708333333334
1629712800000,241.29166666666666
1629716400000,160.08333333333334
1629720000000,6177.1875
1629723600000,12583.1875
1629727200000,11972.25
1629730800000,5873.1875
1629734400000,837.1666666666666
1629738000000,-32.479166666666664
1629741600000,-29.6875
1629745200000,-3257.4375
1629748800000,-4977.9375
1629752400000,-9585.645833333334
1629756000000,-10031.041666666666
1629759600000,-9731.5625
1629763200000,-9605.666666666666
1629766800000,-9611.979166666666
1629770400000,-9440.416666666666
1629774000000,-9471.708333333334
1629777600000,-9719.916666666666
1629781200000,-7361.6875
1629784800000,-6315.583333333333
1629788400000,215.875
1629792000000,3785.5
1629795600000,7697.125
1629799200000,2222.1041666666665
1629802800000,438.9583333333333
1629806400000,1822.8541666666667
1629810000000,1264
1629813600000,-0.5
1629817200000,-4063.3541666666665
1629820800000,-2056.0416666666665
1629824400000,-6965.375
1629828000000,-8128.458333333333
1629831600000,-7126.708333333333
1629835200000,-9202.125
1629838800000,-8839.375
1629842400000,-8615.708333333334
1629846000000,-8686.1875
1629849600000,-8463.5625
1629853200000,-8580.083333333334
1629856800000,-8387.208333333334
1629860400000,-8615.125
1629864000000,-8809.916666666666
1629867600000,-7505.145833333333
1629871200000,-3015.4375
1629874800000,235.27083333333334
1629878400000,2222.5208333333335
1629882000000,8888.541666666666
1629885600000,19145.564853556487
1629889200000,20845.958333333332
1629892800000,19605.958333333332
1629896400000,19249.479166666668
1629900000000,13565.229166666666
1629903600000,5527.416666666667
1629907200000,1256.6666666666667
1629910800000,-14.625
1629914400000,-74.52083333333333
1629918000000,-3351.2708333333335
1629921600000,-4513
1629925200000,-5973.5
1629928800000,-8152.854166666667
1629932400000,-9513.333333333334
1629936000000,-9174.666666666666
1629939600000,-9004.4375
1629943200000,-9285.8125
1629946800000,-9058.9375
1629950400000,-9205.895833333334
1629954000000,-11293.020833333334
1629957600000,-13976.875
1629961200000,-11956.3125
1629964800000,-11220.875
1629968400000,-5168.291666666667
1629972000000,3808.1875
1629975600000,9499.791666666666
1629979200000,9412.166666666666
1629982800000,5733.833333333333
1629986400000,12440.291666666666
1629990000000,1290.7740585774059
1629993600000,515.625
1629997200000,-70.27083333333333
1630000800000,-100.66666666666667
1630004400000,-2475.0833333333335
1630008000000,-4321.0625
1630011600000,-6154.333333333333
1630015200000,-8447.541666666666
1630018800000,-8818.583333333334
1630022400000,-8666.291666666666
1630026000000,-8575.25
1630029600000,-8770
1630033200000,-8523.166666666666
1630036800000,-8964.541666666666
1630040400000,-8763.208333333334
1630044000000,-5919.125
1630047600000,-925.5416666666666
1630051200000,2661.875
1630054800000,402.5208333333333
1630058400000,-3855.8541666666665
1630062000000,-487.5208333333333
1630065600000,532.1666666666666
1630069200000,3970.3333333333335
1630072800000,2940
1630076400000,998.0208333333334
1630080000000,88.64583333333333
1630083600000,-263.2291666666667
1630087200000,-3347.489539748954
1630090800000,-4138.104166666667
1630094400000,-7881.229166666667
1630098000000,-8662.145833333334
1630101600000,-8752.666666666666
1630105200000,-8744.4375
1630108800000,-8453.020833333334
1630112400000,-8591.708333333334
1630116000000,-8665.291666666666
1630119600000,-8511.625
1630123200000,-8995.333333333334
1630126800000,-6905.895833333333
1630130400000,-3486.0625
1630134000000,346.1875
1630137600000,871.6041666666666
1630141200000,1630.0416666666667
1630144800000,241.95833333333334
1630148400000,3953.5416666666665
1630152000000,105.20833333333333
1630155600000,94
1630159200000,846.875
1630162800000,672.625
1630166400000,141.02083333333334
1630170000000,-551.3125
1630173600000,-3203.1875
1630177200000,-4660.458333333333
1630180800000,-8008.458333333333
1630184400000,-8435.625
1630188000000,-8250.708333333334
1630191600000,-8501.666666666666
1630195200000,-8297.25
1630198800000,-8365.479166666666
1630202400000,-8394.1875
1630206000000,-8179.229166666667
1630209600000,-8396.458333333334
1630213200000,-8229.5
1630216800000,-5683.25
1630220400000,-3616.8541666666665
1630224000000,-1862.0833333333333
1630227600000,221.33333333333334
1630231200000,-488.7083333333333
1630234800000,-2478.75
1630238400000,-2918.4375
1630242000000,-2375.25
1630245600000,-4203.786610878661
1630249200000,-4221.395833333333
1630252800000,-7071.333333333333
1630256400000,-7469.791666666667
1630260000000,-8164.125
1630263600000,-8034.5
1630267200000,-8145.604166666667
1630270800000,-8058.5625
1630274400000,-7934.125
1630278000000,-8061.020833333333
1630281600000,-8040.979166666667
1630285200000,-8030.020833333333
1630288800000,-8034.6875
1630292400000,-8055.083333333333
1630296000000,-7999.1875
1630299600000,-9933.8125
1630303200000,-12742.958333333334
1630306800000,-10254.958333333334
1630310400000,-8121.708333333333
1630314000000,-2786.8541666666665
1630317600000,-6349.833333333333
1630321200000,446.9791666666667
1630324800000,-5640.520833333333
1630328400000,-291.7708333333333
1630332000000,-5583.0625
1630335600000,-4596.166666666667
1630339200000,-6163.270833333333
1630342800000,-7749.979166666667
1630346400000,-8534.166666666666
1630350000000,-8457.729166666666
1630353600000,-8453.708333333334
1630357200000,-8408
1630360800000,-8407.479166666666
1630364400000,-8369.875
1630368000000,-8451.770833333334
1630371600000,-8373.604166666666
1630375200000,-8455.208333333334
1630378800000,-8239.645833333334
1630382400000,-8283.5625
1630386000000,-8335.479166666666
1630389600000,-6636.645833333333
1630393200000,-5767.666666666667
1630396800000,-3329.3125
1630400400000,-1053.9121338912134
1630404000000,598.3541666666666
1630407600000,3314.163179916318
1630411200000,893.4375
1630414800000,718.4791666666666
1630418400000,-2049.75
1630422000000,-1747.875
1630425600000,-1346.1041666666667
1630429200000,-4367.229166666667
1630432800000,-6210.0625
1630436400000,-8594.604166666666
1630440000000,-9467.666666666666
1630443600000,-7902.979166666667
1630447200000,-7712.333333333333
1630450800000,-7755.354166666667
1630454400000,-7989.770833333333
1630458000000,-7807.75
1630461600000,-8184.979166666667
1630465200000,-8438.4375
1630468800000,-8155.604166666667
1630472400000,-8240.041666666666
1630476000000,-4550.041666666667
1630479600000,-320.4791666666667
1630483200000,1789.0833333333333
1630486800000,6328.645833333333
1630490400000,13011.9375
1630494000000,8262.770833333334
1630497600000,8724.979166666666
1630501200000,5893.104166666667
1630504800000,4108.5625
1630508400000,867.2083333333334
1630512000000,111.41666666666667
1630515600000,-32.083333333333336
1630519200000,-2457.2916666666665
1630522800000,-4222.125
1630526400000,-5605.6875
1630530000000,-6670.770833333333
1630533600000,-9156.1875
1630537200000,-9082.145833333334
1630540800000,-9116.104166666666
1630544400000,-8998.625
1630548000000,-9126.291666666666
1630551600000,-9540.708333333334
1630555200000,-8915.395833333334
1630558800000,-9723.145833333334
1630562400000,-6863.604166666667
1630566000000,-851.6875
1630569600000,1825.3541666666667
1630573200000,6060.25
1630576800000,15462.1875
1630580400000,21268.541666666668
1630584000000,19389.625
1630587600000,17076.25
1630591200000,10538.875
1630594800000,2142.0416666666665
1630598400000,71.1875
1630602000000,-2.8958333333333335
1630605600000,-536.2291666666666
1630609200000,-4583.916666666667
1630612800000,-4282.583333333333
1630616400000,-6364.5625
1630620000000,-8028.625
1630623600000,-8973.395833333334
1630627200000,-9107.979166666666
1630630800000,-9097.395833333334
1630634400000,-9043.583333333334
1630638000000,-9227.729166666666
1630641600000,-9026.5
1630645200000,-9441.506276150627
1630648800000,-5883.333333333333
1630652400000,-296.25
1630656000000,1221.6458333333333
1630659600000,4885.104166666667
1630663200000,16276.8125
1630666800000,24609.708333333332
1630670400000,22852.270833333332
1630674000000,18778.958333333332
1630677600000,12341.979166666666
1630681200000,4079.375
1630684800000,292.3430962343096
1630688400000,-97.64583333333333
1630692000000,-53.645833333333336
1630695600000,-2709.205020920502
1630699200000,-4136.229166666667
1630702800000,-5640.3125
1630706400000,-7041.354166666667
1630710000000,-8448.75
1630713600000,-8231.645833333334
1630717200000,-8354.354166666666
1630720800000,-8140.083333333333
1630724400000,-8273.916666666666
1630728000000,-8453.6875
1630731600000,-6616.416666666667
1630735200000,-2013.0416666666667
1630738800000,517.9791666666666
1630742400000,4049.7083333333335
1630746000000,12280.854166666666
1630749600000,24969.958333333332
1630753200000,28188.166666666668
1630756800000,26431.458333333332
1630760400000,22088.5
1630764000000,15189.145833333334
1630767600000,6010.3125
1630771200000,400.4166666666667
1630774800000,-199.79166666666666
1630778400000,-172.47916666666666
1630782000000,-3078.1458333333335
1630785600000,-5164.833333333333
1630789200000,-8929.666666666666
1630792800000,-10099.083333333334
1630796400000,-9966.708333333334
1630800000000,-9736.645833333334
1630803600000,-9929.75
1630807200000,-9848.333333333334
1630810800000,-8252.6875
1630814400000,-9065.916666666666
1630818000000,-6701.520833333333
1630821600000,-1765
1630825200000,506.7083333333333
1630828800000,3600.8541666666665
1630832400000,11379.583333333334
1630836000000,23913.916666666668
1630839600000,27708.291666666668
1630843200000,26010.083333333332
1630846800000,21660.25
1630850400000,14386.75
1630854000000,5309.083333333333
1630857600000,283.6458333333333
1630861200000,-262.5625
1630864800000,-244.41666666666666
1630868400000,-2532.7083333333335
1630872000000,-4092.7083333333335
1630875600000,-5590.583333333333
1630879200000,-8324.333333333334
1630882800000,-8428.229166666666
1630886400000,-8393.083333333334
1630890000000,-8244.458333333334
1630893600000,-8420.9375
1630897200000,-8212.333333333334
1630900800000,-8444.958333333334
1630904400000,-8573.229166666666
1630908000000,-7404.291666666667
1630911600000,-675.5833333333334
1630915200000,845.1666666666666
1630918800000,4408.083333333333
1630922400000,13240.8125
1630926000000,18784.395833333332
1630929600000,20237.5625
1630933200000,16316.895833333334
1630936800000,10712.625
1630940400000,3596.0833333333335
1630944000000,-924.2916666666666
1630947600000,-43.104166666666664
1630951200000,-126
1630954800000,-831.5625
1630958400000,-4098.4375
1630962000000,-4777.1875
1630965600000,-7598.541666666667
1630969200000,-7986.979166666667
1630972800000,-8265.666666666666
1630976400000,-8248.729166666666
1630980000000,-8241.354166666666
1630983600000,-8174.145833333333
1630987200000,-8268.645833333334
1630990800000,-9004.145833333334
1630994400000,-6894.958333333333
1630998000000,-2023.9791666666667
1631001600000,737.1041666666666
1631005200000,1086.9791666666667
1631008800000,7889.958333333333
1631012400000,14039.916666666666
1631016000000,12297.270833333334
1631019600000,15163.479166666666
1631023200000,7752.583333333333
1631026800000,1432.1041666666667
1631030400000,-28.625
1631034000000,-69.3125
1631037600000,-39.208333333333336
1631041200000,-2337.0833333333335
1631044800000,-4433.541666666667
1631048400000,-5424.104166666667
1631052000000,-7365.8125
1631055600000,-7238.791666666667
1631059200000,-7749.895833333333
1631062800000,-8120.5625
1631066400000,-7530.4375
1631070000000,-8197.64705882353
1631073600000,-8636.541666666666
1631077200000,-8603.041666666666
1631080800000,-8053.770833333333
1631084400000,-435.5
1631088000000,987.4791666666666
1631091600000,3287.3333333333335
1631095200000,11965.125
1631098800000,18358
1631102400000,18774.291666666668
1631106000000,15062.34309623431
1631109600000,6863.104166666667
1631113200000,996.125
1631116800000,-160.5
1631120400000,-104.08333333333333
1631124000000,-394.4583333333333
1631127600000,-3894.6458333333335
1631131200000,-5585.541666666667
1631134800000,-6832.291666666667
1631138400000,-8672.416666666666
1631142000000,-8308.708333333334
1631145600000,-8567.625
1631149200000,-8682.333333333334
1631152800000,-7991.458333333333
1631156400000,-8251.25
1631160000000,-9074.43722943723
1631163600000,-7764.497907949791
1631167200000,-6752.145833333333
1631170800000,-1148.4791666666667
1631174400000,777.9791666666666
1631178000000,2240.5833333333335
1631181600000,6669
1631185200000,15934.5
1631188800000,16208.9375
1631192400000,13567.3125
1631196000000,670.375
1631199600000,452.75
1631203200000,-227.91666666666666
1631206800000,-584.4166666666666
1631210400000,-3205.375
1631214000000,-4065.4583333333335
1631217600000,-6300.916666666667
1631221200000,-8104.916666666667
1631224800000,-8376.5
1631228400000,-8594.1875
1631232000000,-8210.625
1631235600000,-7840.333333333333
1631239200000,-8352.583333333334
1631242800000,-8764.6875
1631246400000,-8209.25
1631250000000,-7991.416666666667
1631253600000,-6473.875
1631257200000,-4542.979166666667
1631260800000,51.25
1631264400000,1337.4375
1631268000000,1471.1715481171548
1631271600000,1407.3333333333333
1631275200000,1967.8125
1631278800000,4387.354166666667
1631282400000,3224.875
1631286000000,-218.32635983263597
1631289600000,-2939.3958333333335
1631293200000,-5308.979166666667
1631296800000,-8325.020833333334
1631300400000,-9569.6875
1631304000000,-8956.666666666666
1631307600000,-10076.0625
1631311200000,-8880.0625
1631314800000,-10550.083333333334
1631318400000,-8972.666666666666
1631322000000,-11017.395833333334
1631325600000,-9136.8125
1631329200000,-10598.9375
1631332800000,-9223.791666666666
1631336400000,-9661.729166666666
1631340000000,-6543.625
1631343600000,-6343.083333333333
1631347200000,-2244.6041666666665
1631350800000,-1362.5416666666667
1631354400000,6605.958333333333
1631358000000,2342.75
1631361600000,2201.625
1631365200000,4265.020833333333
1631368800000,2159.6458333333335
1631372400000,365.0833333333333
1631376000000,26.770833333333332
1631379600000,-168.60416666666666
1631383200000,-1923.5416666666667
1631386800000,-5018.4375
1631390400000,-8027.4375
1631394000000,-10285.916666666666
1631397600000,-8034.625
1631401200000,-10387.333333333334
1631404800000,-8184.458333333333
1631408400000,-9437.354166666666
1631412000000,-8229.3125
1631415600000,-9718.083333333334
1631419200000,-8964.4375
1631422800000,-8731.354166666666
1631426400000,-3771.9375
1631430000000,210.97916666666666
1631433600000,2190.6458333333335
1631437200000,10862.0625
1631440800000,16300.3125
1631444400000,25087.020833333332
1631448000000,17172.416666666668
1631451600000,22402.125
1631455200000,12003.6875
1631458800000,5032.625
1631462400000,94.52083333333333
1631466000000,-90.08333333333333
1631469600000,-34.104166666666664
1631473200000,-4009.9583333333335
1631476800000,-3794.4583333333335
1631480400000,-7096.5
1631484000000,-8587.083333333334
1631487600000,-9282.916666666666
1631491200000,-8329.25
1631494800000,-9530.875
1631498400000,-8171.3125
1631502000000,-9722.677824267783
1631505600000,-9152.041666666666
1631509200000,-9338.270833333334
1631512800000,-7897.510460251046
1631516400000,-3020.8958333333335
1631520000000,482.5625
1631523600000,2991.9791666666665
1631527200000,13081.270833333334
1631530800000,12739.020833333334
1631534400000,13273.354166666666
1631538000000,8049.083333333333
1631541600000,2397.5625
1631545200000,189.8125
1631548800000,-205.35416666666666
1631552400000,-85.79166666666667
1631556000000,-3794.9375
1631559600000,-5882.583333333333
1631563200000,-9751.645833333334
1631566800000,-8696.729166666666
1631570400000,-9877
1631574000000,-8654.354166666666
1631577600000,-9716.9375
1631581200000,-9133.6875
1631584800000,-9541.854166666666
1631588400000,-9083.875
1631592000000,-10112.6875
1631595600000,-9588.25
1631599200000,-8050.645833333333
1631602800000,-2552.4166666666665
1631606400000,652.375
1631610000000,2054.7291666666665
1631613600000,6433.305439330544
1631617200000,4690.481171548117
1631620800000,2872.3125
1631624400000,3455.5416666666665
1631628000000,344.875
1631631600000,-182.14583333333334
1631635200000,-1882.5833333333333
1631638800000,-8456.916666666666
1631642400000,-8955.895833333334
1631646000000,-9691.270833333334
1631649600000,-10399.208333333334
1631653200000,-8412.5625
1631656800000,-10307.1875
1631660400000,-10113.520833333334
1631664000000,-8970.583333333334
1631667600000,-10426.979166666666
1631671200000,-10596.375
1631674800000,-10056.6875
1631678400000,-9146.208333333334
1631682000000,-13321.3125
1631685600000,-16831.3125
1631689200000,-14387.645833333334
1631692800000,-17005.7949790795
1631696400000,-9858.354166666666
1631700000000,-4144.8125
1631703600000,-5039.9375
1631707200000,-10098.979166666666
1631710800000,-11360.3125
1631714400000,-7685
1631718000000,-9594.479166666666
1631721600000,-12068.958333333334
1631725200000,-11391.6875
1631728800000,-11863.145833333334
1631732400000,-9885.875
1631736000000,-10818.895833333334
1631739600000,-9408.9375
1631743200000,-10740.104166666666
1631746800000,-10507.041666666666
1631750400000,-9917.3125
1631754000000,-10583.9375
1631757600000,-9841.833333333334
1631761200000,-10683.6875
1631764800000,-9721.833333333334
1631768400000,-12280.604166666666
1631772000000,-13519.770833333334
1631775600000,-17884.832635983264
1631779200000,-15697.375
1631782800000,-8894.395833333334
1631786400000,-5081.125
1631790000000,257.7916666666667
1631793600000,639.6234309623431
1631797200000,257.6666666666667
1631800800000,-1840.875
1631804400000,-2013.6041666666667
1631808000000,-6686.75
1631811600000,-11123.6875
1631815200000,-10401.875
1631818800000,-10011.6875
1631822400000,-10858.8125
1631826000000,-9727.375
1631829600000,-10739.666666666666
1631833200000,-10091.229166666666
1631836800000,-10449.583333333334
1631840400000,-10298.104166666666
1631844000000,-9536.791666666666
1631847600000,-10544.708333333334
1631851200000,-9222.041666666666
1631854800000,-10700.208333333334
1631858400000,-11186.52719665272
1631862000000,-8881.1875
1631865600000,-4570.458333333333
1631869200000,34.10041841004184
1631872800000,1489.2708333333333
1631876400000,5016.5625
1631880000000,9851.708333333334
1631883600000,1286.4166666666667
1631887200000,4648.979166666667
1631890800000,3250.7708333333335
1631894400000,-0.041666666666666664
1631898000000,-32.5625
1631901600000,-807.3125
1631905200000,-3344.1875
1631908800000,-6110.5625
1631912400000,-8378.875
1631916000000,-8781.75
1631919600000,-7954.5
1631923200000,-8283.75
1631926800000,-9021.604166666666
1631930400000,-8007.895833333333
1631934000000,-8468.645833333334
1631937600000,-8773.479166666666
1631941200000,-8222.729166666666
1631944800000,-4583.291666666667
1631948400000,260.0833333333333
1631952000000,2217.1458333333335
1631955600000,8671.208333333334
1631959200000,19180.479166666668
1631962800000,24191.895833333332
1631966400000,23598.270833333332
1631970000000,18316.833333333332
1631973600000,8671.5625
1631977200000,3725.9583333333335
1631980800000,-29.479166666666668
1631984400000,-93.02083333333333
1631988000000,-131.27083333333334
1631991600000,-2373.2291666666665
1631995200000,-4482.729166666667
1631998800000,-6384.8125
1632002400000,-8313.458333333334
1632006000000,-8880.916666666666
1632009600000,-8062.375
1632013200000,-8429.145833333334
1632016800000,-8122.625
1632020400000,-8458.479166666666
1632024000000,-7976.6875
1632027600000,-8250.541666666666
1632031200000,-3560.3541666666665
1632034800000,14.5
1632038400000,2003.5
1632042000000,7835.3125
1632045600000,19696.645833333332
1632049200000,20666.833333333332
1632052800000,909.5416666666666
1632056400000,12528.333333333334
1632060000000,6391.833333333333
1632063600000,592.6666666666666
1632067200000,-91.47916666666667
1632070800000,-145.64583333333334
1632074400000,-2925.7916666666665
1632078000000,-3620.4791666666665
1632081600000,-7939
1632085200000,-8059.604166666667
1632088800000,-9432.895833333334
1632092400000,-9108.770833333334
1632096000000,-8098.541666666667
1632099600000,-8946.8125
1632103200000,-8951.833333333334
1632106800000,-8166.020833333333
1632110400000,-8948.5
1632114000000,-12382.770833333334
1632117600000,-13775.791666666666
1632121200000,-10352.916666666666
1632124800000,-6584.476987447699
1632128400000,-1958.875
1632132000000,-4307.583333333333
1632135600000,67.30125523012552
1632139200000,223.89583333333334
1632142800000,23.75
1632146400000,-503.875
1632150000000,-1540.7083333333333
1632153600000,-7135.958333333333
1632157200000,-9975.5
1632160800000,-9197.25
1632164400000,-9355.25
1632168000000,-8303.666666666666
1632171600000,-8878.770833333334
1632175200000,-8480.541666666666
1632178800000,-8984.604166666666
1632182400000,-8090.895833333333
1632186000000,-8454.083333333334
1632189600000,-8073.791666666667
1632193200000,-9067.3125
1632196800000,-8235.146443514644
1632200400000,-9594.166666666666
1632204000000,-10321.729166666666
1632207600000,-8165.166666666667
1632211200000,-3311.2916666666665
1632214800000,1797.3958333333333
1632218400000,3323.9166666666665
1632222000000,5865.791666666667
1632225600000,8712.604166666666
1632229200000,11974
1632232800000,6674.75
1632236400000,1286.7708333333333
1632240000000,-24.288702928870293
1632243600000,-48.645833333333336
1632247200000,-355.4166666666667
1632250800000,-3382.5833333333335
1632254400000,-4370.520833333333
1632258000000,-8441.6875
1632261600000,-8275.229166666666
1632265200000,-7910.1875
1632268800000,-8511.6875
1632272400000,-8627.4375
1632276000000,-8658
1632279600000,-7928.541666666667
1632283200000,-9407.375
1632286800000,-10528.416666666666
1632290400000,-8337.333333333334
1632294000000,-5769.1875
1632297600000,218.125
1632301200000,1724.125
1632304800000,4678.828451882845
1632308400000,11339.145833333334
1632312000000,7153.666666666667
1632315600000,2744.2916666666665
1632319200000,2131.8541666666665
1632322800000,-236.1875
1632326400000,-158.875
1632330000000,-1072.0416666666667
1632333600000,-5636.958333333333
1632337200000,-9034.541666666666
1632340800000,-9392.354166666666
1632344400000,-9339.8125
1632348000000,-9138
1632351600000,-8936.4375
1632355200000,-8920.291666666666
1632358800000,-8964.6875
1632362400000,-8901.6875
1632366000000,-9303.875
1632369600000,-8878.416666666666
1632373200000,-11429.958333333334
1632376800000,-12205.604166666666
1632380400000,-5122.3125
1632384000000,-0.5833333333333334
1632387600000,2765.8541666666665
1632391200000,7665.0625
1632394800000,12712.916666666666
1632398400000,10521.375
1632402000000,8976.416666666666
1632405600000,3804.6875
1632409200000,26.8125
1632412800000,-180.875
1632416400000,-2717.8958333333335
1632420000000,-4114.854166666667
1632423600000,-6320.75
1632427200000,-9163.625
1632430800000,-9408.291666666666
1632434400000,-9314.708333333334
1632438000000,-9085.604166666666
1632441600000,-9165.270833333334
1632445200000,-9108.229166666666
1632448800000,-9339.1875
1632452400000,-9202.854166666666
1632456000000,-9135.6875
1632459600000,-11209.708333333334
1632463200000,-10930.627615062762
1632466800000,-4930.270833333333
1632470400000,235.45833333333334
1632474000000,801.3333333333334
1632477600000,3635.2916666666665
1632481200000,10472.916666666666
1632484800000,9920.458333333334
1632488400000,9579.9375
1632492000000,3919.2291666666665
1632495600000,669.6875
1632499200000,-135.45833333333334
1632502800000,-1623.1041666666667
1632506400000,-4238.708333333333
1632510000000,-3663.4791666666665
1632513600000,-7446.583333333333
1632517200000,-9468.770833333334
1632520800000,-9379.354166666666
1632524400000,-9432.020833333334
1632528000000,-9282.125
1632531600000,-9515.416666666666
1632535200000,-9385.895833333334
1632538800000,-9676.041666666666
1632542400000,-9067.583333333334
1632546000000,-8539.020833333334
1632549600000,-5333.770833333333
1632553200000,-167.20833333333334
1632556800000,1174.6458333333333
1632560400000,4999.104166666667
1632564000000,14276.4375
1632567600000,19389.791666666668
1632571200000,19188.5
1632574800000,13041.25
1632578400000,5291.375
1632582000000,556.5625
1632585600000,-103.85416666666667
1632589200000,-138.14583333333334
1632592800000,-3333.4791666666665
1632596400000,-4335.6875
1632600000000,-7061.625
1632603600000,-9629.041666666666
1632607200000,-9737.8125
1632610800000,-9759.395833333334
1632614400000,-9544.104166666666
1632618000000,-9548.791666666666
1632621600000,-9504.5
1632625200000,-9744.5
1632628800000,-9589.958333333334
1632632400000,-8810.125
1632636000000,-5043.166666666667
1632639600000,-3213.375
1632643200000,-3485.9791666666665
1632646800000,-3272.0208333333335
1632650400000,1813.2708333333333
1632654000000,5180.166666666667
1632657600000,66.00418410041841
1632661200000,-54.416666666666664
1632664800000,102.22916666666667
1632668400000,-1476.75
1632672000000,-5989.729166666667
1632675600000,-7788.5
1632679200000,-9584
1632682800000,-9840.583333333334
1632686400000,-9566.125
1632690000000,-9426.1875
1632693600000,-8956
1632697200000,-9070.166666666666
1632700800000,-9235.4375
1632704400000,-9551.5
1632708000000,-9185.854166666666
1632711600000,-8953.645833333334
1632715200000,-9622.895833333334
1632718800000,-11340.458333333334
1632722400000,-10049.354166666666
1632726000000,-3870.3333333333335
1632729600000,-741.4225941422594
1632733200000,585.375
1632736800000,2537.0416666666665
1632740400000,1008.5
1632744000000,5268.270833333333
1632747600000,1484.3541666666667
1632751200000,-242.64583333333334
1632754800000,-187.60416666666666
1632758400000,-5359.354166666667
1632762000000,-10201.041666666666
1632765600000,-11146.708333333334
1632769200000,-11083.666666666666
1632772800000,-11146.083333333334
1632776400000,-11220.270833333334
1632780000000,-11011.083333333334
1632783600000,-11128.6875
1632787200000,-10626.770833333334
1632790800000,-11574.020833333334
1632794400000,-10637.25
1632798000000,-10635.083333333334
1632801600000,-10554.375
1632805200000,-11778.6875
1632808800000,-11533.458333333334
1632812400000,-6863.854166666667
1632816000000,-2019.642857142857
1632819600000,-5089.5
1632823200000,3036.171548117155
1632826800000,2622.3640167364015
1632830400000,965.8333333333334
1632834000000,323.1041666666667
1632837600000,1080.625
1632841200000,11.25
1632844800000,-3426.4791666666665
1632848400000,-6404.625
1632852000000,-8041.270833333333
1632855600000,-10738.833333333334
1632859200000,-10795.625
1632862800000,-10839.583333333334
1632866400000,-10977.333333333334
1632870000000,-10609.75
1632873600000,-11167.041666666666
1632877200000,-10882.479166666666
1632880800000,-10809.9375
1632884400000,-10809.458333333334
1632888000000,-10759.0625
1632891600000,-12864.104166666666
1632895200000,-14604.895833333334
1632898800000,-7636.708333333333
1632902400000,-3579.125
1632906000000,-6184.166666666667
1632909600000,-674.1041666666666
1632913200000,-3817.7083333333335
1632916800000,-5045.458333333333
1632920400000,-11998.729166666666
1632924000000,-8298.708333333334
1632927600000,-8413.645833333334
1632931200000,-9769.6875
1632934800000,-10939.583333333334
1632938400000,-10632.104166666666
1632942000000,-10565.4375
1632945600000,-10397.854166666666
1632949200000,-10382.1875
1632952800000,-10376.5625
1632956400000,-10266.166666666666
1632960000000,-9509.0625
1632963600000,-9617.354166666666
1632967200000,-9510.6875
1632970800000,-9354.020833333334
1632974400000,-9589.416666666666
1632978000000,-12202.666666666666
1632981600000,-11955.979166666666
1632985200000,-5374.229166666667
1632988800000,-2218.6458333333335
1632992400000,2331.3333333333335
1632996000000,2379.6666666666665
1632999600000,3094.6875
1633003200000,1600.7916666666667
1633006800000,2649.0416666666665
1633010400000,347.0416666666667
1633014000000,92.57322175732217
1633017600000,-177.5625
1633021200000,-3453.8125
1633024800000,-6758.6875
1633028400000,-8461.666666666666
1633032000000,-9180.104166666666
1633035600000,-9211.479166666666
1633039200000,-9326.04255319149
1633042800000,
1633046400000,-9122.265625
1633050000000,-9062.875
1633053600000,-9948.833333333334
1633057200000,-8947.895833333334
1633060800000,-9579.458333333334
1633064400000,-10308.1875
1633068000000,-11250.25
1633071600000,-4928.479166666667
1633075200000,-108.54166666666667
1633078800000,1404.4142259414225
1633082400000,3347.3333333333335
1633086000000,9002.958333333334
1633089600000,9138.791666666666
1633093200000,6198.083333333333
1633096800000,2471.625
1633100400000,181.25
1633104000000,-394.9375
1633107600000,-2418.7083333333335
1633111200000,-5606.666666666667
1633114800000,-10028
1633118400000,-10900.270833333334
1633122000000,-10911.708333333334
1633125600000,-10850.729166666666
1633129200000,-10743.333333333334
1633132800000,-11121.770833333334
1633136400000,-10892.666666666666
1633140000000,-10780.625
1633143600000,-11540.875
1633147200000,-11031.854166666666
1633150800000,-10354.3125
1633154400000,-7419.25
1633158000000,-2145.1041666666665
1633161600000,596.0416666666666
1633165200000,2898
1633168800000,6499.479166666667
1633172400000,13575.333333333334
1633176000000,9575.9375
1633179600000,7777.479166666667
1633183200000,3310.2708333333335
1633186800000,116.02083333333333
1633190400000,-101.27083333333333
1633194000000,-3093.125
1633197600000,-4944.979166666667
1633201200000,-7803.270833333333
1633204800000,-11465.645833333334
1633208400000,-11535.291666666666
1633212000000,-11305.458333333334
1633215600000,-11276.270833333334
1633219200000,-11316.666666666666
1633222800000,-11258.1875
1633226400000,-11214.729166666666
1633230000000,-11788.6875
1633233600000,-11277.1875
1633237200000,-11250.666666666666
1633240800000,-9744.104166666666
1633244400000,-9615.541666666666
1633248000000,-9302.604166666666
1633251600000,-5884.791666666667
1633255200000,-5086.8125
1633258800000,-2225.2916666666665
1633262400000,-2365.5
1633266000000,-5723.833333333333
1633269600000,-6323.708333333333
1633273200000,-8157.4375
1633276800000,-10273.125
1633280400000,-11039.041666666666
1633284000000,-10829.4375
1633287600000,-10870.8125
1633291200000,-10903.416666666666
1633294800000,-10768.020833333334
1633298400000,-10725.583333333334
1633302000000,-10558.3125
1633305600000,-10849.520833333334
1633309200000,-10723.166666666666
1633312800000,-10718.333333333334
1633316400000,-10595.9375
1633320000000,-10840.791666666666
1633323600000,-11953.916666666666
1633327200000,-17124.0625
1633330800000,-18899.0625
1633334400000,-16699.729166666668
1633338000000,-14290.125
1633341600000,-7377.8125
1633345200000,-9483.020833333334
1633348800000,-9545.8125
1633352400000,-7222.645833333333
1633356000000,-8794.3125
1633359600000,-9336.791666666666
1633363200000,-12781.479166666666
1633366800000,-10616.3125
1633370400000,-10004.583333333334
1633374000000,-9781.729166666666
1633377600000,-9394.375
1633381200000,-9455.416666666666
1633384800000,-9353.8125
1633388400000,-9428.208333333334
1633392000000,-9375.104166666666
1633395600000,-9315.291666666666
1633399200000,-9229.020833333334
1633402800000,-8731.520833333334
1633406400000,-9075.395833333334
1633410000000,-12543.375
1633413600000,-15325.479166666666
1633417200000,-16889.375
1633420800000,-14186.541666666666
1633424400000,-5184.479166666667
1633428000000,-2179.5208333333335
1633431600000,-3245.8958333333335
1633435200000,-1802.3958333333333
1633438800000,-179.9375
1633442400000,-7707.6875
1633446000000,-10040
1633449600000,-11958.083333333334
1633453200000,-10846
1633456800000,-10619.583333333334
1633460400000,-10591.270833333334
1633464000000,-10638.083333333334
1633467600000,-10626.604166666666
1633471200000,-10558.958333333334
1633474800000,-10470.520833333334
1633478400000,-10569.958333333334
1633482000000,-10405.270833333334
1633485600000,-10442.375
1633489200000,-10463.375
1633492800000,-10591.916666666666
1633496400000,-12881.916666666666
1633500000000,-13269.330543933054
1633503600000,-7637.0625
1633507200000,-4552.645833333333
1633510800000,1084.6875
1633514400000,2056.5208333333335
1633518000000,681.4166666666666
1633521600000,-825.0208333333334
1633525200000,-4229.729166666667
1633528800000,-10684.666666666666
1633532400000,-11340.645833333334
1633536000000,-12289.708333333334
1633539600000,-11630.9375
1633543200000,-11292.729166666666
1633546800000,-10724.875
1633550400000,-10707.020833333334
1633554000000,-10716.1875
1633557600000,-10747.625
1633561200000,-11113.895833333334
1633564800000,-10703.854166666666
1633568400000,-10562.5625
1633572000000,-10632.875
1633575600000,-10663.8125
1633579200000,-10741.166666666666
1633582800000,-11925.979166666666
1633586400000,-14526.458333333334
1633590000000,-16586.569037656904
1633593600000,-13996.5
1633597200000,-6252.782426778243
1633600800000,-6184.0625
1633604400000,-131.375
1633608000000,255.16666666666666
1633611600000,-905.4375
1633615200000,-6161.854166666667
1633618800000,-8388.791666666666
1633622400000,-11948.995815899581
1633626000000,-11545.770833333334
1633629600000,-10846.903765690377
1633633200000,-10971.375
1633636800000,-10416.1875
1633640400000,-10412.770833333334
1633644000000,-10207.875
1633647600000,-10349.083333333334
1633651200000,-9997.6875
1633654800000,-9620.208333333334
1633658400000,-9678.166666666666
1633662000000,-9658.395833333334
1633665600000,-9696.6875
1633669200000,-11274
1633672800000,-10855.020920502093
1633676400000,-4957.75
1633680000000,7.520833333333333
1633683600000,1913.4791666666667
1633687200000,173.58333333333334
1633690800000,-33.395833333333336
1633694400000,93.52083333333333
1633698000000,647.8333333333334
1633701600000,97.70833333333333
1633705200000,-148.83333333333334
1633708800000,-856.5208333333334
1633712400000,-3439.2708333333335
1633716000000,-7502.354166666667
1633719600000,-8289.270833333334
1633723200000,-8158.25
1633726800000,-8123.3125
1633730400000,-8040.375
1633734000000,-7924.458333333333
1633737600000,-7833.708333333333
1633741200000,-7845.5
1633744800000,-8317.604166666666
1633748400000,-8111.770833333333
1633752000000,-7744.833333333333
1633755600000,-7614.770833333333
1633759200000,-5476.104166666667
1633762800000,-844.6666666666666
1633766400000,488.7916666666667
1633770000000,3231.5
1633773600000,11394.479166666666
1633777200000,18028
1633780800000,18478.479166666668
1633784400000,13255.520833333334
1633788000000,4473.583333333333
1633791600000,204.64583333333334
1633795200000,-112.08333333333333
1633798800000,-126.97916666666667
1633802400000,-2342.9791666666665
1633806000000,-3451.6666666666665
1633809600000,-4532.395833333333
1633813200000,-5728.104166666667
1633816800000,-7435.520833333333
1633820400000,-7732.125
1633824000000,-7727.333333333333
1633827600000,-7281.9375
1633831200000,-7132.729166666667
1633834800000,-7148.645833333333
1633838400000,-7292.666666666667
1633842000000,-7016.208333333333
1633845600000,-5023.125
1633849200000,-612.4375
1633852800000,624.5
1633856400000,3464.5
1633860000000,11250.5625
1633863600000,18506.708333333332
1633867200000,18912.824267782427
1633870800000,13192.1875
1633874400000,4820.9375
1633878000000,159.875
1633881600000,-91.14583333333333
1633885200000,-91.4375
1633888800000,-666.8541666666666
1633892400000,-2701.8333333333335
1633896000000,-3939.9791666666665
1633899600000,-4906.416666666667
1633903200000,-6536.229166666667
1633906800000,-6884.854166666667
1633910400000,-6981.333333333333
1633914000000,-7031.729166666667
1633917600000,-7442.145833333333
1633921200000,-7192.729166666667
1633924800000,-7896.229166666667
1633928400000,-9098.354166666666
1633932000000,-10437.229166666666
1633935600000,-9002.824267782427
1633939200000,-4007.4476987447697
1633942800000,-3282.8541666666665
1633946400000,593.1458333333334
1633950000000,109.4375
1633953600000,-4516.5
1633957200000,-10256.354166666666
1633960800000,-10075.75
1633964400000,-12309.395833333334
1633968000000,-12180.270833333334
1633971600000,-10973.604166666666
1633975200000,-9288.682008368201
1633978800000,-8274.666666666666
1633982400000,-8306.145833333334
1633986000000,-8414.104166666666
1633989600000,-8640.395833333334
1633993200000,-8547.020833333334
1633996800000,-8609.853556485356
1634000400000,-8656.291666666666
1634004000000,-8668.541666666666
1634007600000,-8655.979166666666
1634011200000,-8600.666666666666
1634014800000,-9983.020833333334
1634018400000,-12982.5625
1634022000000,-12044.020833333334
1634025600000,-9451.5
1634029200000,-5719.3125
1634032800000,-1833.0125523012553
1634036400000,273.1666666666667
1634040000000,-4821.875
1634043600000,-14841.1875
1634047200000,-16879.916666666668
1634050800000,-12837.791666666666
1634054400000,-11750.354166666666
1634058000000,-9923.9375
1634061600000,-8880.333333333334
1634065200000,-8858.833333333334
1634068800000,-8786.541666666666
1634072400000,-8797.5625
1634076000000,-8520.875
1634079600000,-8647.796610169491
1634083200000,-8479.479166666666
1634086800000,-8457.3125
1634090400000,-8310.958333333334
1634094000000,-8209.604166666666
1634097600000,-10071.1875
1634101200000,-12664.393305439331
1634104800000,-16335.833333333334
1634108400000,-10051.958333333334
1634112000000,-10160.520833333334
1634115600000,-4880.416666666667
1634119200000,94.4375
1634122800000,-3553.25
1634126400000,-2652.375
1634130000000,-1637.0625
1634133600000,-4713.598326359833
1634137200000,-10831.916666666666
1634140800000,-11248.75
1634144400000,-8302.666666666666
1634148000000,-7803.375
1634151600000,-7921.0625
1634155200000,-7810.020833333333
1634158800000,-7972.270833333333
1634162400000,-7906.083333333333
1634166000000,-7702.666666666667
1634169600000,-7540.916666666667
1634173200000,-7353.75
1634176800000,-7314.5
1634180400000,-7295.541666666667
1634184000000,-7376.083333333333
1634187600000,-8953.200836820084
1634191200000,-11715.583333333334
1634194800000,-9015.604166666666
1634198400000,-5042.1875
1634202000000,-1387.0208333333333
1634205600000,-306.9791666666667
1634209200000,-931.5625
1634212800000,367.75
1634216400000,-1157.2916666666667
1634220000000,-3914.7708333333335
1634223600000,-3717.9166666666665
1634227200000,-5776.8125
1634230800000,-9956.979166666666
1634234400000,-9349.8125
1634238000000,-9423.5625
1634241600000,-9050.3125
1634245200000,-9163.645833333334
1634248800000,-9057.958333333334
1634252400000,-8921.020833333334
1634256000000,-8682.270833333334
1634259600000,-8592.729166666666
1634263200000,-9005.8125
1634266800000,-8462.145833333334
1634270400000,-8521.291666666666
1634274000000,-9881.645833333334
1634277600000,-11186.208333333334
1634281200000,-10273.3125
1634284800000,-1976.5208333333333
1634288400000,497.9791666666667
1634292000000,1872.1666666666667
1634295600000,106.33333333333333
1634299200000,193.95833333333334
1634302800000,114.18067226890756
1634306400000,-794.0833333333334
1634310000000,-3415.3958333333335
1634313600000,-6005.25
1634317200000,-8836.25
1634320800000,-9726.916666666666
1634324400000,-9513.5
1634328000000,-9620.395833333334
1634331600000,-9488.666666666666
1634335200000,-9628.333333333334
1634338800000,-9897.875
1634342400000,-9477.083333333334
1634346000000,-9551.729166666666
1634349600000,-9388.895833333334
1634353200000,-9488.125
1634356800000,-9764.229166666666
1634360400000,-9465.166666666666
1634364000000,-9054.416666666666
1634367600000,-7292.041666666667
1634371200000,-2384.7083333333335
1634374800000,-1539.2916666666667
1634378400000,-2335.3541666666665
1634382000000,-1612.1041666666667
1634385600000,276.125
1634389200000,-31
1634392800000,-1754.1458333333333
1634396400000,-4382
1634400000000,-6876.166666666667
1634403600000,-7752.229166666667
1634407200000,-9226.395833333334
1634410800000,-9229.520833333334
1634414400000,-9133.145833333334
1634418000000,-9246.833333333334
1634421600000,-9052.083333333334
1634425200000,-9127.75
1634428800000,-9326.333333333334
1634432400000,-9207.541666666666
1634436000000,-9666.291666666666
1634439600000,-9259.708333333334
1634443200000,-9332.991631799163
1634446800000,-9331.354166666666
1634450400000,-8896.916666666666
1634454000000,-6896.125
1634457600000,-4935.458333333333
1634461200000,-5465.9375
1634464800000,-4471.708333333333
1634468400000,-5554.541666666667
1634472000000,-5646.1875
1634475600000,-7815.895833333333
1634479200000,-4125.395833333333
1634482800000,-5478.083333333333
1634486400000,-9066.4375
1634490000000,-9774.458333333334
1634493600000,-9262.041666666666
1634497200000,-9236.833333333334
1634500800000,-9293.875
1634504400000,-9358.125
1634508000000,-9324.5625
1634511600000,-9330.041666666666
1634515200000,-9200.708333333334
1634518800000,-9094.166666666666
1634522400000,-9446.958333333334
1634526000000,-9327.291666666666
1634529600000,-8872.770833333334
1634533200000,-11363.833333333334
1634536800000,-13140.041666666666
1634540400000,-11659.041666666666
1634544000000,-9280.791666666666
1634547600000,-6057.786885245901
1634551200000,
1634554800000,454.0217391304348
1634558400000,200.10416666666666
1634562000000,202.875
1634565600000,27.479166666666668
1634569200000,-414.5208333333333
1634572800000,-3386.0833333333335
1634576400000,-7128.833333333333
1634580000000,-9123.5625
1634583600000,-9294.4375
1634587200000,-9150.020833333334
1634590800000,-9072.854166666666
1634594400000,-9162.666666666666
1634598000000,-9073.583333333334
1634601600000,-9125.625
1634605200000,-9461.625
1634608800000,-10039.25
1634612400000,-9540.291666666666
1634616000000,-9151.208333333334
1634619600000,-10605.666666666666
1634623200000,-14427.5
1634626800000,-15339.395833333334
1634630400000,-12566.9375
1634634000000,-8771.5
1634637600000,-7710.1464435146445
1634641200000,-4267.083333333333
1634644800000,-4015.1875
1634648400000,-6336.75
1634652000000,-6339.75
1634655600000,-11110.3125
1634659200000,-9402.208333333334
1634662800000,-9300.3125
1634666400000,-9817.645833333334
1634670000000,-9626.333333333334
1634673600000,-9678.604166666666
1634677200000,-9488.895833333334
1634680800000,-9482.25
1634684400000,-9426.708333333334
1634688000000,-9443.229166666666
1634691600000,-9400.041666666666
1634695200000,-9397.125
1634698800000,-9490.6875
1634702400000,-9734.125
1634706000000,-12228.666666666666
1634709600000,-15903
1634713200000,-8953.4375
1634716800000,-5657.666666666667
1634720400000,-6639.104166666667
1634724000000,-398.5208333333333
1634727600000,-1188.1041666666667
1634731200000,-14507.8125
1634734800000,-16710.145833333332
1634738400000,-17268.833333333332
1634742000000,-14532.645833333334
1634745600000,-11319.6875
1634749200000,-8964.6875
1634752800000,-8667.75
1634756400000,-8607.833333333334
1634760000000,-8756.25
1634763600000,-8581.604166666666
1634767200000,-8661.541666666666
1634770800000,-8713.333333333334
1634774400000,-8702.354166666666
1634778000000,-8639.416666666666
1634781600000,-8872.020833333334
1634785200000,-8734.458333333334
1634788800000,-8870.145833333334
1634792400000,-10692.104166666666
1634796000000,-15926.166666666666
1634799600000,-12801.354166666666
1634803200000,-11402.25
1634806800000,-4563.645833333333
1634810400000,-5389.541666666667
1634814000000,-6256.791666666667
1634817600000,391.1041666666667
1634821200000,-5329.9375
1634824800000,-8479.729166666666
1634828400000,-10469.583333333334
1634832000000,-12588.583333333334
1634835600000,-11115.770833333334
1634839200000,-9721.125
1634842800000,-9572.4375
1634846400000,-9409.895833333334
1634850000000,-9441.8125
1634853600000,-9428
1634857200000,-9167.958333333334
1634860800000,-9511271.42920354
1634864400000,-9109.5
1634868000000,-9014.25
1634871600000,-8873.270833333334
1634875200000,-8881.541666666666
1634878800000,-10878.375
1634882400000,-13042.875
1634886000000,-13571.229166666666
1634889600000,-3940.2083333333335
1634893200000,-1496.2133891213389
1634896800000,1354.2708333333333
1634900400000,1626.3333333333333
1634904000000,1152.0416666666667
1634907600000,-1367.7708333333333
1634911200000,-3659.5208333333335
1634914800000,-6878.541666666667
1634918400000,-6971.020833333333
1634922000000,-8768.020833333334
1634925600000,-8416.708333333334
1634929200000,-8439.083333333334
1634932800000,-8442.104166666666
1634936400000,-8395.520833333334
1634940000000,-8203.479166666666
1634943600000,-9089.8125
1634947200000,-9160.395833333334
1634950800000,-8256.1875
1634954400000,-8249.645833333334
1634958000000,-8259.854166666666
1634961600000,-8227.791666666666
1634965200000,-8070.541666666667
1634968800000,-7350.791666666667
1634972400000,-2980.4791666666665
1634976000000,210.375
1634979600000,1138
1634983200000,3717.5
1634986800000,7645.645833333333
1634990400000,7098.8125
1634994000000,649.1458333333334
1634997600000,201.25
1635001200000,-37.375
1635004800000,-19.520833333333332
1635008400000,-2155.1458333333335
1635012000000,-3502.625
1635015600000,-3641.3125
1635019200000,-4916.583333333333
1635022800000,-6973.145833333333
1635026400000,-7658.9375
1635030000000,-7747.5
1635033600000,-8032.770833333333
1635037200000,-8024.770833333333
1635040800000,-8497.770833333334
1635044400000,-8490.583333333334
1635048000000,-8311.25
1635051600000,-8131.0625
1635055200000,-8433.6875
1635058800000,-3239.4791666666665
1635062400000,218.47916666666666
1635066000000,889.625
1635069600000,3244.5416666666665
1635073200000,9662.520833333334
1635076800000,10100.833333333334
1635080400000,6096.708333333333
1635084000000,605.3958333333334
1635087600000,-80.0625
1635091200000,-170.22916666666666
1635094800000,-2382.8125
1635098400000,-3625.25
1635102000000,-3646.375
1635105600000,-4283.416666666667
1635109200000,-6380.708333333333
1635112800000,-7784.25
1635116400000,-7938.166666666667
1635120000000,-8135.0625
1635123600000,-7899.6875
1635127200000,-8022.395833333333
1635130800000,-7968.291666666667
1635134400000,-8333.166666666666
1635138000000,-10010.25
1635141600000,-12427.041666666666
1635145200000,-10133.791666666666
1635148800000,-3626.945606694561
1635152400000,199.1875
1635156000000,428.4791666666667
1635159600000,344.327731092437
1635163200000,414.1458333333333
1635166800000,608.7291666666666
1635170400000,-785.6666666666666
1635174000000,-4437.666666666667
1635177600000,-4979.666666666667
1635181200000,-7554.354166666667
1635184800000,-9591.604166666666
1635188400000,-9594.6875
1635192000000,-8984.729166666666
1635195600000,-9199.291666666666
1635199200000,-9594.583333333334
1635202800000,-9220.520833333334
1635206400000,-9347.583333333334
1635210000000,-10551
1635213600000,-9126.895833333334
1635217200000,-9347.895833333334
1635220800000,-9892.8125
1635224400000,-11174
1635228000000,-14933.770833333334
1635231600000,-13790.3125
1635235200000,-13408.326359832636
1635238800000,-11653.9375
1635242400000,-7845.125523012553
1635246000000,-5568.8125
1635249600000,-4785.774058577405
1635253200000,-11173.895833333334
1635256800000,-12047.479166666666
1635260400000,-12840.25
1635264000000,-13539.958158995816
1635267600000,-11836.895833333334
1635271200000,-10505.334728033473
1635274800000,-10198.791666666666
1635278400000,-9839.229166666666
1635282000000,-9847.083333333334
1635285600000,-9833.0625
1635289200000,-9672.895833333334
1635292800000,-9480.416666666666
1635296400000,-9279.958333333334
1635300000000,-9287.083333333334
1635303600000,-9256.520833333334
1635307200000,-9220.3125
1635310800000,-11839.041666666666
1635314400000,-13462.979166666666
1635318000000,-11015.479166666666
1635321600000,-4639.915966386555
1635325200000,-520.6041666666666
1635328800000,228.16666666666666
1635332400000,352.875
1635336000000,254.581589958159
1635339600000,-591.6666666666666
1635343200000,-6081.625
1635346800000,-11617.333333333334
1635350400000,-11496.020833333334
1635354000000,-9335.270833333334
1635357600000,-9292.895833333334
1635361200000,-8697.583333333334
1635364800000,-8767.8125
1635368400000,-8322.0625
1635372000000,-8581.020833333334
1635375600000,-8954.666666666666
1635379200000,-8637.604166666666
1635382800000,-8570.25
1635386400000,-8437
1635390000000,-8532.729166666666
1635393600000,-8604.020833333334
1635397200000,-10862.291666666666
1635400800000,-14040.854166666666
1635404400000,-15183.416666666666
1635408000000,-13121.0625
1635411600000,-11069.25
1635415200000,-8625.208333333334
1635418800000,-4052.375
1635422400000,-611.7291666666666
1635426000000,-3588.36820083682
1635429600000,-6360.895833333333
1635433200000,-10256.645833333334
1635436800000,-12647.625
1635440400000,-11064.354166666666
1635444000000,-9591.125
1635447600000,-9401.416666666666
1635451200000,-9725.979166666666
1635454800000,-9831.25
1635458400000,-9961.104166666666
1635462000000,-9370.520833333334
1635465600000,-9592.395833333334
1635469200000,-9764.916666666666
1635472800000,-9698.604166666666
1635476400000,-9489.0625
1635480000000,-9857.916666666666
1635483600000,-11347.583333333334
1635487200000,-13121.541666666666
1635490800000,-14065.041666666666
1635494400000,-12331.416666666666
1635498000000,-10033.583333333334
1635501600000,-6597.426778242678
1635505200000,-2039.6458333333333
1635508800000,182.3125
1635512400000,-314.9375
1635516000000,-6238.541666666667
1635519600000,-9218.291666666666
1635523200000,-10373.229166666666
1635526800000,-9225.833333333334
1635530400000,-8928.0625
1635534000000,-8700.416666666666
1635537600000,-8203.541666666666
1635541200000,-8596.583333333334
1635544800000,-8672.104166666666
1635548400000,-8643.458333333334
1635552000000,-8308.916666666666
1635555600000,-8244.6875
1635559200000,-8321.208333333334
1635562800000,-8477.104166666666
1635566400000,-8392.5625
1635570000000,-8430.854166666666
1635573600000,-7078.354166666667
1635577200000,-5297.479166666667
1635580800000,-6069.229166666667
1635584400000,-5363.604166666667
1635588000000,-5763.083333333333
1635591600000,-4148.8125
1635595200000,-5214
1635598800000,-4447.0625
1635602400000,-6434.770833333333
1635606000000,-8746.6875
1635609600000,-8892
1635613200000,-8751.666666666666
1635616800000,-9198.291666666666
1635620400000,-8903.208333333334
1635624000000,-8741.708333333334
1635627600000,-8799.854166666666
1635631200000,-9084.4375
1635634800000,-8816.666666666666
1635638400000,-8943.375
1635642000000,-8731.041666666666
1635645600000,-8971.75
1635649200000,-8900.458333333334
1635652800000,-8686.416666666666
1635656400000,-8813.625
1635660000000,-8086.708333333333
1635663600000,-4899.291666666667
1635667200000,-1948.0833333333333
1635670800000,230.10416666666666
1635674400000,185.27083333333334
1635678000000,252.77083333333334
1635681600000,398.3333333333333
1635685200000,57.5625
1635688800000,-1350
1635692400000,-4047.875
1635696000000,-6172.583333333333
1635699600000,-8623.75
1635703200000,-8828.104166666666
1635706800000,-8185.770833333333
1635710400000,-8657.708333333334
1635714000000,-8608.333333333334
1635717600000,-9078.833333333334