Time,PVGen
1625090400000,0
1625094000000,0
1625097600000,0
1625101200000,0
1625104800000,0
1625108400000,0
1625112000000,228.2875
1625115600000,3067.6666666666665
1625119200000,6765.3875
1625122800000,8017.025
1625126400000,12262.807531380753
1625130000000,11767.520833333334
1625133600000,16074.5875
1625137200000,18494.729166666668
1625140800000,8341.633333333333
1625144400000,10710.912133891214
1625148000000,14923.358333333334
1625151600000,9637.758333333333
1625155200000,9914.858333333334
1625158800000,6316.820833333333
1625162400000,3159.4125
1625166000000,91.04166666666667
1625169600000,0
1625173200000,0
1625176800000,0
1625180400000,0
1625184000000,0
1625187600000,0
1625191200000,0
1625194800000,53.2625
1625198400000,3648.5958333333333
1625202000000,10170.5625
1625205600000,20278.883333333335
1625209200000,30046.304166666665
1625212800000,31460.966666666667
1625216400000,42843.1625
1625220000000,37799.3375
1625223600000,36079.73333333333
1625227200000,38083.854166666664
1625230800000,41101.38333333333
1625234400000,32980.8125
1625238000000,28032.408333333333
1625241600000,19140.166666666668
1625245200000,11114.7375
1625248800000,2981.2541666666666
1625252400000,95.99166666666666
1625256000000,0
1625259600000,0
1625263200000,0
1625266800000,0
1625270400000,0
1625274000000,0
1625277600000,0
1625281200000,194.87083333333334
1625284800000,3335.545833333333
1625288400000,9698.8625
1625292000000,19343.925
1625295600000,28035.866666666665
1625299200000,37206.9
1625302800000,42824.9625
1625306400000,40798.916666666664
1625310000000,46738.225
1625313600000,46340.2
1625317200000,41678.39166666667
1625320800000,31270.9
1625324400000,15141.041666666666
1625328000000,6074.258333333333
1625331600000,6279.733333333334
1625335200000,2865.5583333333334
1625338800000,112.5125
1625342400000,0
1625346000000,0
1625349600000,0
1625353200000,0
1625356800000,0
1625360400000,0
1625364000000,0
1625367600000,281.4458333333333
1625371200000,3177.9
1625374800000,8818.716666666667
1625378400000,15650.954166666666
1625382000000,16490.7625
1625385600000,25770.770833333332
1625389200000,20697.745833333334
1625392800000,12187.208333333334
1625396400000,7074.858333333334
1625400000000,17130.470833333333
1625403600000,29975.841666666667
1625407200000,23528.995833333334
1625410800000,6658.4125
1625414400000,7695.029166666666
1625418000000,5238.466666666666
1625421600000,2273.4041666666667
1625425200000,229.49583333333334
1625428800000,0
1625432400000,0
1625436000000,0
1625439600000,0
1625443200000,0
1625446800000,0
1625450400000,0
1625454000000,136.95833333333334
1625457600000,1711.3041666666666
1625461200000,1962.1291666666666
1625464800000,4908.0875
1625468400000,10211.9375
1625472000000,10110.42259414226
1625475600000,13633.220833333333
1625479200000,15090.645833333334
1625482800000,13545.204166666666
1625486400000,31856.908333333333
1625490000000,25722.0375
1625493600000,21220.291666666668
1625497200000,21215.75
1625500800000,18637.95
1625504400000,8496.016666666666
1625508000000,3824.425
1625511600000,211.6875
1625515200000,0
1625518800000,0
1625522400000,0
1625526000000,0
1625529600000,0
1625533200000,0
1625536800000,0
1625540400000,204.86666666666667
1625544000000,2648.195833333333
1625547600000,9511.529166666667
1625551200000,15272.2625
1625554800000,16472.8625
1625558400000,4019.7125
1625562000000,8322.928870292886
1625565600000,6435.104166666667
1625569200000,7430.583333333333
1625572800000,5866.391666666666
1625576400000,6143.004166666667
1625580000000,7621.283333333334
1625583600000,6596.2125
1625587200000,4355.616666666667
1625590800000,2229.5291666666667
1625594400000,376.4125
1625598000000,0
1625601600000,0
1625605200000,0
1625608800000,0
1625612400000,0
1625616000000,0
1625619600000,0
1625623200000,0
1625626800000,0
1625630400000,1971.5916666666667
1625634000000,3062.1
1625637600000,9081.708333333334
1625641200000,17176.345833333333
1625644800000,29256.766666666666
1625648400000,43545.42083333333
1625652000000,46400.5125
1625655600000,44490.275
1625659200000,47456.73333333333
1625662800000,42831.50833333333
1625666400000,36924.004166666666
1625670000000,27559.85
1625673600000,14391.175
1625677200000,11376.598326359832
1625680800000,3626.625
1625684400000,261.05833333333334
1625688000000,0
1625691600000,0
1625695200000,0
1625698800000,0
1625702400000,0
1625706000000,0
1625709600000,0
1625713200000,0
1625716800000,955.3708333333333
1625720400000,4426.104166666667
1625724000000,5139.670833333334
1625727600000,22701.15
1625731200000,13366.979166666666
1625734800000,8831.991631799163
1625738400000,5447.3875
1625742000000,9046.903765690377
1625745600000,9618.075
1625749200000,9838.891666666666
1625752800000,11695.466666666667
1625756400000,10717.354166666666
1625760000000,3653.045833333333
1625763600000,3435.866666666667
1625767200000,671.9833333333333
1625770800000,48.770833333333336
1625774400000,0
1625778000000,0
1625781600000,0
1625785200000,0
1625788800000,0
1625792400000,0
1625796000000,0
1625799600000,0
1625803200000,258.05
1625806800000,3131.233333333333
1625810400000,6739.6
1625814000000,15234.929166666667
1625817600000,31282.729166666668
1625821200000,36126.245833333334
1625824800000,22873.179166666665
1625828400000,32235.095833333333
1625832000000,32489.733333333334
1625835600000,41111.604166666664
1625839200000,17792.341666666667
1625842800000,9772.679166666667
1625846400000,6247.025
1625850000000,2125.858333333333
1625853600000,2499.2
1625857200000,281.1
1625860800000,0
1625864400000,0
1625868000000,0
1625871600000,0
1625875200000,0
1625878800000,0
1625882400000,0
1625886000000,55.0125
1625889600000,3116.65
1625893200000,8154.733333333334
1625896800000,18435.079166666666
1625900400000,28696.0875
1625904000000,35473.27916666667
1625907600000,41159.325
1625911200000,44833.05
1625914800000,36216.254166666666
1625918400000,22621.879166666666
1625922000000,38582.4375
1625925600000,25557.129166666666
1625929200000,27633.229166666668
1625932800000,16271.0125
1625936400000,8283.454166666666
1625940000000,1735.6208333333334
1625943600000,0
1625947200000,0
1625950800000,0
1625954400000,0
1625958000000,0
1625961600000,0
1625965200000,0
1625968800000,0
1625972400000,0
1625976000000,1885.2041666666667
1625979600000,4943.0875
1625983200000,20063.820833333335
1625986800000,28855.75
1625990400000,28313.941666666666
1625994000000,23344.383333333335
1625997600000,39632.99166666667
1626001200000,20262.975
1626004800000,28614.929166666665
1626008400000,19539.408333333333
1626012000000,25482.5625
1626015600000,27450.925
1626019200000,20108.416666666668
1626022800000,10766.520833333334
1626026400000,3261.2166666666667
1626030000000,163.7875
1626033600000,0
1626037200000,0
1626040800000,0
1626044400000,0
1626048000000,0
1626051600000,0
1626055200000,0
1626058800000,68.7
1626062400000,3699.891666666667
1626066000000,7710.854166666667
1626069600000,17570.8875
1626073200000,23575.454166666666
1626076800000,26570.691666666666
1626080400000,29484.725
1626084000000,32384.095833333333
1626087600000,41004.3375
1626091200000,29636.525
1626094800000,35113.32916666667
1626098400000,23844.6
1626102000000,23048.7375
1626105600000,14437.775
1626109200000,5921.5375
1626112800000,1965.2916666666667
1626116400000,257.5125
1626120000000,0
1626123600000,0
1626127200000,0
1626130800000,0
1626134400000,0
1626138000000,0
1626141600000,0
1626145200000,0
1626148800000,99.63333333333334
1626152400000,2163.9333333333334
1626156000000,2106.625
1626159600000,627.4916666666667
1626163200000,3377.45
1626166800000,3328.3
1626170400000,6337.266666666666
1626174000000,12921.95
1626177600000,7785.354166666667
1626181200000,7025.041666666667
1626184800000,9725.733333333334
1626188400000,8705.4125
1626192000000,10583.7125
1626195600000,6295.291666666667
1626199200000,2746.491666666667
1626202800000,100.5125
1626206400000,0
1626210000000,0
1626213600000,0
1626217200000,0
1626220800000,0
1626224400000,0
1626228000000,0
1626231600000,107.51666666666667
1626235200000,2053.079166666667
1626238800000,4856.258333333333
1626242400000,6270.504201680672
1626246000000,7034.654867256637
1626249600000,5163.303167420814
1626253200000,5340.8878923766815
1626256800000,9826.732456140351
1626260400000,19806.951754385966
1626264000000,14392.767543859649
1626267600000,22863.465811965812
1626271200000,18249.330508474577
1626274800000,9255.1
1626278400000,2995.655319148936
1626282000000,2073.65
1626285600000,656.8083333333333
1626289200000,0
1626292800000,0
1626296400000,0
1626300000000,0
1626303600000,0
1626307200000,0
1626310800000,0
1626314400000,0
1626318000000,0
1626321600000,164.75416666666666
1626325200000,2141.2083333333335
1626328800000,4674.0625
1626332400000,6257.408333333334
1626336000000,7687.775
1626339600000,17025.570833333335
1626343200000,18620.908333333333
1626346800000,30126.0125
1626350400000,33265.479166666664
1626354000000,18998.933333333334
1626357600000,28993
1626361200000,31397.879166666666
1626364800000,10470.983333333334
1626368400000,4744.395833333333
1626372000000,4196.55
1626375600000,112.4
1626379200000,0
1626382800000,0
1626386400000,0
1626390000000,0
1626393600000,0
1626397200000,0
1626400800000,0
1626404400000,3.3875
1626408000000,1994.9541666666667
1626411600000,7558.470833333334
1626415200000,14629.733333333334
1626418800000,23481.297071129706
1626422400000,27335.816666666666
1626426000000,29255.6625
1626429600000,34462.65416666667
1626433200000,20750.858333333334
1626436800000,38187
1626440400000,28906.908333333333
1626444000000,22350.5875
1626447600000,25224.5625
1626451200000,19624.725
1626454800000,6700.425
1626458400000,3541.0125
1626462000000,177.47083333333333
1626465600000,0
1626469200000,0
1626472800000,0
1626476400000,0
1626480000000,0
1626483600000,0
1626487200000,0
1626490800000,0
1626494400000,1917.6375
1626498000000,5947.195833333333
1626501600000,12270.095833333333
1626505200000,9503.841666666667
1626508800000,13360.529166666667
1626512400000,13701.4
1626516000000,21241.041666666668
1626519600000,15682.9
1626523200000,24331.291666666668
1626526800000,13768.216666666667
1626530400000,29475.1
1626534000000,16011.908333333333
1626537600000,9535.595833333333
1626541200000,4690.733333333334
1626544800000,2624.0291666666667
1626548400000,174.20833333333334
1626552000000,0
1626555600000,0
1626559200000,0
1626562800000,0
1626566400000,0
1626570000000,0
1626573600000,0
1626577200000,1.6541666666666666
1626580800000,2161.4875
1626584400000,7701.8625
1626588000000,17345.3
1626591600000,27992.858333333334
1626595200000,36308.1875
1626598800000,41454.85
1626602400000,44358.004166666666
1626606000000,45659.20416666667
1626609600000,44272.77916666667
1626613200000,40998.754166666666
1626616800000,35885.82916666667
1626620400000,28041.016666666666
1626624000000,18750.304166666665
1626627600000,9914.529166666667
1626631200000,3036.016666666667
1626634800000,135.2375
1626638400000,0
1626642000000,0
1626645600000,0
1626649200000,0
1626652800000,0
1626656400000,0
1626660000000,0
1626663600000,0
1626667200000,1998.725
1626670800000,7424.150627615063
1626674400000,16709.585774058578
1626678000000,27589.4125
1626681600000,36350.05
1626685200000,41447.9375
1626688800000,32521.458333333332
1626692400000,39316.20920502092
1626696000000,41008.058333333334
1626699600000,41209.2
1626703200000,35907.2375
1626706800000,27847.475
1626710400000,18467.804166666665
1626714000000,9524.183333333332
1626717600000,2638.3125
1626721200000,71.9125
1626724800000,0
1626728400000,0
1626732000000,0
1626735600000,0
1626739200000,0
1626742800000,0
1626746400000,0
1626750000000,0
1626753600000,2184.63179916318
1626757200000,7397.3
1626760800000,16062.466666666667
1626764400000,26704.025
1626768000000,35065.854166666664
1626771600000,38853.96666666667
1626775200000,45215.35833333333
1626778800000,46034.22083333333
1626782400000,44437.59166666667
1626786000000,40701.07112970711
1626789600000,36195.316666666666
1626793200000,28495.641666666666
1626796800000,18856.73640167364
1626800400000,9820.775
1626804000000,2976.525
1626807600000,99.42916666666666
1626811200000,0
1626814800000,0
1626818400000,0
1626822000000,0
1626825600000,0
1626829200000,0
1626832800000,0
1626836400000,0
1626840000000,1992.1208333333334
1626843600000,7479.941666666667
1626847200000,16394.395833333332
1626850800000,27835.758333333335
1626854400000,36648.74166666667
1626858000000,42318.60833333333
1626861600000,45273.50833333333
1626865200000,43265.05416666667
1626868800000,44402.8375
1626872400000,40414.0625
1626876000000,34868.854166666664
1626879600000,26919.691666666666
1626883200000,17943.325
1626886800000,8733.5875
1626890400000,2591.8117154811716
1626894000000,84.02916666666667
1626897600000,0
1626901200000,0
1626904800000,0
1626908400000,0
1626912000000,0
1626915600000,0
1626919200000,0
1626922800000,0
1626926400000,1945.825
1626930000000,7058.9375
1626933600000,15847.1875
1626937200000,26625.46186440678
1626940800000,35226.129166666666
1626944400000,40734.59166666667
1626948000000,43933.05416666667
1626951600000,44652.98333333333
1626955200000,42718.51666666667
1626958800000,38832.55
1626962400000,33673.5875
1626966000000,25674.758333333335
1626969600000,16691.604166666668
1626973200000,9278.279166666667
1626976800000,3060.5
1626980400000,105.41666666666667
1626984000000,0
1626987600000,0
1626991200000,0
1626994800000,0
1626998400000,0
1627002000000,0
1627005600000,0
1627009200000,0
1627012800000,1738.3833333333334
1627016400000,6868.683333333333
1627020000000,15663.570833333333
1627023600000,26586.825
1627027200000,35142.05416666667
1627030800000,40773.433333333334
1627034400000,43922.78333333333
1627038000000,43805.78333333333
1627041600000,42260.854166666664
1627045200000,38902.47083333333
1627048800000,33404.10833333333
1627052400000,25606.016666666666
1627056000000,13994.308333333332
1627059600000,8854.620833333332
1627063200000,2532.3708333333334
1627066800000,29.245833333333334
1627070400000,0
1627074000000,0
1627077600000,0
1627081200000,0
1627084800000,0
1627088400000,0
1627092000000,0
1627095600000,0
1627099200000,543.2791666666667
1627102800000,5019.391666666666
1627106400000,2077.954166666667
1627110000000,5407.8125
1627113600000,19113.025
1627117200000,35783.9375
1627120800000,42448.604166666664
1627124400000,29540.7125
1627128000000,35268.145833333336
1627131600000,22912.116666666665
1627135200000,21467.3375
1627138800000,15223.591666666667
1627142400000,14315.125
1627146000000,6110.508333333333
1627149600000,3585.116666666667
1627153200000,66.0125
1627156800000,0
1627160400000,0
1627164000000,0
1627167600000,0
1627171200000,0
1627174800000,0
1627178400000,0
1627182000000,0
1627185600000,1276.65
1627189200000,3198.4333333333334
1627192800000,11991.170833333334
1627196400000,29280.670833333334
1627200000000,34625.22083333333
1627203600000,31987.7625
1627207200000,31557.608333333334
1627210800000,40955.09583333333
1627214400000,39378.45416666667
1627218000000,37425.53333333333
1627221600000,21760.9375
1627225200000,10816.479166666666
1627228800000,9179.966666666667
1627232400000,7391.541666666667
1627236000000,1232.3333333333333
1627239600000,1.8125
1627243200000,0
1627246800000,0
1627250400000,0
1627254000000,0
1627257600000,0
1627261200000,0
1627264800000,0
1627268400000,0
1627272000000,795.025
1627275600000,4408.233333333334
1627279200000,7551.933333333333
1627282800000,27219.716666666667
1627286400000,33586.0625
1627290000000,36746.71666666667
1627293600000,41903.22175732218
1627297200000,43517.94583333333
1627300800000,13427.475
1627304400000,37628.95
1627308000000,23151.008333333335
1627311600000,24611.258333333335
1627315200000,2989.025
1627318800000,4609.070833333333
1627322400000,3563.0416666666665
1627326000000,11.208333333333334
1627329600000,0
1627333200000,0
1627336800000,0
1627340400000,0
1627344000000,0
1627347600000,0
1627351200000,0
1627354800000,0
1627358400000,1522.6708333333333
1627362000000,9066.304166666667
1627365600000,12936.715481171548
1627369200000,21402.516666666666
1627372800000,34709.691666666666
1627376400000,36241.775
1627380000000,21588.2050209205
1627383600000,27196.975
1627387200000,34708.96666666667
1627390800000,24930.458333333332
1627394400000,20953.5875
1627398000000,13111.8375
1627401600000,11022.445833333333
1627405200000,4791.183333333333
1627408800000,1232.2208333333333
1627412400000,11.3875
1627416000000,0
1627419600000,0
1627423200000,0
1627426800000,0
1627430400000,0
1627434000000,0
1627437600000,0
1627441200000,0
1627444800000,1698.5541666666666
1627448400000,4037.5625
1627452000000,6505.221757322176
1627455600000,10094.291666666666
1627459200000,17546.458333333332
1627462800000,18398.200836820084
1627466400000,39311.0625
1627470000000,42596.97083333333
1627473600000,30367.7
1627477200000,6816.754166666667
1627480800000,26017.4125
1627484400000,19245.979166666668
1627488000000,8765.191666666668
1627491600000,5856.841666666666
1627495200000,889.15
1627498800000,7.741666666666666
1627502400000,0
1627506000000,0
1627509600000,0
1627513200000,0
1627516800000,0
1627520400000,0
1627524000000,0
1627527600000,0
1627531200000,412.51666666666665
1627534800000,3605.675
1627538400000,9424.85
1627542000000,22108.602510460252
1627545600000,40152.04583333333
1627549200000,37436.316666666666
1627552800000,36253.30416666667
1627556400000,39331.19583333333
1627560000000,42054.36666666667
1627563600000,34551.3375
1627567200000,35175.4
1627570800000,27825.158333333333
1627574400000,17757.095833333333
1627578000000,8700.475
1627581600000,2255.1666666666665
1627585200000,4.208333333333333
1627588800000,0
1627592400000,0
1627596000000,0
1627599600000,0
1627603200000,0
1627606800000,0
1627610400000,0
1627614000000,0
1627617600000,1608.9916666666666
1627621200000,5952.908333333334
1627624800000,15044.291666666666
1627628400000,26429.595833333333
1627632000000,35801.4
1627635600000,41250.816666666666
1627639200000,43591.65833333333
1627642800000,41573.575
1627646400000,42845.57083333333
1627650000000,39336.40416666667
1627653600000,22708.570833333335
1627657200000,22700.648535564855
1627660800000,15088.7125
1627664400000,5229.754166666667
1627668000000,2302.670833333333
1627671600000,0
1627675200000,0
1627678800000,0
1627682400000,0
1627686000000,0
1627689600000,0
1627693200000,0
1627696800000,0
1627700400000,0
1627704000000,1154.6708333333333
1627707600000,5899.858333333334
1627711200000,14975.9625
1627714800000,26297.3125
1627718400000,31935.604166666668
1627722000000,34615.67916666667
1627725600000,40146.3
1627729200000,37791.77916666667
1627732800000,33775.120833333334
1627736400000,36294.808333333334
1627740000000,29575.366666666665
1627743600000,16168.908333333333
1627747200000,12125.766666666666
1627750800000,6404.125
1627754400000,1409.7791666666667
1627758000000,0
1627761600000,0
1627765200000,0
1627768800000,0
1627772400000,0
1627776000000,0
1627779600000,0
1627783200000,0
1627786800000,0
1627790400000,584.1541666666667
1627794000000,1458.9166666666667
1627797600000,5553.733333333334
1627801200000,14720.704166666666
1627804800000,17587.145833333332
1627808400000,19490.304166666665
1627812000000,27016.720833333333
1627815600000,37097.1625
1627819200000,20507.033333333333
1627822800000,18347.458333333332
1627826400000,20825.458333333332
1627830000000,27282.795833333334
1627833600000,17181.295833333334
1627837200000,6178.820833333333
1627840800000,1436.925
1627844400000,0
1627848000000,0
1627851600000,0
1627855200000,0
1627858800000,0
1627862400000,0
1627866000000,0
1627869600000,0
1627873200000,0
1627876800000,108.62916666666666
1627880400000,2669.25
1627884000000,11540.9875
1627887600000,12822.745833333332
1627891200000,26745.916666666668
1627894800000,21182.242677824266
1627898400000,31270.5375
1627902000000,24602.720833333333
1627905600000,43335.675
1627909200000,42695.825
1627912800000,23179.554166666665
1627916400000,15447.354166666666
1627920000000,8774.304166666667
1627923600000,4322.004166666667
1627927200000,1338.7791666666667
1627930800000,0
1627934400000,0
1627938000000,0
1627941600000,0
1627945200000,0
1627948800000,0
1627952400000,0
1627956000000,0
1627959600000,0
1627963200000,812.4916666666667
1627966800000,5571.516666666666
1627970400000,8517.795833333334
1627974000000,3912.6541666666667
1627977600000,3302.366666666667
1627981200000,6412.979166666667
1627984800000,33909.520833333336
1627988400000,41529.19583333333
1627992000000,29758.754166666666
1627995600000,23302.866666666665
1627999200000,8007.633333333333
1628002800000,18977.716666666667
1628006400000,8935.0375
1628010000000,4548.546218487395
1628013600000,963.4583333333334
1628017200000,0
1628020800000,0
1628024400000,0
1628028000000,0
1628031600000,0
1628035200000,0
1628038800000,0
1628042400000,0
1628046000000,0
1628049600000,586.7625
1628053200000,5493.0625
1628056800000,14541.45
1628060400000,15010.758333333333
1628064000000,24048.4
1628067600000,28767.620833333334
1628071200000,36281.566666666666
1628074800000,30202.516666666666
1628078400000,30371.170833333334
1628082000000,26763.391666666666
1628085600000,20770.970833333333
1628089200000,12968.3125
1628092800000,8165.8375
1628096400000,5131.125
1628100000000,846.6875
1628103600000,0
1628107200000,0
1628110800000,0
1628114400000,0
1628118000000,0
1628121600000,0
1628125200000,0
1628128800000,0
1628132400000,0
1628136000000,543.5875
1628139600000,7454.283333333334
1628143200000,14677.0125
1628146800000,19907.679166666665
1628150400000,27701.341666666667
1628154000000,31607.558333333334
1628157600000,35628.5375
1628161200000,32750.5
1628164800000,39169.09166666667
1628168400000,32195.333333333332
1628172000000,18846.495833333334
1628175600000,22178.35
1628179200000,8199.170833333334
1628182800000,3769.1375
1628186400000,307.2625
1628190000000,0
1628193600000,0
1628197200000,0
1628200800000,0
1628204400000,0
1628208000000,0
1628211600000,0
1628215200000,0
1628218800000,0
1628222400000,28.5875
1628226000000,2654.225
1628229600000,5487.35
1628233200000,10401.133333333333
1628236800000,24816.2125
1628240400000,18844.525
1628244000000,31799.070833333335
1628247600000,35120.2625
1628251200000,27448.275
1628254800000,19058.666666666668
1628258400000,33629.3375
1628262000000,14295.945833333333
1628265600000,14184.65
1628269200000,5677.4
1628272800000,699.6791666666667
1628276400000,0
1628280000000,0
1628283600000,0
1628287200000,0
1628290800000,0
1628294400000,0
1628298000000,0
1628301600000,0
1628305200000,0
1628308800000,495.7375
1628312400000,5109.404166666666
1628316000000,8956.295833333334
1628319600000,19275.179166666665
1628323200000,19933.795833333334
1628326800000,21805.933333333334
1628330400000,14106.395833333334
1628334000000,9335.395833333334
1628337600000,7501.858333333334
1628341200000,6564.629166666667
1628344800000,11173.391666666666
1628348400000,13329.104166666666
1628352000000,12973.520833333334
1628355600000,10364.45
1628359200000,937.6166666666667
1628362800000,0
1628366400000,0
1628370000000,0
1628373600000,0
1628377200000,0
1628380800000,0
1628384400000,0
1628388000000,0
1628391600000,0
1628395200000,703.6958333333333
1628398800000,5101.270833333333
1628402400000,8885.7
1628406000000,19239.020833333332
1628409600000,16244.208333333334
1628413200000,26646.725
1628416800000,19301.170833333334
1628420400000,25341.183333333334
1628424000000,43030.60833333333
1628427600000,29385.854166666668
1628431200000,29819.65
1628434800000,14137.925
1628438400000,15375.745833333332
1628442000000,8094.595833333334
1628445600000,538.4416666666667
1628449200000,0
1628452800000,0
1628456400000,0
1628460000000,0
1628463600000,0
1628467200000,0
1628470800000,0
1628474400000,0
1628478000000,0
1628481600000,331.9916666666667
1628485200000,3754.2791666666667
1628488800000,11906.841666666667
1628492400000,24726.55648535565
1628496000000,32738.854166666668
1628499600000,36554.895833333336
1628503200000,28081.0875
1628506800000,32257.65
1628510400000,23815.4375
1628514000000,30545.1625
1628517600000,23927.575
1628521200000,12320.3
1628524800000,10201.2125
1628528400000,8822.825
1628532000000,806.4208333333333
1628535600000,0
1628539200000,0
1628542800000,0
1628546400000,0
1628550000000,0
1628553600000,0
1628557200000,0
1628560800000,0
1628564400000,0
1628568000000,463.31666666666666
1628571600000,3702.1666666666665
1628575200000,10969.641666666666
1628578800000,25559.641666666666
1628582400000,30564.7625
1628586000000,34964.291666666664
1628589600000,28490.670833333334
1628593200000,27010.945833333335
1628596800000,26007.280334728035
1628600400000,33826.558333333334
1628604000000,24383.575
1628607600000,22402.5625
1628611200000,12955.05
1628614800000,4994.825
1628618400000,943.6333333333333
1628622000000,0
1628625600000,0
1628629200000,0
1628632800000,0
1628636400000,0
1628640000000,0
1628643600000,0
1628647200000,0
1628650800000,0
1628654400000,677.6125
1628658000000,4460.141666666666
1628661600000,9565.970833333333
1628665200000,23844.0375
1628668800000,32502.433333333334
1628672400000,37913.10833333333
1628676000000,34899.11666666667
1628679600000,42026.166666666664
1628683200000,39603.23333333333
1628686800000,34940.65833333333
1628690400000,23457.216666666667
1628694000000,13336.045833333334
1628697600000,11766.0625
1628701200000,6218.470833333334
1628704800000,1752.1125
1628708400000,0
1628712000000,0
1628715600000,0
1628719200000,0
1628722800000,0
1628726400000,0
1628730000000,0
1628733600000,0
1628737200000,0
1628740800000,958.9375
1628744400000,4231.745833333333
1628748000000,12124.358333333334
1628751600000,18479.316666666666
1628755200000,32480.779166666667
1628758800000,35670.73221757322
1628762400000,35630.6625
1628766000000,34420.441666666666
1628769600000,39739.7625
1628773200000,33542.32083333333
1628776800000,31918.125
1628780400000,22789.933333333334
1628784000000,14024.004166666668
1628787600000,5264.608333333334
1628791200000,593.0666666666667
1628794800000,0
1628798400000,0
1628802000000,0
1628805600000,0
1628809200000,0
1628812800000,0
1628816400000,0
1628820000000,0
1628823600000,0
1628827200000,13.4125
1628830800000,3944.5833333333335
1628834400000,10013.616666666667
1628838000000,21865.395833333332
1628841600000,31104.1125
1628845200000,34317.07916666667
1628848800000,39907.80416666667
1628852400000,39190.625
1628856000000,39016.3
1628859600000,26393.333333333332
1628863200000,32078.716666666667
1628866800000,22646.966666666667
1628870400000,14034.483333333334
1628874000000,5597.191666666667
1628877600000,660.5458333333333
1628881200000,0
1628884800000,0
1628888400000,0
1628892000000,0
1628895600000,0
1628899200000,0
1628902800000,0
1628906400000,0
1628910000000,0
1628913600000,427.2625
1628917200000,4049.295833333333
1628920800000,11399.525
1628924400000,22524.333333333332
1628928000000,31881.3
1628931600000,37518.9625
1628935200000,40704.92916666667
1628938800000,42412.4
1628942400000,40339.791666666664
1628946000000,36424.05
1628949600000,30559.270833333332
1628953200000,21868.579166666666
1628956800000,13342.375
1628960400000,5357.7125
1628964000000,638.8708333333333
1628967600000,0
1628971200000,0
1628974800000,0
1628978400000,0
1628982000000,0
1628985600000,0
1628989200000,0
1628992800000,0
1628996400000,0
1629000000000,378.18333333333334
1629003600000,4701.479166666667
1629007200000,11105.629166666668
1629010800000,21811.404166666667
1629014400000,31039.5125
1629018000000,34478.32916666667
1629021600000,36300.25833333333
1629025200000,40915.74166666667
1629028800000,38739.9875
1629032400000,32356.558333333334
1629036000000,26007.616666666665
1629039600000,19646.379166666666
1629043200000,5339.191666666667
1629046800000,237.52083333333334
1629050400000,646.2875
1629054000000,0
1629057600000,0
1629061200000,0
1629064800000,0
1629068400000,0
1629072000000,0
1629075600000,0
1629079200000,0
1629082800000,0
1629086400000,95.2
1629090000000,2225.0625
1629093600000,8333.908333333333
1629097200000,8529.825
1629100800000,15916.1875
1629104400000,26135.445833333335
1629108000000,31511.245833333334
1629111600000,26804.791666666668
1629115200000,32844.933333333334
1629118800000,20721.625
1629122400000,14696.208333333334
1629126000000,7520.395833333333
1629129600000,4786.1875
1629133200000,188.40416666666667
1629136800000,0
1629140400000,0
1629144000000,0
1629147600000,0
1629151200000,0
1629154800000,0
1629158400000,0
1629162000000,0
1629165600000,0
1629169200000,0
1629172800000,339.62916666666666
1629176400000,5312.479166666667
1629180000000,12767.6875
1629183600000,23990.308333333334
1629187200000,22378.208333333332
1629190800000,17564.9625
1629194400000,31918.908333333333
1629198000000,31572.033333333333
1629201600000,40285.90416666667
1629205200000,17897.4125
1629208800000,11443.7875
1629212400000,4616.616666666667
1629216000000,3303.975
1629219600000,591.0458333333333
1629223200000,5.795833333333333
1629226800000,0
1629230400000,0
1629234000000,0
1629237600000,0
1629241200000,0
1629244800000,0
1629248400000,0
1629252000000,0
1629255600000,0
1629259200000,8.495833333333334
1629262800000,1881.8416666666667
1629266400000,3747.725
1629270000000,6184.483333333334
1629273600000,8796.866666666667
1629277200000,18645.75
1629280800000,23185.704166666666
1629284400000,23416.966666666667
1629288000000,17013.120833333334
1629291600000,16762.491666666665
1629295200000,14785.091666666667
1629298800000,9474.55
1629302400000,6990.208333333333
1629306000000,2932.05
1629309600000,92.4625
1629313200000,0
1629316800000,0
1629320400000,0
1629324000000,0
1629327600000,0
1629331200000,0
1629334800000,0
1629338400000,0
1629342000000,0
1629345600000,90.1625
1629349200000,1998.6791666666666
1629352800000,4903.0625
1629356400000,9502.654166666667
1629360000000,15447.779166666667
1629363600000,17600.408333333333
1629367200000,17376.853556485356
1629370800000,23805.5625
1629374400000,20753.690376569037
1629378000000,9653.479166666666
1629381600000,11197.3625
1629385200000,10924.366666666667
1629388800000,6374.020833333333
1629392400000,1558.8333333333333
1629396000000,111.50416666666666
1629399600000,0
1629403200000,0
1629406800000,0
1629410400000,0
1629414000000,0
1629417600000,0
1629421200000,0
1629424800000,0
1629428400000,0
1629432000000,162.89166666666668
1629435600000,2429.1291666666666
1629439200000,7137.341666666666
1629442800000,13622.420833333334
1629446400000,31796.925
1629450000000,39145.325
1629453600000,39486.245833333334
1629457200000,30847.05
1629460800000,23983.55
1629464400000,37236.75
1629468000000,29835.975
1629471600000,20538.6125
1629475200000,11854.041666666666
1629478800000,4439.799163179916
1629482400000,380.327731092437
1629486000000,0
1629489600000,0
1629493200000,0
1629496800000,0
1629500400000,0
1629504000000,0
1629507600000,0
1629511200000,0
1629514800000,0
1629518400000,355.49583333333334
1629522000000,3777.2208333333333
1629525600000,8837.35
1629529200000,21151.245833333334
1629532800000,30041.733333333334
1629536400000,35503.24166666667
1629540000000,39134.09166666667
1629543600000,39719.24166666667
1629547200000,38398.254166666666
1629550800000,35013.291666666664
1629554400000,29156.166666666668
1629558000000,19040.770833333332
1629561600000,10953.7125
1629565200000,3686.4083333333333
1629568800000,236.02916666666667
1629572400000,0
1629576000000,0
1629579600000,0
1629583200000,0
1629586800000,0
1629590400000,0
1629594000000,0
1629597600000,0
1629601200000,0
1629604800000,117.20416666666667
1629608400000,2335.4416666666666
1629612000000,4899.029166666666
1629615600000,12273.733333333334
1629619200000,13576.504166666668
1629622800000,2885.9375
1629626400000,5280.079166666666
1629630000000,9634.891666666666
1629633600000,12750.595833333333
1629637200000,8142.316666666667
1629640800000,2853.55
1629644400000,3905.3708333333334
1629648000000,11973.45
1629651600000,4000.6875
1629655200000,122.84583333333333
1629658800000,0
1629662400000,0
1629666000000,0
1629669600000,0
1629673200000,0
1629676800000,0
1629680400000,0
1629684000000,0
1629687600000,0
1629691200000,0
1629694800000,1014.560669456067
1629698400000,3412.6208333333334
1629702000000,7179.966666666666
1629705600000,16253.677824267783
1629709200000,15376.575
1629712800000,18172.633333333335
1629716400000,18553.433333333334
1629720000000,35831.129166666666
1629723600000,37498.1375
1629727200000,29604.791666666668
1629730800000,19186.191666666666
1629734400000,10235.704166666666
1629738000000,1406.9166666666667
1629741600000,68.15
1629745200000,0
1629748800000,0
1629752400000,0
1629756000000,0
1629759600000,0
1629763200000,0
1629766800000,0
1629770400000,0
1629774000000,0
1629777600000,186.74166666666667
1629781200000,3755.9666666666667
1629784800000,8264.65
1629788400000,18548.908333333333
1629792000000,31237.033333333333
1629795600000,34599.2375
1629799200000,18794.208333333332
1629802800000,12591.829166666666
1629806400000,16632.883333333335
1629810000000,14205.1
1629813600000,8100.3375
1629817200000,4567.433333333333
1629820800000,11165.983333333334
1629824400000,3109.3708333333334
1629828000000,86.75833333333334
1629831600000,0
1629835200000,0
1629838800000,0
1629842400000,0
1629846000000,0
1629849600000,0
1629853200000,0
1629856800000,0
1629860400000,0
1629864000000,182.05
1629867600000,3170.6125
1629871200000,9712.083333333334
1629874800000,21131.958333333332
1629878400000,30360.7375
1629882000000,37178.34583333333
1629885600000,41432.33891213389
1629889200000,39567.95416666667
1629892800000,38123.57083333333
1629896400000,36745.51666666667
1629900000000,29552.545833333334
1629903600000,19573.508333333335
1629907200000,11183.079166666666
1629910800000,3691.3958333333335
1629914400000,179.77916666666667
1629918000000,0
1629921600000,0
1629925200000,0
1629928800000,0
1629932400000,0
1629936000000,0
1629939600000,0
1629943200000,0
1629946800000,0
1629950400000,39.35
1629954000000,815.7916666666666
1629957600000,1228.3166666666666
1629961200000,4356.383333333333
1629964800000,5124.75
1629968400000,11396.6125
1629972000000,30201.6
1629975600000,40651.40416666667
1629979200000,31994.891666666666
1629982800000,21621.066666666666
1629986400000,26890.354166666668
1629990000000,12966.799163179916
1629993600000,8069.729166666667
1629997200000,1876.9208333333333
1630000800000,8.1875
1630004400000,0
1630008000000,0
1630011600000,0
1630015200000,0
1630018800000,0
1630022400000,0
1630026000000,0
1630029600000,0
1630033200000,0
1630036800000,29.470833333333335
1630040400000,2803.2208333333333
1630044000000,9357.470833333333
1630047600000,15240.808333333332
1630051200000,26221.308333333334
1630054800000,11958.725
1630058400000,6034.545833333334
1630062000000,15660.9125
1630065600000,18016.845833333333
1630069200000,27776.558333333334
1630072800000,18766.8875
1630076400000,12123.004166666668
1630080000000,4706.725
1630083600000,1055.7666666666667
1630087200000,0
1630090800000,0
1630094400000,0
1630098000000,0
1630101600000,0
1630105200000,0
1630108800000,0
1630112400000,0
1630116000000,0
1630119600000,0
1630123200000,1.4625
1630126800000,1998.4
1630130400000,5557.7125
1630134000000,16722.883333333335
1630137600000,15687.725
1630141200000,14658.633333333333
1630144800000,16682.516666666666
1630148400000,20274.029166666667
1630152000000,5719.05
1630155600000,5243.558333333333
1630159200000,12166.458333333334
1630162800000,9752.725
1630166400000,5591.0625
1630170000000,1088.8375
1630173600000,59.291666666666664
1630177200000,0
1630180800000,0
1630184400000,0
1630188000000,0
1630191600000,0
1630195200000,0
1630198800000,0
1630202400000,0
1630206000000,0
1630209600000,0
1630213200000,491.05
1630216800000,4158.120833333333
1630220400000,5673.158333333334
1630224000000,8245.770833333334
1630227600000,12958.316666666668
1630231200000,7276.304166666667
1630234800000,4797.708333333333
1630238400000,5139.654166666666
1630242000000,5989.829166666666
1630245600000,4342.807531380753
1630249200000,4284.6875
1630252800000,1324.6208333333334
1630256400000,919.55
1630260000000,0
1630263600000,0
1630267200000,0
1630270800000,0
1630274400000,0
1630278000000,0
1630281600000,0
1630285200000,0
1630288800000,0
1630292400000,0
1630296000000,0
1630299600000,1935.9583333333333
1630303200000,2180.016666666667
1630306800000,6184.625
1630310400000,9005.754166666668
1630314000000,15338.916666666666
1630317600000,10781.075
1630321200000,21328.925
1630324800000,8205.895833333334
1630328400000,20303.045833333334
1630332000000,8037.525
1630335600000,8227.783333333333
1630339200000,5521.266666666666
1630342800000,1704.8333333333333
1630346400000,1.3541666666666667
1630350000000,0
1630353600000,0
1630357200000,0
1630360800000,0
1630364400000,0
1630368000000,0
1630371600000,0
1630375200000,0
1630378800000,0
1630382400000,0.3333333333333333
1630386000000,2260.366666666667
1630389600000,6676.804166666667
1630393200000,9865.4375
1630396800000,12543.241666666667
1630400400000,16539.933054393307
1630404000000,23493.820833333335
1630407600000,31268.49790794979
1630411200000,18778.770833333332
1630414800000,17440.5875
1630418400000,9081.916666666666
1630422000000,12437.15
1630425600000,9836.8125
1630429200000,2456.579166666667
1630432800000,24.345833333333335
1630436400000,0
1630440000000,0
1630443600000,0
1630447200000,0
1630450800000,0
1630454400000,0
1630458000000,0
1630461600000,0
1630465200000,0
1630468800000,5.475
1630472400000,2680.9625
1630476000000,8372.8625
1630479600000,18915.183333333334
1630483200000,28971.945833333335
1630486800000,36173.99166666667
1630490400000,36594.6875
1630494000000,26094.233333333334
1630497600000,27300.579166666666
1630501200000,21160.7
1630504800000,23830.320833333335
1630508400000,16899.208333333332
1630512000000,8950.3125
1630515600000,2430.1125
1630519200000,7.858333333333333
1630522800000,0
1630526400000,0
1630530000000,0
1630533600000,0
1630537200000,0
1630540800000,0
1630544400000,0
1630548000000,0
1630551600000,0
1630555200000,0
1630558800000,2304.2375
1630562400000,8118.266666666666
1630566000000,18961.925
1630569600000,29693.358333333334
1630573200000,36559.2125
1630576800000,39758.879166666666
1630580400000,40713.604166666664
1630584000000,38942.52916666667
1630587600000,34731.39166666667
1630591200000,27454.179166666665
1630594800000,17768.9875
1630598400000,9011.379166666668
1630602000000,2164.6208333333334
1630605600000,4.233333333333333
1630609200000,0
1630612800000,0
1630616400000,0
1630620000000,0
1630623600000,0
1630627200000,0
1630630800000,0
1630634400000,0
1630638000000,0
1630641600000,0
1630645200000,2093.878661087866
1630648800000,7888.120833333333
1630652400000,18801.091666666667
1630656000000,29486.779166666667
1630659600000,36417.004166666666
1630663200000,39574.708333333336
1630666800000,40445.316666666666
1630670400000,38478.45
1630674000000,34269.208333333336
1630677600000,27145.191666666666
1630681200000,17330.6375
1630684800000,8765.276150627615
1630688400000,1967.125
1630692000000,0.1875
1630695600000,0
1630699200000,0
1630702800000,0
1630706400000,0
1630710000000,0
1630713600000,0
1630717200000,0
1630720800000,0
1630724400000,0
1630728000000,0
1630731600000,2017.3541666666667
1630735200000,7602.258333333333
1630738800000,18076.608333333334
1630742400000,28467.6
1630746000000,35366.575
1630749600000,38485.941666666666
1630753200000,39265.15
1630756800000,37497.84166666667
1630760400000,33092.683333333334
1630764000000,26096.383333333335
1630767600000,16656.554166666665
1630771200000,8236.225
1630774800000,1784.5375
1630778400000,0
1630782000000,0
1630785600000,0
1630789200000,0
1630792800000,0
1630796400000,0
1630800000000,0
1630803600000,0
1630807200000,0
1630810800000,0
1630814400000,0
1630818000000,2007.0541666666666
1630821600000,7711
1630825200000,17159.366666666665
1630828800000,26545.05
1630832400000,34486.24166666667
1630836000000,37590.14166666667
1630839600000,38297.80416666667
1630843200000,36511.94583333333
1630846800000,32245.866666666665
1630850400000,25184.758333333335
1630854000000,16095.016666666666
1630857600000,7618.6625
1630861200000,717.3291666666667
1630864800000,0
1630868400000,0
1630872000000,0
1630875600000,0
1630879200000,0
1630882800000,0
1630886400000,0
1630890000000,0
1630893600000,0
1630897200000,0
1630900800000,0
1630904400000,1851.4
1630908000000,7145.204166666666
1630911600000,17472.225
1630915200000,27790.695833333335
1630918800000,34477.604166666664
1630922400000,37597.683333333334
1630926000000,38743.09166666667
1630929600000,36829.23333333333
1630933200000,32457.220833333333
1630936800000,25243.5625
1630940400000,16520.466666666667
1630944000000,7971.008333333333
1630947600000,2276.5125
1630951200000,0
1630954800000,0
1630958400000,0
1630962000000,0
1630965600000,0
1630969200000,0
1630972800000,0
1630976400000,0
1630980000000,0
1630983600000,0
1630987200000,0
1630990800000,2098.0958333333333
1630994400000,6377.333333333333
1630998000000,14716.025
1631001600000,23458.345833333333
1631005200000,30728.575
1631008800000,34301.416666666664
1631012400000,35193.8875
1631016000000,31438.7375
1631019600000,27761.45
1631023200000,22486.145833333332
1631026800000,13214.754166666668
1631030400000,6094.458333333333
1631034000000,1435.8958333333333
1631037600000,0
1631041200000,0
1631044800000,0
1631048400000,0
1631052000000,0
1631055600000,0
1631059200000,0
1631062800000,0
1631066400000,0
1631070000000,0
1631073600000,0
1631077200000,1625.225
1631080800000,6737.708333333333
1631084400000,16147.395833333334
1631088000000,26307.970833333333
1631091600000,33986.125
1631095200000,37644.80416666667
1631098800000,38595.46666666667
1631102400000,36637.0375
1631106000000,32048.677824267783
1631109600000,24622.6375
1631113200000,15271.275
1631116800000,7014.833333333333
1631120400000,1132.6791666666666
1631124000000,0
1631127600000,0
1631131200000,0
1631134800000,0
1631138400000,0
1631142000000,0
1631145600000,0
1631149200000,0
1631152800000,0
1631156400000,0
1631160000000,0
1631163600000,1686.9246861924687
1631167200000,6265.375
1631170800000,16112.466666666667
1631174400000,26240.108333333334
1631178000000,27672.2125
1631181600000,33369.34166666667
1631185200000,39089.50833333333
1631188800000,33820.17083333333
1631192400000,30500.5625
1631196000000,10498.741666666667
1631199600000,11019.304166666667
1631203200000,4647.854166666667
1631206800000,666.2375
1631210400000,0
1631214000000,0
1631217600000,0
1631221200000,0
1631224800000,0
1631228400000,0
1631232000000,0
1631235600000,0
1631239200000,0
1631242800000,0
1631246400000,0
1631250000000,2581.491666666667
1631253600000,7300.629166666667
1631257200000,12381.529166666667
1631260800000,18983.029166666667
1631264400000,26021.941666666666
1631268000000,23834.13389121339
1631271600000,21776.645833333332
1631275200000,17252.8125
1631278800000,20452.554166666665
1631282400000,16745.720833333333
1631286000000,5948.430962343096
1631289600000,3063.8166666666666
1631293200000,174.21666666666667
1631296800000,0
1631300400000,0
1631304000000,0
1631307600000,0
1631311200000,0
1631314800000,0
1631318400000,0
1631322000000,0
1631325600000,0
1631329200000,0
1631332800000,0
1631336400000,721.1583333333333
1631340000000,2635.758333333333
1631343600000,4632.954166666666
1631347200000,7414.375
1631350800000,11342.554166666667
1631354400000,29125.166666666668
1631358000000,20007.104166666668
1631361600000,20197.3625
1631365200000,18805.241666666665
1631368800000,12250.275
1631372400000,7758.720833333334
1631376000000,4441.175
1631379600000,806.3583333333333
1631383200000,0
1631386800000,0
1631390400000,0
1631394000000,0
1631397600000,0
1631401200000,0
1631404800000,0
1631408400000,0
1631412000000,0
1631415600000,0
1631419200000,0
1631422800000,1231.9458333333334
1631426400000,6112.370833333333
1631430000000,15805.55
1631433600000,26222.15
1631437200000,33356.916666666664
1631440800000,31650.745833333334
1631444400000,36813.45
1631448000000,28891.5875
1631451600000,32086.079166666666
1631455200000,23455.7375
1631458800000,14384.225
1631462400000,5898.9875
1631466000000,585.3458333333333
1631469600000,0
1631473200000,0
1631476800000,0
1631480400000,0
1631484000000,0
1631487600000,0
1631491200000,0
1631494800000,0
1631498400000,0
1631502000000,0
1631505600000,0
1631509200000,1349.5666666666666
1631512800000,6224.44769874477
1631516400000,14854.208333333334
1631520000000,25702.858333333334
1631523600000,32933.225
1631527200000,36183.39166666667
1631530800000,35776.9125
1631534400000,32085.7625
1631538000000,27195.416666666668
1631541600000,19903.75
1631545200000,10192.475
1631548800000,5267.2125
1631552400000,923.8166666666667
1631556000000,0
1631559600000,0
1631563200000,0
1631566800000,0
1631570400000,0
1631574000000,0
1631577600000,0
1631581200000,0
1631584800000,0
1631588400000,0
1631592000000,0
1631595600000,1467.1708333333333
1631599200000,6607.0125
1631602800000,14739.929166666667
1631606400000,25209.508333333335
1631610000000,30246.858333333334
1631613600000,30591.723849372385
1631617200000,23650.146443514644
1631620800000,21147
1631624400000,20372.879166666666
1631628000000,13779.65
1631631600000,7011.2875
1631635200000,2823.0625
1631638800000,99.72083333333333
1631642400000,0
1631646000000,0
1631649600000,0
1631653200000,0
1631656800000,0
1631660400000,0
1631664000000,0
1631667600000,0
1631671200000,0
1631674800000,0
1631678400000,0
1631682000000,0
1631685600000,1524.8
1631689200000,4248.2875
1631692800000,3565.4142259414225
1631696400000,11271.275
1631700000000,15267.1125
1631703600000,15356.241666666667
1631707200000,10347.575
1631710800000,9718.608333333334
1631714400000,10268.783333333333
1631718000000,6587.8
1631721600000,2587.804166666667
1631725200000,340.14166666666665
1631728800000,0
1631732400000,0
1631736000000,0
1631739600000,0
1631743200000,0
1631746800000,0
1631750400000,0
1631754000000,0
1631757600000,0
1631761200000,0
1631764800000,0
1631768400000,0
1631772000000,1247.6375
1631775600000,717.9246861924686
1631779200000,5046.908333333334
1631782800000,10310.766666666666
1631786400000,12924.4125
1631790000000,21388.45
1631793600000,21705.765690376567
1631797200000,18641.15
1631800800000,10271.25
1631804400000,12397.741666666667
1631808000000,3780.2291666666665
1631811600000,326.40416666666664
1631815200000,0
1631818800000,0
1631822400000,0
1631826000000,0
1631829600000,0
1631833200000,0
1631836800000,0
1631840400000,0
1631844000000,0
1631847600000,0
1631851200000,0
1631854800000,840.6083333333333
1631858400000,4342.690376569038
1631862000000,8676.975
1631865600000,13918.825
1631869200000,20420.20920502092
1631872800000,26756.679166666665
1631876400000,33721.566666666666
1631880000000,28769.479166666668
1631883600000,15354.7
1631887200000,20377.6625
1631890800000,16005.920833333334
1631894400000,5146.054166666667
1631898000000,542.5291666666667
1631901600000,0
1631905200000,0
1631908800000,0
1631912400000,0
1631916000000,0
1631919600000,0
1631923200000,0
1631926800000,0
1631930400000,0
1631934000000,0
1631937600000,0
1631941200000,939.2541666666667
1631944800000,5292.054166666667
1631948400000,14367.9875
1631952000000,24505.145833333332
1631955600000,32089.616666666665
1631959200000,35273.99166666667
1631962800000,36020.583333333336
1631966400000,32942.64166666667
1631970000000,28867.895833333332
1631973600000,18307.8625
1631977200000,12724.816666666668
1631980800000,4485.3125
1631984400000,249.01666666666668
1631988000000,0
1631991600000,0
1631995200000,0
1631998800000,0
1632002400000,0
1632006000000,0
1632009600000,0
1632013200000,0
1632016800000,0
1632020400000,0
1632024000000,0
1632027600000,1191.1333333333334
1632031200000,5417.925
1632034800000,14399.679166666667
1632038400000,24061.583333333332
1632042000000,31354.108333333334
1632045600000,34315.870833333334
1632049200000,34207.65833333333
1632052800000,9759.370833333332
1632056400000,23062.845833333333
1632060000000,17300.4125
1632063600000,5651.4375
1632067200000,1421.9416666666666
1632070800000,0
1632074400000,0
1632078000000,0
1632081600000,0
1632085200000,0
1632088800000,0
1632092400000,0
1632096000000,0
1632099600000,0
1632103200000,0
1632106800000,0
1632110400000,0
1632114000000,130.68333333333334
1632117600000,3119.295833333333
1632121200000,7859.929166666667
1632124800000,13870.58158995816
1632128400000,15716.179166666667
1632132000000,12238.0875
1632135600000,19787.89121338912
1632139200000,21279.091666666667
1632142800000,16332.275
1632146400000,15392.566666666668
1632150000000,10329.416666666666
1632153600000,2524.4875
1632157200000,42.80833333333333
1632160800000,0
1632164400000,0
1632168000000,0
1632171600000,0
1632175200000,0
1632178800000,0
1632182400000,0
1632186000000,0
1632189600000,0
1632193200000,0
1632196800000,0
1632200400000,576.7125
1632204000000,4027.7166666666667
1632207600000,8477.1625
1632211200000,15352.408333333333
1632214800000,29615.020833333332
1632218400000,25632.204166666666
1632222000000,34176.183333333334
1632225600000,30273.1875
1632229200000,28128.629166666666
1632232800000,19477.1375
1632236400000,10864.920833333334
1632240000000,3804.1506276150626
1632243600000,163.98333333333332
1632247200000,0
1632250800000,0
1632254400000,0
1632258000000,0
1632261600000,0
1632265200000,0
1632268800000,0
1632272400000,0
1632276000000,0
1632279600000,0
1632283200000,0
1632286800000,967.1833333333333
1632290400000,5893.1125
1632294000000,11760.370833333332
1632297600000,23267.0375
1632301200000,31399.529166666667
1632304800000,32764.68619246862
1632308400000,33428.020833333336
1632312000000,27844.429166666665
1632315600000,23557.620833333334
1632319200000,19022.5125
1632322800000,7351.375
1632326400000,2082.0208333333335
1632330000000,63.045833333333334
1632333600000,0
1632337200000,0
1632340800000,0
1632344400000,0
1632348000000,0
1632351600000,0
1632355200000,0
1632358800000,0
1632362400000,0
1632366000000,0
1632369600000,0
1632373200000,595.0958333333333
1632376800000,4277.845833333334
1632380400000,13222.8125
1632384000000,23628.508333333335
1632387600000,32003.066666666666
1632391200000,35534.5375
1632394800000,36261.3625
1632398400000,33387.058333333334
1632402000000,28113.0125
1632405600000,19815.066666666666
1632409200000,11086.379166666668
1632412800000,3807.8625
1632416400000,182.05833333333334
1632420000000,0
1632423600000,0
1632427200000,0
1632430800000,0
1632434400000,0
1632438000000,0
1632441600000,0
1632445200000,0
1632448800000,0
1632452400000,0
1632456000000,0
1632459600000,537.8625
1632463200000,4046.4476987447697
1632466800000,12428.379166666668
1632470400000,22568.420833333334
1632474000000,30483.2875
1632477600000,33812.05
1632481200000,34380.73333333333
1632484800000,31915.85
1632488400000,26947.083333333332
1632492000000,18290.758333333335
1632495600000,10194.525
1632499200000,3146.483333333333
1632502800000,69.14583333333333
1632506400000,0
1632510000000,0
1632513600000,0
1632517200000,0
1632520800000,0
1632524400000,0
1632528000000,0
1632531600000,0
1632535200000,0
1632538800000,0
1632542400000,0
1632546000000,517.8583333333333
1632549600000,4047.5666666666666
1632553200000,12573.420833333334
1632556800000,22662.225
1632560400000,30507.6
1632564000000,33383.9375
1632567600000,33492.458333333336
1632571200000,30636.116666666665
1632574800000,23832.545833333334
1632578400000,15823.25
1632582000000,8199.004166666668
1632585600000,2250.766666666667
1632589200000,111.14166666666667
1632592800000,0
1632596400000,0
1632600000000,0
1632603600000,0
1632607200000,0
1632610800000,0
1632614400000,0
1632618000000,0
1632621600000,0
1632625200000,0
1632628800000,0
1632632400000,589.3708333333333
1632636000000,4889.829166666666
1632639600000,6796.679166666667
1632643200000,6704.433333333333
1632646800000,7471.375
1632650400000,19819.266666666666
1632654000000,29437.054166666665
1632657600000,7998.276150627615
1632661200000,5501.15
1632664800000,8146.254166666667
1632668400000,4481.608333333334
1632672000000,1042.7541666666666
1632675600000,14.379166666666666
1632679200000,0
1632682800000,0
1632686400000,0
1632690000000,0
1632693600000,0
1632697200000,0
1632700800000,0
1632704400000,0
1632708000000,0
1632711600000,0
1632715200000,0
1632718800000,616.6416666666667
1632722400000,4386.945833333333
1632726000000,11940
1632729600000,21239.987447698746
1632733200000,26423.154166666667
1632736800000,34060.36666666667
1632740400000,23531.529166666667
1632744000000,28367.395833333332
1632747600000,16719.55
1632751200000,5509.95
1632754800000,4208.4
1632758400000,3229.1583333333333
1632762000000,39.74583333333333
1632765600000,0
1632769200000,0
1632772800000,0
1632776400000,0
1632780000000,0
1632783600000,0
1632787200000,0
1632790800000,0
1632794400000,0
1632798000000,0
1632801600000,0
1632805200000,674.6458333333334
1632808800000,4530.829166666666
1632812400000,10493.5875
1632816000000,17080.0756302521
1632819600000,16644.25
1632823200000,30453.07531380753
1632826800000,34024.13807531381
1632830400000,21174.995833333334
1632834000000,21315.841666666667
1632837600000,16298.966666666667
1632841200000,7986.129166666667
1632844800000,3660.375
1632848400000,8.7625
1632852000000,0
1632855600000,0
1632859200000,0
1632862800000,0
1632866400000,0
1632870000000,0
1632873600000,0
1632877200000,0
1632880800000,0
1632884400000,0
1632888000000,0
1632891600000,306.24583333333334
1632895200000,2914.95
1632898800000,11259.316666666668
1632902400000,16031.879166666668
1632906000000,12331.45
1632909600000,24682.729166666668
1632913200000,10144.054166666667
1632916800000,15189.895833333334
1632920400000,5952.579166666666
1632924000000,7428.991666666667
1632927600000,5845.9
1632931200000,2911.6458333333335
1632934800000,0.7916666666666666
1632938400000,0
1632942000000,0
1632945600000,0
1632949200000,0
1632952800000,0
1632956400000,0
1632960000000,0
1632963600000,0
1632967200000,0
1632970800000,0
1632974400000,0
1632978000000,276.23333333333335
1632981600000,3418.4375
1632985200000,12009.8875
1632988800000,16140.8
1632992400000,32348.508333333335
1632996000000,30315.279166666667
1632999600000,28859.5625
1633003200000,17701.3625
1633006800000,25040.2625
1633010400000,17146.7875
1633014000000,9598.669456066946
1633017600000,2577.6833333333334
1633021200000,3.1625
1633024800000,0
1633028400000,0
1633032000000,0
1633035600000,0
1633039200000,0
1633042800000,
1633046400000,0
1633050000000,0
1633053600000,0
1633057200000,0
1633060800000,0
1633064400000,302.9625
1633068000000,3582.3625
1633071600000,11731.7875
1633075200000,21171.316666666666
1633078800000,28563.7949790795
1633082400000,31146.570833333335
1633086000000,32284.816666666666
1633089600000,29405.9
1633093200000,24622.3375
1633096800000,16342.9125
1633100400000,7111.283333333334
1633104000000,1242.6708333333333
1633107600000,0
1633111200000,0
1633114800000,0
1633118400000,0
1633122000000,0
1633125600000,0
1633129200000,0
1633132800000,0
1633136400000,0
1633140000000,0
1633143600000,0
1633147200000,0
1633150800000,435.9791666666667
1633154400000,3595.3708333333334
1633158000000,10399.358333333334
1633161600000,19840.9625
1633165200000,28291.416666666668
1633168800000,29090.15
1633172400000,32920.13333333333
1633176000000,23521.483333333334
1633179600000,20836.6875
1633183200000,14765.575
1633186800000,6861.9375
1633190400000,1693.9916666666666
1633194000000,0
1633197600000,0
1633201200000,0
1633204800000,0
1633208400000,0
1633212000000,0
1633215600000,0
1633219200000,0
1633222800000,0
1633226400000,0
1633230000000,0
1633233600000,0
1633237200000,142.08333333333334
1633240800000,1861.0041666666666
1633244400000,2250.0833333333335
1633248000000,2551.7125
1633251600000,5942.870833333333
1633255200000,7304.9625
1633258800000,10993.791666666666
1633262400000,9338.504166666668
1633266000000,5031.904166666666
1633269600000,5136.604166666667
1633273200000,3335.5416666666665
1633276800000,681.6958333333333
1633280400000,0
1633284000000,0
1633287600000,0
1633291200000,0
1633294800000,0
1633298400000,0
1633302000000,0
1633305600000,0
1633309200000,0
1633312800000,0
1633316400000,0
1633320000000,0
1633323600000,0
1633327200000,229.72916666666666
1633330800000,1536.9125
1633334400000,4306.575
1633338000000,6292.358333333334
1633341600000,13131.895833333334
1633345200000,10660.645833333334
1633348800000,9996.691666666668
1633352400000,12249.933333333332
1633356000000,7738.608333333334
1633359600000,5232.2
1633363200000,765.7541666666667
1633366800000,0
1633370400000,0
1633374000000,0
1633377600000,0
1633381200000,0
1633384800000,0
1633388400000,0
1633392000000,0
1633395600000,0
1633399200000,0
1633402800000,0
1633406400000,0
1633410000000,24.833333333333332
1633413600000,1902.9375
1633417200000,3047.2166666666667
1633420800000,6475.3125
1633424400000,16000.670833333334
1633428000000,18938.858333333334
1633431600000,17164.370833333334
1633435200000,20492.104166666668
1633438800000,20466.620833333334
1633442400000,9071.133333333333
1633446000000,4644.979166666667
1633449600000,503.51666666666665
1633453200000,0
1633456800000,0
1633460400000,0
1633464000000,0
1633467600000,0
1633471200000,0
1633474800000,0
1633478400000,0
1633482000000,0
1633485600000,0
1633489200000,0
1633492800000,0
1633496400000,31.7
1633500000000,2256.753138075314
1633503600000,8308.783333333333
1633507200000,12064.904166666667
1633510800000,20725.158333333333
1633514400000,24246.3375
1633518000000,18821.7875
1633521600000,10953.183333333332
1633525200000,8928.241666666667
1633528800000,4919.666666666667
1633532400000,2501.545833333333
1633536000000,314.075
1633539600000,0
1633543200000,0
1633546800000,0
1633550400000,0
1633554000000,0
1633557600000,0
1633561200000,0
1633564800000,0
1633568400000,0
1633572000000,0
1633575600000,0
1633579200000,0
1633582800000,164.35
1633586400000,2308.1833333333334
1633590000000,3435.7196652719667
1633593600000,7029.245833333333
1633597200000,12786.179916317991
1633600800000,12125.0625
1633604400000,23879.570833333335
1633608000000,23363.020833333332
1633611600000,12136.829166666666
1633615200000,11122.529166666667
1633618800000,6340.033333333334
1633622400000,1117.5271966527196
1633626000000,0
1633629600000,0
1633633200000,0
1633636800000,0
1633640400000,0
1633644000000,0
1633647600000,0
1633651200000,0
1633654800000,0
1633658400000,0
1633662000000,0
1633665600000,0
1633669200000,68.0375
1633672800000,2979.5146443514645
1633676400000,9046.504166666668
1633680000000,18640.8625
1633683600000,25814.5
1633687200000,14074.091666666667
1633690800000,12630.633333333333
1633694400000,16355.5375
1633698000000,19145.0375
1633701600000,12908.1
1633705200000,4735.008333333333
1633708800000,1201.3458333333333
1633712400000,0
1633716000000,0
1633719600000,0
1633723200000,0
1633726800000,0
1633730400000,0
1633734000000,0
1633737600000,0
1633741200000,0
1633744800000,0
1633748400000,0
1633752000000,0
1633755600000,67.5625
1633759200000,2565.554166666667
1633762800000,9006.545833333334
1633766400000,18231.879166666666
1633770000000,26518.391666666666
1633773600000,30345.970833333333
1633777200000,30608.608333333334
1633780800000,27927.945833333335
1633784400000,22225.141666666666
1633788000000,13600.191666666668
1633791600000,6096.0875
1633795200000,964.5916666666667
1633798800000,0
1633802400000,0
1633806000000,0
1633809600000,0
1633813200000,0
1633816800000,0
1633820400000,0
1633824000000,0
1633827600000,0
1633831200000,0
1633834800000,0
1633838400000,0
1633842000000,38.2375
1633845600000,2421.804166666667
1633849200000,8831.554166666667
1633852800000,18072.320833333335
1633856400000,25979.304166666665
1633860000000,29832.575
1633863600000,30200.245833333334
1633867200000,27709.778242677825
1633870800000,21871.354166666668
1633874400000,13417.066666666668
1633878000000,5027.5875
1633881600000,1054.1458333333333
1633885200000,0
1633888800000,0
1633892400000,0
1633896000000,0
1633899600000,0
1633903200000,0
1633906800000,0
1633910400000,0
1633914000000,0
1633917600000,0
1633921200000,0
1633924800000,0
1633928400000,111.4625
1633932000000,3815.8708333333334
1633935600000,9271.615062761506
1633939200000,14537.874476987448
1633942800000,15870.220833333333
1633946400000,24853.891666666666
1633950000000,15007.966666666667
1633953600000,8200.25
1633957200000,7510.641666666666
1633960800000,6381.545833333334
1633964400000,1214.5666666666666
1633968000000,89.60833333333333
1633971600000,0
1633975200000,0
1633978800000,0
1633982400000,0
1633986000000,0
1633989600000,0
1633993200000,0
1633996800000,0
1634000400000,0
1634004000000,0
1634007600000,0
1634011200000,0
1634014800000,0
1634018400000,719.9291666666667
1634022000000,5232.808333333333
1634025600000,8358.745833333332
1634029200000,11825.108333333334
1634032800000,14682.543933054394
1634036400000,19978.716666666667
1634040000000,10695.2875
1634043600000,3813.6041666666665
1634047200000,1934.8125
1634050800000,1017.1583333333333
1634054400000,128.31666666666666
1634058000000,0
1634061600000,0
1634065200000,0
1634068800000,0
1634072400000,0
1634076000000,0
1634079600000,0
1634083200000,0
1634086800000,0
1634090400000,0
1634094000000,0
1634097600000,0
1634101200000,0
1634104800000,2565.6541666666667
1634108400000,7796.058333333333
1634112000000,9760.216666666667
1634115600000,15554.375
1634119200000,18489.933333333334
1634122800000,11838.891666666666
1634126400000,14598.558333333332
1634130000000,17261.095833333333
1634133600000,10790.246861924687
1634137200000,3932.4125
1634140800000,434.40416666666664
1634144400000,0
1634148000000,0
1634151600000,0
1634155200000,0
1634158800000,0
1634162400000,0
1634166000000,0
1634169600000,0
1634173200000,0
1634176800000,0
1634180400000,0
1634184000000,0
1634187600000,0
1634191200000,2039.7791666666667
1634194800000,8825.225
1634198400000,13141.633333333333
1634202000000,17650.708333333332
1634205600000,19353.154166666667
1634209200000,17962.4625
1634212800000,24524.729166666668
1634216400000,17704.616666666665
1634220000000,11640.8375
1634223600000,4963.3375
1634227200000,615.2666666666667
1634230800000,0
1634234400000,0
1634238000000,0
1634241600000,0
1634245200000,0
1634248800000,0
1634252400000,0
1634256000000,0
1634259600000,0
1634263200000,0
1634266800000,0
1634270400000,0
1634274000000,0
1634277600000,2453.9583333333335
1634281200000,7096.770833333333
1634284800000,15902.358333333334
1634288400000,24717.6125
1634292000000,25640.366666666665
1634295600000,15530.058333333332
1634299200000,18035.308333333334
1634302800000,16136.47899159664
1634306400000,8825.991666666667
1634310000000,4487.870833333333
1634313600000,353.425
1634317200000,0
1634320800000,0
1634324400000,0
1634328000000,0
1634331600000,0
1634335200000,0
1634338800000,0
1634342400000,0
1634346000000,0
1634349600000,0
1634353200000,0
1634356800000,0
1634360400000,0
1634364000000,303.075
1634367600000,2486.5875
1634371200000,8303.954166666666
1634374800000,8987.675
1634378400000,7672.75
1634382000000,8876.0625
1634385600000,13264.925
1634389200000,11646.733333333334
1634392800000,7019.579166666666
1634396400000,4363.904166666666
1634400000000,441.43333333333334
1634403600000,0
1634407200000,0
1634410800000,0
1634414400000,0
1634418000000,0
1634421600000,0
1634425200000,0
1634428800000,0
1634432400000,0
1634436000000,0
1634439600000,0
1634443200000,0
1634446800000,0
1634450400000,487.12916666666666
1634454000000,2798.9875
1634457600000,4790.070833333333
1634461200000,4294.166666666667
1634464800000,5245.9875
1634468400000,4316.408333333334
1634472000000,4304.583333333333
1634475600000,2031.6916666666666
1634479200000,5928.983333333334
1634482800000,4300.654166666666
1634486400000,385.725
1634490000000,0
1634493600000,0
1634497200000,0
1634500800000,0
1634504400000,0
1634508000000,0
1634511600000,0
1634515200000,0
1634518800000,0
1634522400000,0
1634526000000,0
1634529600000,0
1634533200000,0
1634536800000,1549.0166666666667
1634540400000,4511.829166666666
1634544000000,8758.095833333333
1634547600000,12023.737704918032
1634551200000,
1634554800000,26189.815217391304
1634558400000,23679.425
1634562000000,17850.658333333333
1634565600000,9111.6125
1634569200000,3331.2
1634572800000,145.57916666666668
1634576400000,0
1634580000000,0
1634583600000,0
1634587200000,0
1634590800000,0
1634594400000,0
1634598000000,0
1634601600000,0
1634605200000,0
1634608800000,0
1634612400000,0
1634616000000,0
1634619600000,0
1634623200000,331.99583333333334
1634626800000,2486.6208333333334
1634630400000,5376.970833333334
1634634000000,8277.058333333332
1634637600000,8230.887029288702
1634641200000,14333.604166666666
1634644800000,12782.6
1634648400000,10146.320833333333
1634652000000,10239.504166666668
1634655600000,3598.9
1634659200000,141.6125
1634662800000,0
1634666400000,0
1634670000000,0
1634673600000,0
1634677200000,0
1634680800000,0
1634684400000,0
1634688000000,0
1634691600000,0
1634695200000,0
1634698800000,0
1634702400000,0
1634706000000,0
1634709600000,1191.15
1634713200000,7889.016666666666
1634716800000,11715.275
1634720400000,12334.433333333332
1634724000000,21801.308333333334
1634727600000,14354.204166666666
1634731200000,4711.629166666667
1634734800000,4096.9125
1634738400000,2057.3125
1634742000000,576.3583333333333
1634745600000,0
1634749200000,0
1634752800000,0
1634756400000,0
1634760000000,0
1634763600000,0
1634767200000,0
1634770800000,0
1634774400000,0
1634778000000,0
1634781600000,0
1634785200000,0
1634788800000,0
1634792400000,0
1634796000000,846.6875
1634799600000,5435.216666666666
1634803200000,7633.379166666667
1634806800000,15270.758333333333
1634810400000,12548.095833333333
1634814000000,11652.441666666668
1634817600000,21692.629166666666
1634821200000,9683.125
1634824800000,8498.733333333334
1634828400000,3489.554166666667
1634832000000,338.60833333333335
1634835600000,0
1634839200000,0
1634842800000,0
1634846400000,0
1634850000000,0
1634853600000,0
1634857200000,0
1634860800000,0
1634864400000,0
1634868000000,0
1634871600000,0
1634875200000,0
1634878800000,0
1634882400000,797.4166666666666
1634886000000,3945.4041666666667
1634889600000,14534.170833333334
1634893200000,17457.330543933054
1634896800000,26451.129166666666
1634900400000,26233.666666666668
1634904000000,14791.491666666667
1634907600000,10257.633333333333
1634911200000,6794.641666666666
1634914800000,1643.8916666666667
1634918400000,2.5375
1634922000000,0
1634925600000,0
1634929200000,0
1634932800000,0
1634936400000,0
1634940000000,0
1634943600000,0
1634947200000,0
1634950800000,0
1634954400000,0
1634958000000,0
1634961600000,0
1634965200000,0
1634968800000,874.9041666666667
1634972400000,5868.458333333333
1634976000000,14262.766666666666
1634979600000,21421.991666666665
1634983200000,26200.475
1634986800000,21904.058333333334
1634990400000,19193.095833333333
1634994000000,9050.029166666667
1634997600000,7109.4
1635001200000,3061.3166666666666
1635004800000,102.45
1635008400000,0
1635012000000,0
1635015600000,0
1635019200000,0
1635022800000,0
1635026400000,0
1635030000000,0
1635033600000,0
1635037200000,0
1635040800000,0
1635044400000,0
1635048000000,0
1635051600000,0
1635055200000,958.2916666666666
1635058800000,5732.8125
1635062400000,14368.945833333333
1635066000000,21748.104166666668
1635069600000,26100.725
1635073200000,26137.566666666666
1635076800000,22570.545833333334
1635080400000,16702.1375
1635084000000,8657.520833333334
1635087600000,2917.4083333333333
1635091200000,73.45416666666667
1635094800000,0
1635098400000,0
1635102000000,0
1635105600000,0
1635109200000,0
1635112800000,0
1635116400000,0
1635120000000,0
1635123600000,0
1635127200000,0
1635130800000,0
1635134400000,0
1635138000000,0
1635141600000,1097.1
1635145200000,5359.1125
1635148800000,13434.92050209205
1635152400000,21458.704166666666
1635156000000,23815.933333333334
1635159600000,19955.306722689074
1635163200000,21026.55
1635166800000,15718.191666666668
1635170400000,7456.820833333333
1635174000000,2961.825
1635177600000,175.85416666666666
1635181200000,0
1635184800000,0
1635188400000,0
1635192000000,0
1635195600000,0
1635199200000,0
1635202800000,0
1635206400000,0
1635210000000,0
1635213600000,0
1635217200000,0
1635220800000,0
1635224400000,0
1635228000000,1142.1708333333333
1635231600000,4370.158333333334
1635235200000,6584.384937238494
1635238800000,10027.65
1635242400000,12210.58158995816
1635246000000,15213.758333333333
1635249600000,16025.702928870292
1635253200000,9539.554166666667
1635256800000,5951.075
1635260400000,3202.5291666666667
1635264000000,36.72803347280335
1635267600000,0
1635271200000,0
1635274800000,0
1635278400000,0
1635282000000,0
1635285600000,0
1635289200000,0
1635292800000,0
1635296400000,0
1635300000000,0
1635303600000,0
1635307200000,0
1635310800000,0
1635314400000,1623.45
1635318000000,6422.85
1635321600000,12466.710084033613
1635325200000,18514.0125
1635328800000,20523.7875
1635332400000,22452
1635336000000,18928.560669456067
1635339600000,14607.775
1635343200000,7727.070833333333
1635346800000,2556.241666666667
1635350400000,55.44166666666667
1635354000000,0
1635357600000,0
1635361200000,0
1635364800000,0
1635368400000,0
1635372000000,0
1635375600000,0
1635379200000,0
1635382800000,0
1635386400000,0
1635390000000,0
1635393600000,0
1635397200000,0
1635400800000,347.93333333333334
1635404400000,2244.2916666666665
1635408000000,5393.15
1635411600000,6956.441666666667
1635415200000,8197.283333333333
1635418800000,14449.316666666668
1635422400000,20588.445833333335
1635426000000,14396.28870292887
1635429600000,7345.125
1635433200000,2169.454166666667
1635436800000,4.633333333333334
1635440400000,0
1635444000000,0
1635447600000,0
1635451200000,0
1635454800000,0
1635458400000,0
1635462000000,0
1635465600000,0
1635469200000,0
1635472800000,0
1635476400000,0
1635480000000,0
1635483600000,0
1635487200000,588.8458333333333
1635490800000,2180.5916666666667
1635494400000,4969.395833333333
1635498000000,6689.995833333333
1635501600000,9321.47280334728
1635505200000,16511.020833333332
1635508800000,19956.491666666665
1635512400000,13705.395833333334
1635516000000,7036.645833333333
1635519600000,2789.108333333333
1635523200000,19.6625
1635526800000,0
1635530400000,0
1635534000000,0
1635537600000,0
1635541200000,0
1635544800000,0
1635548400000,0
1635552000000,0
1635555600000,0
1635559200000,0
1635562800000,0
1635566400000,0
1635570000000,0
1635573600000,1565.3875
1635577200000,3857.7
1635580800000,2850.258333333333
1635584400000,3664.4166666666665
1635588000000,3265.0208333333335
1635591600000,4678.033333333334
1635595200000,3861.954166666667
1635598800000,5085.016666666666
1635602400000,2592.1
1635606000000,237.27083333333334
1635609600000,0
1635613200000,0
1635616800000,0
1635620400000,0
1635624000000,0
1635627600000,0
1635631200000,0
1635634800000,0
1635638400000,0
1635642000000,0
1635645600000,0
1635649200000,0
1635652800000,0
1635656400000,0
1635660000000,696.5375
1635663600000,4146.875
1635667200000,8888.5875
1635670800000,12834.8
1635674400000,10904.895833333334
1635678000000,14128.1125
1635681600000,15211.383333333333
1635685200000,7275.6375
1635688800000,2843.133333333333
1635692400000,1310.1208333333334
1635696000000,0.0375
1635699600000,0
1635703200000,0
1635706800000,0
1635710400000,0
1635714000000,0
1635717600000,0