Total Demand [kW],PV Gen [kW],Day-ahead Price [EUR/kWh]
-13.475520833333334,0.0,0.08156999999999999
-13.472824267782427,0.0,0.07590000000000001
-14.105166666666666,0.0,0.07373
-12.782541666666667,0.0,0.07201
-13.03375,0.0,0.07124
-14.648875,0.0,0.07396
-12.692708333333334,0.2282875,0.08491
-12.445041666666667,3.0676666666666663,0.09595000000000001
-12.820583333333333,6.7653875,0.0985
-13.93925,8.017025,0.0964
-8.890627615062762,12.262807531380751,0.09495999999999999
-10.394854166666667,11.767520833333334,0.09651
-4.6630416666666665,16.0745875,0.09351000000000001
-6.395708333333333,18.49472916666667,0.09018999999999999
-14.2304375,8.341633333333332,0.08567
-12.445794979079496,10.710912133891213,0.085
-5.7931875,14.923358333333333,0.08568
-8.065604166666667,9.63775833333333,0.09591
-7.104604166666667,9.914858333333333,0.09998
-9.193041666666666,6.316820833333333,0.10377
-11.949208333333335,3.1594124999999997,0.10034
-12.9866875,0.09104166666666669,0.09951
-12.762458333333335,0.0,0.09817000000000001
-12.466541666666666,0.0,0.09198999999999999
-13.040854166666666,0.0,0.09076999999999999
-12.284375,0.0,0.08536
-12.487791666666666,0.0,0.08218
-13.194770833333333,0.0,0.08234999999999999
-12.020041666666666,0.0,0.08322
-11.458583333333333,0.053262500000000004,0.08668000000000001
-9.276395833333334,3.648595833333333,0.102
-4.1761875,10.1705625,0.112
0.10972916666666668,20.278883333333333,0.1225
1.5357083333333332,30.046304166666665,0.10723999999999999
2.8618125,31.460966666666668,0.10254
9.559020833333333,42.8431625,0.1
12.918895833333334,37.7993375,0.09961
14.427604166666667,36.07973333333333,0.08984
16.3925,38.083854166666654,0.08237
19.7949375,41.10138333333333,0.08253
14.198791666666667,32.9808125,0.08256999999999999
10.514979166666667,28.032408333333333,0.09423000000000001
2.963125,19.14016666666667,0.09998
0.16654166666666664,11.114737499999999,0.11
-0.8570833333333334,2.9812541666666665,0.10948999999999999
-3.936875,0.09599166666666666,0.10554999999999999
-8.700520833333334,0.0,0.10502
-8.5206875,0.0,0.09998
-11.126833333333334,0.0,0.09264
-11.260209205020919,0.0,0.08439
-11.471395833333334,0.0,0.0809
-11.724791666666667,0.0,0.07757
-10.710666666666667,0.0,0.07404999999999999
-10.894895833333335,0.1948708333333333,0.07406
-8.876895833333334,3.335545833333333,0.07897
-2.782625,9.698862499999999,0.08145000000000001
0.128,19.343925,0.08303
1.938375,28.035866666666664,0.07934000000000001
8.27,37.206900000000005,0.07406
25.559125,42.8249625,0.07
27.03527083333333,40.798916666666656,0.06704
32.023625,46.738225,0.065
32.18970833333333,46.340199999999996,0.06659999999999999
27.35635416666667,41.67839166666667,0.073
17.02629166666667,31.2709,0.0752
2.7442291666666665,15.141041666666666,0.08545
-0.6051875,6.074258333333333,0.09544
-0.2445833333333333,6.279733333333334,0.10696
-0.7574166666666666,2.8655583333333334,0.10743000000000001
-8.138104166666666,0.1125125,0.10697
-9.1679375,0.0,0.10695
-9.086,0.0,0.1
-13.150375,0.0,0.09418000000000001
-12.149604166666666,0.0,0.08674
-11.804104166666667,0.0,0.08005
-12.7579375,0.0,0.07561
-12.114541666666666,0.0,0.07503
-12.369208333333335,0.28144583333333334,0.07399
-9.846020833333334,3.1779,0.0745
-4.979541666666667,8.818716666666667,0.07542
0.050125,15.650954166666667,0.07868
0.3138958333333333,16.490762500000002,0.07708
2.353833333333333,25.77077083333333,0.07524
0.4718333333333333,20.697745833333332,0.07803
-0.2365625,12.187208333333334,0.07801999999999999
-0.08645833333333333,7.074858333333333,0.074
0.4005416666666667,17.130470833333334,0.06926
4.0131041666666665,29.975841666666668,0.06906999999999999
5.044229166666667,23.52899583333333,0.07703
0.7874375,6.658412500000001,0.08306999999999999
-0.0001875,7.695029166666666,0.09384999999999999
-0.25075,5.238466666666667,0.09954
-3.0505,2.273404166666667,0.1
-8.0389375,0.22949583333333332,0.10209
-8.856354166666666,0.0,0.10492
-10.609125,0.0,0.09573000000000001
-12.072583333333334,0.0,0.08155
-11.441359832635982,0.0,0.07522
-12.021041666666665,0.0,0.07401
-12.31775,0.0,0.07201
-12.459833333333334,0.0,0.07154
-12.036104166666666,0.13695833333333335,0.07409
-10.0959375,1.7113041666666666,0.09157
-13.0356875,1.9621291666666665,0.10193
-15.676791666666666,4.9080875,0.10568999999999999
-8.7111875,10.2119375,0.10355
-11.6363179916318,10.110422594142259,0.101
-9.844333333333333,13.633220833333333,0.10009
-6.6284375,15.090645833333333,0.09791
-8.589854166666665,13.545204166666666,0.09423000000000001
1.0957708333333334,31.856908333333333,0.08893000000000001
0.9312291666666667,25.7220375,0.08393
-0.05216666666666666,21.220291666666668,0.0878
-0.7859583333333334,21.21575,0.09936
-0.2837291666666667,18.63795,0.1056
-4.788645833333333,8.496016666666666,0.11499
-11.258666666666667,3.824425,0.118
-15.220895833333334,0.2116875,0.11073999999999999
-13.8498125,0.0,0.10396
-13.5560625,0.0,0.09458
-13.358229166666666,0.0,0.0868
-13.146736401673639,0.0,0.07809
-12.822229166666666,0.0,0.07314
-12.3825,0.0,0.07087
-12.035125,0.0,0.06794
-12.671125,0.20486666666666667,0.07158
-10.9366875,2.6481958333333333,0.08254
-5.5723125,9.511529166666667,0.09659000000000001
-5.816520833333333,15.2722625,0.09706000000000001
-6.308791666666667,16.472862499999998,0.08729
-19.80410416666667,4.0197125,0.0768
-15.14407949790795,8.322928870292886,0.07034
-18.399979166666668,6.435104166666667,0.06007
-17.8235,7.430583333333333,0.05991
-20.71697916666667,5.866391666666666,0.05851
-18.879604166666667,6.143004166666667,0.06274
-18.007916666666667,7.621283333333333,0.06843
-13.8543125,6.5962125,0.07549
-14.326666666666666,4.355616666666667,0.09146
-13.727604166666666,2.2295291666666666,0.09994
-15.914333333333333,0.37641250000000004,0.10346999999999999
-14.048104166666667,0.0,0.10396999999999999
-15.005416666666665,0.0,0.10191
-12.270541666666666,0.0,0.09128
-10.716604166666666,0.0,0.08234
-10.8531875,0.0,0.07506
-10.2485,0.0,0.07507
-10.707604166666666,0.0,0.0751
-9.915708333333335,0.0,0.07507
-10.488270833333335,0.0,0.07973000000000001
-8.3145625,1.9715916666666666,0.09645999999999999
-11.605520833333333,3.0621,0.10478
-8.739770833333335,9.081708333333333,0.10831
-4.072208333333333,17.176345833333333,0.10493000000000001
2.1457291666666665,29.256766666666664,0.10023
6.667291666666667,43.54542083333333,0.09959
13.166770833333334,46.4005125,0.09765
22.45585416666667,44.490275000000004,0.09736
27.49689583333333,47.45673333333333,0.09698000000000001
22.38814583333333,42.83150833333333,0.09687
19.172979166666668,36.92400416666666,0.09637000000000001
10.6238125,27.559849999999997,0.10029
0.5810833333333334,14.391174999999999,0.11356999999999999
0.055020920502092056,11.376598326359831,0.13348
-0.6104583333333333,3.626625,0.13013
-2.9096875,0.26105833333333334,0.12061
-7.124229166666667,0.0,0.11491
-7.485708333333333,0.0,0.10365
-10.796833333333334,0.0,0.08934
-11.1803125,0.0,0.08308
-10.740270833333334,0.0,0.08038
-10.8161875,0.0,0.07962000000000001
-10.789458333333334,0.0,0.07948999999999999
-10.4195625,0.0,0.08245999999999999
-11.071520833333334,0.9553708333333332,0.10592
-8.683083333333334,4.426104166666667,0.12046
-12.7474375,5.139670833333334,0.12168999999999999
-0.1189375,22.701150000000002,0.11793000000000001
-7.589666666666667,13.366979166666667,0.11001000000000001
-12.932531380753138,8.831991631799163,0.10836
-16.564208333333333,5.4473875,0.10507
-12.56694560669456,9.046903765690377,0.1028
-10.898229166666667,9.618075000000001,0.10699
-9.713333333333335,9.838891666666667,0.11569
-7.531791666666667,11.695466666666666,0.1176
-7.156541666666667,10.717354166666667,0.12329000000000001
-13.592125,3.653045833333333,0.13799
-12.665770833333333,3.4358666666666666,0.15
-14.640770833333335,0.6719833333333334,0.147
-15.772583333333333,0.04877083333333333,0.12409999999999999
-14.9578125,0.0,0.11104
-15.4579375,0.0,0.09670000000000001
-15.583729166666666,0.0,0.08796999999999999
-16.042719665271967,0.0,0.07806999999999999
-16.407125,0.0,0.07684
-15.8539375,0.0,0.07515000000000001
-15.5526875,0.0,0.07524
-11.562833333333334,0.0,0.07781
-10.741583333333335,0.25805,0.09287999999999999
-9.977875,3.1312333333333333,0.10449
-10.061333333333334,6.7396,0.10797
-4.1956875,15.234929166666669,0.10462
2.39075,31.28272916666667,0.10546
7.103145833333333,36.12624583333333,0.10238
2.878875,22.873179166666667,0.095
7.303166666666667,32.23509583333333,0.09192
7.238020833333333,32.489733333333334,0.087
14.903625,41.11160416666666,0.08320999999999999
3.2713541666666663,17.792341666666665,0.0825
0.07789583333333333,9.772679166666668,0.08815
-4.4093125,6.247025,0.09447
-4.382791666666667,2.125858333333333,0.09768
-5.665791666666667,2.4991999999999996,0.09825
-8.192125,0.2811,0.09843
-9.749791666666667,0.0,0.09669
-11.0918125,0.0,0.09198
-11.1435625,0.0,0.08473
-11.154330543933055,0.0,0.08086
-10.320520833333333,0.0,0.07575
-10.548770833333334,0.0,0.07404000000000001
-10.771833333333333,0.0,0.07287
-10.3561875,0.055012500000000006,0.07245
-7.8840625,3.11665,0.07402
-2.7396666666666665,8.154733333333333,0.08002
0.143,18.435079166666664,0.08041
2.253625,28.6960875,0.07922
8.927645833333333,35.473279166666664,0.07473
23.6566875,41.159324999999995,0.0685
31.703541666666666,44.83305,0.07003
22.56447916666667,36.216254166666666,0.06581000000000001
9.113020833333334,22.621879166666666,0.06883
25.935270833333327,38.5824375,0.0704
12.3813125,25.557129166666666,0.073
14.248041666666666,27.633229166666666,0.08131000000000001
3.1905,16.2710125,0.09315999999999999
-0.11385416666666669,8.283454166666667,0.09791
-0.3921458333333333,1.7356208333333334,0.09919
-1.2210208333333332,0.0,0.10005
-7.6870625,0.0,0.0985
-8.117791666666667,0.0,0.095
-9.487895833333335,0.0,0.0874
-11.430962343096237,0.0,0.07909000000000001
-10.684145833333334,0.0,0.07514
-11.8826875,0.0,0.07013
-10.780416666666666,0.0,0.06872
-11.603520833333334,0.0,0.06869
-9.209625,1.8852041666666668,0.06863
-7.293625,4.9430875,0.07002
0.6607291666666666,20.06382083333333,0.07156
4.334666666666667,28.85575,0.072
3.9587916666666665,28.313941666666665,0.07128
4.78775,23.344383333333333,0.07345
25.625,39.63299166666667,0.073
7.567604166666667,20.262974999999997,0.06809
15.80275,28.614929166666666,0.064
5.467020833333333,19.539408333333334,0.06522
13.690875,25.4825625,0.06798
14.9500625,27.450924999999998,0.07375
7.327520833333333,20.108416666666667,0.08084999999999999
0.2757291666666667,10.766520833333335,0.09425
-0.2908125,3.261216666666667,0.09976
-0.6726041666666667,0.1637875,0.1031
-5.219291666666667,0.0,0.10363
-7.514,0.0,0.09602
-8.544104166666665,0.0,0.0834
-9.454393305439332,0.0,0.07604000000000001
-10.83675,0.0,0.074
-10.5595,0.0,0.07292
-10.737583333333333,0.0,0.07306
-10.625958333333333,0.0687,0.07612000000000001
-7.782604166666667,3.699891666666667,0.09483
-6.074583333333333,7.710854166666667,0.10562
-0.6276666666666666,17.5708875,0.10601000000000001
-0.04745833333333334,23.575454166666663,0.1018
0.49372916666666666,26.570691666666665,0.09594
0.5460208333333334,29.484724999999997,0.09498999999999999
1.59975,32.38409583333333,0.09115999999999999
6.628708333333333,41.0043375,0.087
5.0475625,29.636525000000002,0.08647
4.914229166666667,35.113329166666674,0.08889
0.35975,23.8446,0.0917
1.774,23.048737499999998,0.09993
-0.5106458333333334,14.437775,0.10845
-1.2732916666666667,5.9215375,0.12049
-5.675333333333333,1.9652916666666667,0.11241
-10.644479166666667,0.2575125,0.1039
-14.0775625,0.0,0.10226
-12.821166666666667,0.0,0.09544
-13.859208333333333,0.0,0.08861
-12.893138075313807,0.0,0.0834
-12.281166666666666,0.0,0.08102
-13.2260625,0.0,0.07696
-12.832791666666665,0.0,0.07695
-14.5415625,0.0,0.08447
-12.913354166666666,0.09963333333333334,0.09801
-14.960145833333334,2.1639333333333335,0.10403
-19.993291666666668,2.106625,0.10987999999999999
-25.864458333333328,0.6274916666666667,0.106
-24.173,3.3774499999999996,0.10251
-23.7126875,3.3283,0.10431
-20.345791666666667,6.337266666666666,0.09939
-14.309604166666666,12.92195,0.09795999999999999
-19.133625,7.785354166666667,0.09528
-19.7630625,7.025041666666667,0.09217
-15.106020833333334,9.725733333333334,0.09192
-11.5960625,8.7054125,0.09879
-5.580083333333333,10.583712499999999,0.10376
-6.200208333333333,6.295291666666667,0.105
-10.672041666666667,2.746491666666667,0.10029
-11.318229166666667,0.1005125,0.09852
-13.081833333333334,0.0,0.09503
-10.746604166666666,0.0,0.0861
-11.151833333333334,0.0,0.078
-12.198020833333334,0.0,0.0752
-11.714854166666665,0.0,0.07286
-11.229666666666667,0.0,0.07267
-11.057270833333334,0.0,0.07438
-11.2614375,0.10751666666666668,0.07884999999999999
-8.873395833333333,2.053079166666667,0.09534000000000001
-8.373458333333334,4.856258333333333,0.10498
-13.19739495798319,6.270504201680672,0.11111
-15.610287610619467,7.034654867256637,0.11006999999999999
-18.16359728506788,5.163303167420814,0.10332
-17.558811659192827,5.340887892376681,0.10115
-10.880065789473683,9.826732456140352,0.09541
-3.620372807017544,19.80695175438597,0.08855
-7.666447368421053,14.392767543859648,0.07905
-3.2100854700854704,22.86346581196581,0.07443999999999999
-3.8453813559322034,18.24933050847458,0.07118000000000001
-7.28225,9.2551,0.08187
-16.193872340425532,2.995655319148936,0.09183
-13.688395833333335,2.07365,0.09345999999999999
-15.554145833333333,0.6568083333333333,0.09433
-15.360979166666667,0.0,0.08811
-14.093041666666666,0.0,0.0855
-11.211729166666666,0.0,0.07568000000000001
-11.707895833333334,0.0,0.07795
-11.379791666666666,0.0,0.07683
-10.553104166666666,0.0,0.07581
-11.665,0.0,0.07572
-10.667625,0.0,0.078
-11.405145833333334,0.0,0.08144
-11.582354166666667,0.16475416666666667,0.09774
-12.300895833333334,2.141208333333333,0.105
-16.46935416666667,4.6740625,0.105
-16.3354375,6.257408333333334,0.10317
-14.669791666666667,7.687774999999999,0.10123
-6.836416666666667,17.025570833333337,0.10083
-4.093604166666666,18.620908333333333,0.09479000000000001
1.7549166666666667,30.1260125,0.09086
2.3241041666666664,33.265479166666665,0.085
-2.927333333333333,18.99893333333333,0.07998000000000001
2.246583333333333,28.993,0.07812000000000001
4.2604375,31.397879166666666,0.09061
-0.039479166666666655,10.470983333333333,0.09464
-3.6407291666666666,4.744395833333333,0.09670000000000001
-8.096041666666666,4.19655,0.0963
-15.549729166666665,0.1124,0.09190999999999999
-17.3403125,0.0,0.09086
-14.123729166666665,0.0,0.08517
-13.558229166666665,0.0,0.07914
-12.463284518828452,0.0,0.07490999999999999
-13.3411875,0.0,0.07313
-11.8325625,0.0,0.07181
-14.757583333333335,0.0,0.07262
-12.016333333333334,0.0033875000000000003,0.07673
-11.479479166666666,1.9949541666666668,0.09387999999999999
-7.901270833333333,7.558470833333334,0.10187
-4.626770833333333,14.629733333333334,0.10159
-0.3696652719665272,23.481297071129706,0.09791
2.0771458333333332,27.335816666666666,0.09337000000000001
1.51675,29.2556625,0.09042
6.124625,34.46265416666667,0.08906
0.5326666666666666,20.750858333333333,0.07801000000000001
5.080604166666667,38.187,0.07415000000000001
3.0900625,28.906908333333334,0.07028
-0.0821875,22.350587500000003,0.07126
2.663833333333333,25.2245625,0.07791
1.2033333333333334,19.624724999999998,0.09
-3.8935208333333335,6.700425,0.09693
-7.0716875,3.5410125,0.09693
-12.358354166666667,0.17747083333333333,0.09490000000000001
-13.997979166666665,0.0,0.09117
-13.5059375,0.0,0.08117
-13.114333333333335,0.0,0.07287
-13.2819375,0.0,0.07001
-13.097458333333334,0.0,0.06602
-12.826104166666665,0.0,0.06038
-13.699291666666666,0.0,0.057479999999999996
-12.997729166666666,0.0,0.05686
-11.193770833333334,1.9176375,0.062270000000000006
-7.895458333333333,5.947195833333333,0.07008
-2.7710416666666666,12.270095833333333,0.07556
-3.9541458333333335,9.503841666666666,0.07384
-1.0375,13.360529166666668,0.0701
-0.829875,13.7014,0.06672
1.0850625,21.241041666666668,0.05565
0.1277708333333333,15.6829,0.048229999999999995
1.4326458333333332,24.33129166666667,0.03008
0.06264583333333333,13.768216666666667,0.01692
4.0553333333333335,29.475099999999998,0.02901
0.4690833333333333,16.011908333333334,0.05107
-0.109625,9.535595833333334,0.06803000000000001
-0.46147916666666666,4.690733333333333,0.07756
-2.744375,2.624029166666667,0.08106000000000001
-13.008229166666666,0.17420833333333335,0.07811
-13.861145833333333,0.0,0.07562
-13.493083333333335,0.0,0.06703
-13.251416666666666,0.0,0.062299999999999994
-12.772645833333334,0.0,0.05575
-13.109104166666667,0.0,0.05086
-13.228166666666667,0.0,0.05017
-13.970833333333333,0.0,0.04549
-13.558270833333333,0.0016541666666666666,0.046329999999999996
-11.13,2.1614875000000002,0.05083
-6.068708333333333,7.7018625,0.055490000000000005
-0.4900625,17.345299999999998,0.05482
1.8709791666666666,27.992858333333334,0.04657
6.68525,36.3081875,0.03533
18.314270833333328,41.45485,0.02578
27.572979166666666,44.35800416666667,0.019559999999999998
30.877833333333328,45.65920416666667,0.0001
27.605770833333327,44.272779166666666,-0.0010400000000000001
24.172770833333328,40.998754166666664,-0.005
21.8018125,35.88582916666667,1e-05
12.105270833333334,28.041016666666664,0.0225
3.8304166666666664,18.750304166666666,0.05802
-0.4922083333333333,9.914529166666668,0.07462
-0.723875,3.036016666666667,0.07992
-1.2889791666666668,0.1352375,0.08503
-8.340479166666666,0.0,0.09419
-11.498958333333334,0.0,0.09112999999999999
-13.110958333333334,0.0,0.0731
-13.980729166666666,0.0,0.06720000000000001
-13.5916875,0.0,0.0644
-12.779791666666666,0.0,0.06483
-12.240729166666666,0.0,0.06572
-12.348354166666667,0.0,0.07348
-10.905833333333334,1.9987249999999999,0.0953
-8.384811715481172,7.424150627615063,0.1
-2.253430962343096,16.709585774058578,0.10504999999999999
0.28702083333333334,27.589412499999998,0.09899
1.3948125,36.35005,0.095
4.525666666666667,41.4479375,0.09309999999999999
9.241270833333333,32.52145833333333,0.08936
11.719769874476988,39.31620920502092,0.08348
14.385666666666665,41.008058333333324,0.07840000000000001
13.9685,41.209199999999996,0.07795
12.968645833333333,35.9072375,0.08511
9.199479166666666,27.847475,0.0937
2.655770833333333,18.467804166666664,0.1
0.0849375,9.524183333333333,0.11
-1.2379791666666669,2.6383125,0.1152
-3.7523125,0.07191249999999999,0.11001999999999999
-10.208625,0.0,0.10386
-12.307583333333334,0.0,0.09778
-13.344291666666667,0.0,0.0857
-13.758166666666666,0.0,0.08131000000000001
-13.106395833333334,0.0,0.07970000000000001
-13.132583333333335,0.0,0.07737999999999999
-13.170520833333335,0.0,0.07793000000000001
-13.129145833333334,0.0,0.0809
-11.754937238493723,2.18463179916318,0.09903
-8.4084375,7.3973,0.11485
-2.1198125,16.062466666666666,0.11136
0.28860416666666666,26.704025,0.10211
2.308333333333333,35.06585416666666,0.09301000000000001
6.402229166666667,38.853966666666665,0.08892
14.959708333333333,45.21535833333333,0.085
15.706375,46.034220833333336,0.0783
18.924458333333327,44.43759166666667,0.07587
14.935983263598326,40.70107112970711,0.07845
11.735666666666667,36.19531666666666,0.0803
7.8875,28.495641666666664,0.08652
1.4243933054393305,18.85673640167364,0.09834
-0.07625,9.820775,0.106
-0.98325,2.976525,0.11270000000000001
-4.521333333333333,0.09942916666666667,0.10997
-9.735833333333334,0.0,0.106
-13.017041666666666,0.0,0.091
-13.224166666666665,0.0,0.08201
-13.674166666666666,0.0,0.07818000000000001
-13.130791666666665,0.0,0.07615000000000001
-13.5024375,0.0,0.0765
-13.188958333333334,0.0,0.07629999999999999
-12.959145833333334,0.0,0.08
-12.611020833333335,1.9921208333333327,0.09326000000000001
-9.213541666666666,7.479941666666667,0.10656
-5.116916666666667,16.39439583333333,0.10845
-0.2464375,27.83575833333333,0.09591
1.4793958333333332,36.648741666666666,0.08707
4.469729166666667,42.31860833333333,0.07998000000000001
15.2453125,45.27350833333333,0.07961
11.9125625,43.265054166666665,0.07644
13.393604166666666,44.402837500000004,0.07593000000000001
10.738375,40.4140625,0.07704000000000001
9.4845625,34.868854166666665,0.08263
4.316041666666667,26.919691666666665,0.09073
0.3786875,17.943325,0.10178
-0.8274791666666667,8.7335875,0.11359
-2.752740585774059,2.591811715481172,0.11144
-9.577645833333333,0.08402916666666667,0.11
-13.719395833333333,0.0,0.10459
-13.512666666666666,0.0,0.0955
-13.412395833333333,0.0,0.08301
-14.975979166666667,0.0,0.07736
-13.912458333333333,0.0,0.07598999999999999
-12.597833333333334,0.0,0.07501000000000001
-13.238729166666666,0.0,0.07412
-13.944979166666666,0.0,0.07809999999999999
-11.8114375,1.9458250000000001,0.09506
-8.959729166666666,7.0589375,0.10377
-4.611270833333333,15.8471875,0.10525
0.17716101694915257,26.62546186440678,0.09692
1.4776875,35.22612916666667,0.08807999999999999
4.541625,40.73459166666667,0.08537
13.826770833333335,43.93305416666667,0.08131999999999999
13.7404375,44.65298333333333,0.07859000000000001
14.0330625,42.71851666666667,0.07564
12.158104166666666,38.832550000000005,0.074
8.04175,33.673587500000004,0.07992
3.544833333333333,25.674758333333333,0.08798
0.3608541666666667,16.691604166666668,0.09595999999999999
0.09583333333333331,9.278279166666668,0.102
-1.2295833333333333,3.0605,0.105
-4.763479166666667,0.10541666666666669,0.10203
-11.689145833333335,0.0,0.09706000000000001
-13.4608125,0.0,0.08394
-13.219,0.0,0.08603
-13.0265625,0.0,0.08009999999999999
-12.964083333333335,0.0,0.07648999999999999
-12.688208333333334,0.0,0.0751
-12.837770833333334,0.0,0.07667
-12.763145833333335,0.0,0.08303
-11.703625,1.7383833333333334,0.09442
-8.681166666666666,6.868683333333333,0.10563
-5.195125,15.663570833333331,0.10690999999999999
0.1868125,26.586825,0.09806000000000001
0.1973958333333333,35.14205416666667,0.09301000000000001
2.3950625,40.77343333333333,0.08995
15.101604166666666,43.922783333333335,0.08809
20.9785625,43.80578333333333,0.07919
19.634666666666668,42.260854166666654,0.07451
15.906791666666667,38.90247083333333,0.07501000000000001
11.3248125,33.40410833333333,0.07579999999999999
5.432166666666667,25.60601666666666,0.08545
-0.02170833333333333,13.994308333333333,0.09355
-0.6511666666666667,8.854620833333332,0.10342
-4.274875,2.5323708333333332,0.10601000000000001
-10.336,0.029245833333333332,0.09972
-12.3283125,0.0,0.09515000000000001
-14.126458333333334,0.0,0.08992
-13.659833333333333,0.0,0.085
-13.907907949790795,0.0,0.08042
-14.299104166666666,0.0,0.07629999999999999
-14.031041666666667,0.0,0.07128
-13.957583333333334,0.0,0.07033
-14.4251875,0.0,0.06987
-13.724645833333334,0.5432791666666666,0.0713
-9.794416666666667,5.0193916666666665,0.07586
-12.305020833333334,2.0779541666666668,0.0783
-8.92125,5.4078125,0.07881
-2.099125,19.113025,0.07553
5.2405625,35.7839375,0.07203
9.794270833333334,42.448604166666655,0.0703
9.738666666666665,29.5407125,0.06404
18.484395833333327,35.268145833333335,0.0631
7.298,22.912116666666666,0.06501
4.914479166666667,21.467337500000003,0.06891
1.4905416666666667,15.223591666666668,0.07772
-0.030354166666666668,14.315125,0.08506999999999999
-0.718375,6.110508333333334,0.09021
-1.2202291666666667,3.585116666666667,0.09004000000000001
-6.524875,0.0660125,0.087
-10.604291666666667,0.0,0.0795
-13.9474375,0.0,0.0724
-13.553333333333335,0.0,0.05906
-14.0855,0.0,0.054240000000000003
-14.061875,0.0,0.053509999999999995
-13.962875,0.0,0.04906
-14.4445,0.0,0.04909
-13.929125,0.0,0.049100000000000005
-13.347041666666666,1.27665,0.04908
-11.2350625,3.1984333333333335,0.04915
-3.244395833333333,11.991170833333333,0.053579999999999996
2.471,29.280670833333332,0.05241
6.198229166666667,34.62522083333333,0.049229999999999996
6.306854166666667,31.987762500000002,0.0503
11.964625,31.557608333333334,0.0499
24.391645833333328,40.95509583333333,0.04856
23.095083333333328,39.37845416666667,0.046740000000000004
21.03325,37.425533333333334,0.047850000000000004
7.924,21.7609375,0.04965
0.9266875,10.816479166666666,0.06717000000000001
-0.3138125,9.179966666666667,0.0804
-0.3264583333333333,7.391541666666667,0.08777
-5.0421875,1.2323333333333333,0.09146
-10.137854166666665,0.0018125,0.09185
-12.643979166666666,0.0,0.09186
-13.4766875,0.0,0.08593
-13.060208333333334,0.0,0.07540000000000001
-13.418666666666667,0.0,0.0726
-13.562666666666667,0.0,0.06994
-13.762583333333334,0.0,0.06906999999999999
-13.6494375,0.0,0.07244
-13.730666666666666,0.0,0.07644
-12.831604166666667,0.795025,0.09054000000000001
-12.3165625,4.4082333333333334,0.09996
-12.913166666666665,7.551933333333333,0.102
-0.8650833333333334,27.219716666666667,0.09906000000000001
2.4490625,33.5860625,0.09168000000000001
3.794875,36.746716666666664,0.08998
7.220543933054393,41.90322175732218,0.08683
12.167,43.51794583333333,0.0824
-1.0002708333333334,13.427475000000001,0.08199
2.713458333333333,37.628949999999996,0.08343
-0.3410833333333333,23.15100833333333,0.08341
0.947625,24.611258333333332,0.09173
-2.570145833333333,2.9890250000000003,0.10341
-8.395916666666666,4.609070833333333,0.109
-14.2351875,3.5630416666666664,0.109
-18.404375,0.011208333333333334,0.10482
-17.68452083333333,0.0,0.095
-14.872583333333335,0.0,0.08394
-14.7173125,0.0,0.08008
-14.47307531380753,0.0,0.07529999999999999
-14.327625,0.0,0.07255
-14.368041666666667,0.0,0.07217
-15.099645833333334,0.0,0.07102
-13.971270833333334,0.0,0.07601999999999999
-12.522479166666667,1.5226708333333332,0.09115000000000001
-7.473104166666667,9.066304166666669,0.09992
-6.028535564853557,12.936715481171548,0.10098
-1.8843125,21.402516666666664,0.08927
1.698125,34.709691666666664,0.08408
2.9082916666666665,36.241775000000004,0.08367000000000001
0.03173640167364017,21.5882050209205,0.083
0.04177083333333333,27.196975,0.07943
3.346333333333333,34.70896666666667,0.078
0.7605625,24.930458333333327,0.0798
0.7778125,20.9535875,0.08286
-0.8621458333333334,13.1118375,0.09275
-2.1526666666666667,11.02244583333333,0.10144
-8.330520833333335,4.791183333333334,0.11194
-16.78833333333333,1.2322208333333333,0.10779000000000001
-17.65502083333333,0.0113875,0.10474
-17.43104166666667,0.0,0.09398999999999999
-17.512875,0.0,0.08142
-16.729916666666668,0.0,0.08259
-14.201854166666665,0.0,0.07540999999999999
-15.019645833333334,0.0,0.0711
-15.323916666666666,0.0,0.07404000000000001
-14.8229375,0.0,0.07440999999999999
-14.472604166666667,0.0,0.07681
-12.97825,1.6985541666666666,0.09492
-11.933895833333334,4.0375625,0.10929000000000001
-16.485,6.505221757322176,0.11186
-15.083729166666666,10.094291666666667,0.09495
-8.569416666666665,17.546458333333334,0.08508
-8.874895397489539,18.398200836820084,0.08001000000000001
2.3499166666666667,39.3110625,0.07103
4.615458333333333,42.59697083333333,0.06079
1.6786458333333332,30.3677,0.05862
-4.410291666666667,6.816754166666667,0.05636
-0.9620625,26.0174125,0.0546
-1.5519583333333333,19.245979166666668,0.06414
-7.261416666666667,8.765191666666668,0.08129
-11.796666666666667,5.856841666666666,0.09112999999999999
-15.971916666666665,0.88915,0.09493
-17.63564583333333,0.007741666666666667,0.08826
-17.72745833333333,0.0,0.08302
-18.09779166666667,0.0,0.07149
-16.918368644067797,0.0,0.05558
-16.313933054393306,0.0,0.0501
-13.415708333333335,0.0,0.04598
-13.274395833333333,0.0,0.043429999999999996
-13.4485625,0.0,0.04471
-13.5285625,0.0,0.05085
-13.510458333333334,0.41251666666666664,0.05967
-12.941729166666667,3.605675,0.06923
-14.206833333333334,9.424850000000001,0.06594
-3.638033472803347,22.108602510460248,0.04859
3.2971041666666667,40.15204583333333,0.00983
4.978645833333333,37.43631666666666,7.000000000000001e-05
7.395854166666667,36.253304166666666,0.0
10.463333333333335,39.33119583333333,-0.00495
11.422645833333334,42.05436666666667,-0.00886
8.418604166666666,34.5513375,-0.00109
11.0376875,35.1754,8.999999999999999e-05
7.606520833333333,27.825158333333334,0.04469
1.0321041666666668,17.757095833333334,0.07498
-0.591125,8.700475,0.09135
-1.5778125,2.2551666666666663,0.09426000000000001
-5.308875,0.004208333333333333,0.09598000000000001
-8.618604166666666,0.0,0.09295
-11.453895833333334,0.0,0.08295
-11.516854166666667,0.0,0.062130000000000005
-12.2880625,0.0,0.05294
-11.503979166666666,0.0,0.05007
-11.615041666666666,0.0,0.04686
-11.954854166666665,0.0,0.04621
-10.962479166666666,0.0,0.05689
-10.196041666666666,1.6089916666666666,0.0721
-9.448229166666666,5.952908333333334,0.07873000000000001
-3.254583333333333,15.044291666666666,0.08014
-0.2539583333333333,26.429595833333334,0.06311
2.2176666666666667,35.8014,0.05618
6.2841875,41.250816666666665,0.05031
13.993208333333333,43.591658333333335,0.0487
19.753729166666666,41.573575,0.04348
21.3239375,42.84557083333333,0.04027
17.331645833333333,39.33640416666667,0.0435
5.603541666666667,22.708570833333333,0.04686
4.1681380753138075,22.700648535564852,0.06381
0.860625,15.0887125,0.07526000000000001
-0.5421666666666666,5.229754166666667,0.106
-1.13875,2.302670833333333,0.11617
-6.918479166666667,0.0,0.101
-9.929875,0.0,0.085
-13.31125,0.0,0.06962
-13.615479166666667,0.0,0.059
-13.129125,0.0,0.053630000000000004
-12.3090625,0.0,0.04176
-13.254520833333334,0.0,0.038950000000000005
-12.205958333333333,0.0,0.03592
-12.174083333333334,0.0,0.03337
-12.277354166666665,1.154670833333333,0.04043
-6.86725,5.899858333333333,0.04057
-1.0195,14.9759625,0.03621
0.9841041666666667,26.2973125,0.01476
5.1800625,31.935604166666668,1e-05
11.147354166666666,34.615679166666666,-7.000000000000001e-05
22.668708333333328,40.146300000000004,-0.00994
22.903833333333328,37.791779166666664,-0.020030000000000003
19.697833333333328,33.77512083333333,-0.020059999999999998
21.86525,36.29480833333333,-0.01896
14.618854166666667,29.575366666666664,-0.00138
2.424958333333333,16.168908333333334,0.009439999999999999
0.690375,12.125766666666667,0.05061
-0.1556875,6.404125,0.06553
-1.1926458333333332,1.4097791666666668,0.06993
-4.077333333333334,0.0,0.07091
-8.525895833333333,0.0,0.06556000000000001
-11.1675625,0.0,0.0596
-12.659333333333334,0.0,0.05282
-13.092083333333333,0.0,0.04933
-12.494083333333334,0.0,0.04942
-12.686125,0.0,0.04979
-12.663854166666667,0.0,0.05
-12.006333333333334,0.0,0.05235
-11.837895833333334,0.5841541666666668,0.05002
-11.553166666666666,1.4589166666666666,0.05689
-6.8776875,5.553733333333334,0.05779
-0.7703125,14.720704166666666,0.05776
0.13689583333333336,17.58714583333333,0.05916
0.16541666666666666,19.490304166666665,0.05925
3.22875,27.016720833333334,0.0601
11.8246875,37.097162499999996,0.05603
7.217395833333333,20.507033333333332,0.05006
4.055041666666667,18.34745833333333,0.04894
4.44075,20.82545833333333,0.05087
11.623166666666666,27.282795833333335,0.060590000000000005
3.3912291666666663,17.181295833333333,0.06852
-0.10472916666666668,6.178820833333333,0.07592
-0.4510625,1.436925,0.08
-2.3387291666666665,0.0,0.07601000000000001
-7.934020833333333,0.0,0.07293000000000001
-10.5585625,0.0,0.0603
-12.3055625,0.0,0.061560000000000004
-12.037479166666666,0.0,0.056049999999999996
-11.620770833333333,0.0,0.05471
-11.573541666666666,0.0,0.05124
-11.115645833333334,0.0,0.05126
-11.809020833333333,0.0,0.05924
-11.65475,0.10862916666666667,0.08218
-11.222895833333334,2.66925,0.08992
-4.460229166666667,11.5409875,0.09747
-3.6051875,12.822745833333332,0.08774
0.7492083333333334,26.745916666666666,0.0828
0.26717573221757324,21.182242677824263,0.07995000000000001
4.425458333333333,31.2705375,0.07683
5.04025,24.602720833333333,0.07008
14.815854166666666,43.335675,0.06420000000000001
19.79527083333333,42.695825,0.06867
11.708541666666665,23.179554166666666,0.06997
4.3474375,15.447354166666667,0.08234999999999999
1.0571666666666668,8.774304166666667,0.09559999999999999
-0.07810416666666667,4.322004166666667,0.10840999999999999
-0.3572916666666667,1.3387791666666666,0.1167
-3.3079166666666664,0.0,0.11752
-7.152625,0.0,0.10497
-9.916583333333334,0.0,0.09290999999999999
-10.275208333333333,0.0,0.08542
-10.785520833333335,0.0,0.07859000000000001
-10.255354166666667,0.0,0.07779000000000001
-10.162645833333334,0.0,0.07503
-10.162916666666666,0.0,0.07501000000000001
-9.788020833333334,0.0,0.07878
-10.946666666666665,0.8124916666666667,0.10081999999999999
-6.7769375,5.571516666666667,0.13
-4.8015625,8.517795833333334,0.11852
-13.099208333333333,3.9126541666666657,0.10406
-13.829645833333334,3.302366666666667,0.09623000000000001
-14.023416666666666,6.412979166666667,0.09520999999999999
3.7236666666666665,33.90952083333334,0.09479000000000001
8.47575,41.52919583333333,0.08896
2.4438541666666667,29.758754166666666,0.08548
3.4091875,23.302866666666667,0.08542
-0.5295833333333334,8.007633333333333,0.08793000000000001
2.1434583333333332,18.977716666666666,0.09979
-0.006291666666666667,8.9350375,0.11542
-0.16525210084033615,4.548546218487395,0.11952
-2.2900416666666663,0.9634583333333334,0.11776
-7.197125,0.0,0.11
-10.160333333333334,0.0,0.10490000000000001
-10.017791666666666,0.0,0.09082
-10.113625,0.0,0.0861
-9.964895833333333,0.0,0.08023000000000001
-9.658770833333334,0.0,0.07701999999999999
-10.120666666666667,0.0,0.07665000000000001
-9.762708333333334,0.0,0.0778
-9.949625,0.0,0.08348
-10.2315625,0.5867625000000001,0.09625
-8.239895833333334,5.4930625,0.10823
-2.9556875,14.541450000000001,0.12304000000000001
-3.843375,15.010758333333332,0.11468
0.3042916666666667,24.0484,0.11077
1.3505416666666668,28.767620833333332,0.10198
6.1401875,36.28156666666666,0.09844
6.220395833333333,30.202516666666664,0.09591
6.867770833333333,30.371170833333334,0.09083
7.205729166666667,26.763391666666664,0.09002
4.7584375,20.770970833333333,0.08891
1.3382291666666668,12.9683125,0.09597
0.11922916666666669,8.1658375,0.10746
0.0255625,5.131125,0.12894
-0.2914791666666667,0.8466875,0.124
-1.9563958333333333,0.0,0.11009999999999999
-4.966791666666667,0.0,0.09922
-6.328916666666667,0.0,0.09003
-9.247270833333333,0.0,0.08553
-9.619267782426778,0.0,0.08098999999999999
-10.071395833333334,0.0,0.07815000000000001
-9.5954375,0.0,0.07815000000000001
-9.303375,0.0,0.07876000000000001
-9.236375,0.0,0.08295
-9.426270833333334,0.5435875,0.09804
-4.374583333333333,7.454283333333334,0.1251
-0.9978333333333333,14.6770125,0.1262
0.2839583333333333,19.907679166666664,0.11529
3.205333333333333,27.701341666666668,0.10814
5.776020833333333,31.60755833333333,0.101
13.3964375,35.6285375,0.099
12.839541666666666,32.7505,0.08879000000000001
20.99041666666667,39.16909166666667,0.08299
16.65714583333333,32.19533333333333,0.08148000000000001
5.512479166666667,18.846495833333332,0.08511
9.148604166666667,22.17835,0.09165999999999999
0.06516666666666668,8.199170833333334,0.10748
-0.015291666666666665,3.7691375,0.11095000000000001
-0.1079375,0.3072625,0.11173999999999999
-3.8127291666666667,0.0,0.09713
-5.5538125,0.0,0.083
-6.9998125,0.0,0.0706
-10.034333333333334,0.0,0.06503
-9.598979166666666,0.0,0.0635
-9.736645833333334,0.0,0.06297
-9.2970625,0.0,0.06406999999999999
-9.356666666666666,0.0,0.06423000000000001
-9.731854166666666,0.0,0.06645000000000001
-10.7261875,0.0285875,0.08143
-8.8829375,2.654225,0.09
-7.781208333333333,5.48735,0.09498000000000001
-5.26525,10.401133333333332,0.08613
2.4347291666666666,24.816212500000002,0.07751999999999999
0.7798333333333334,18.844525,0.06908
5.7179166666666665,31.79907083333333,0.06473999999999999
9.137229166666666,35.120262499999995,0.05915
9.0551875,27.448275000000002,0.05464
3.7850833333333336,19.058666666666667,0.05528
13.362145833333335,33.6293375,0.058929999999999996
1.8990208333333332,14.295945833333331,0.06520999999999999
1.2312291666666668,14.18465,0.07795999999999999
0.038291666666666654,5.6774,0.085
-0.2125625,0.6996791666666666,0.08427
-4.499291666666667,0.0,0.08098000000000001
-4.792395833333333,0.0,0.07923999999999999
-9.286083333333334,0.0,0.06755
-9.368979166666666,0.0,0.06453
-8.861,0.0,0.05903
-9.0514375,0.0,0.05778
-9.0568125,0.0,0.05701
-8.892666666666667,0.0,0.058070000000000004
-8.9754375,0.0,0.060759999999999995
-8.821208333333335,0.4957375,0.060840000000000005
-4.2346875,5.109404166666666,0.06283
-2.156208333333333,8.956295833333334,0.06414
1.3181666666666667,19.275179166666664,0.0599
0.6348958333333333,19.933795833333335,0.05614
1.4217083333333334,21.805933333333332,0.053700000000000005
0.17002083333333334,14.106395833333334,0.05353
0.09152083333333332,9.335395833333333,0.05156
0.05125,7.501858333333334,0.05354
0.037875,6.564629166666666,0.053520000000000005
0.1195,11.173391666666667,0.05701
0.4209791666666667,13.329104166666665,0.06908
0.7632291666666666,12.973520833333334,0.077
0.8015208333333333,10.364450000000001,0.08008
-0.9654166666666666,0.9376166666666668,0.0751
-3.2101875,0.0,0.069
-5.670145833333333,0.0,0.06419
-8.5755,0.0,0.05802
-9.1540625,0.0,0.01602
-9.268583333333334,0.0,0.00127
-9.191145833333334,0.0,0.00067
-8.718458333333334,0.0,0.0005899999999999999
-8.6086875,0.0,7.000000000000001e-05
-8.966666666666667,0.0,4e-05
-8.076229166666668,0.7036958333333333,4e-05
-5.093,5.101270833333333,-0.00029
-3.9035,8.8857,-0.00017
1.3897291666666667,19.239020833333328,-0.00437
0.5842708333333334,16.244208333333333,-0.00996
2.7450416666666664,26.646725,-0.014
3.8154375,19.301170833333334,-0.020079999999999997
10.600895833333334,25.34118333333333,-0.0433
26.12647916666667,43.03060833333333,-0.06303
17.436333333333334,29.385854166666668,-0.05243
18.617875,29.819650000000003,-0.02859
5.072729166666667,14.137925,-0.00434
4.708333333333333,15.375745833333333,0.040740000000000005
0.24491666666666662,8.094595833333333,0.062
-0.16208333333333333,0.5384416666666667,0.06805
-0.17654166666666665,0.0,0.0659
-0.9401875,0.0,0.06373
-4.894916666666667,0.0,0.05658
-5.401270833333333,0.0,0.044039999999999996
-6.905125,0.0,0.039200000000000006
-8.327083333333334,0.0,0.038270000000000005
-8.200958333333334,0.0,0.031920000000000004
-8.047916666666667,0.0,0.0375
-8.3328125,0.0,0.05088
-8.184895833333332,0.3319916666666667,0.07223
-6.915104166666667,3.7542791666666657,0.08239
-2.9715,11.906841666666667,0.0869
0.7383891213389121,24.72655648535565,0.07912999999999999
3.9654375,32.73885416666667,0.06548999999999999
11.6551875,36.55489583333333,0.05802
9.129479166666666,28.081087500000002,0.05932
12.761541666666666,32.25765,0.054240000000000003
6.915645833333333,23.8154375,0.05085
12.2456875,30.5451625,0.05497
9.383520833333334,23.927575,0.05695
0.2930833333333333,12.3203,0.07496
0.103375,10.2012125,0.09137
0.16089583333333335,8.822825,0.10291
-0.134875,0.8064208333333334,0.10761
-2.325270833333333,0.0,0.103
-5.6373125,0.0,0.09634000000000001
-9.653556485355647,0.0,0.08365
-10.670041666666666,0.0,0.07365000000000001
-10.393791666666665,0.0,0.07096
-10.5725,0.0,0.06729
-10.4283125,0.0,0.06506
-10.184895833333334,0.0,0.06724
-10.455208333333333,0.0,0.07051
-10.395,0.46331666666666665,0.08596
-9.442166666666665,3.7021666666666664,0.10523
-5.06925,10.969641666666666,0.115
1.1537708333333332,25.559641666666664,0.10635
5.417520833333333,30.5647625,0.09728
10.315125,34.96429166666666,0.08812
9.038104166666667,28.490670833333333,0.0846
7.1695,27.01094583333333,0.07991
6.699832635983263,26.007280334728033,0.07407
12.780979166666667,33.82655833333333,0.07549
7.56425,24.383575,0.08034999999999999
6.1541875,22.4025625,0.08951
0.10402083333333331,12.95505,0.10454000000000001
-2.9816875,4.994825,0.11629
-3.9176041666666666,0.9436333333333332,0.13717
-4.367083333333333,0.0,0.12
-6.1376875,0.0,0.11159999999999999
-8.321270833333333,0.0,0.09225
-8.8985,0.0,0.09107
-9.142866108786611,0.0,0.0851
-8.604333333333335,0.0,0.08393
-8.89075,0.0,0.08209999999999999
-8.913958333333333,0.0,0.08231999999999999
-8.554916666666665,0.0,0.08851
-8.0765,0.6776125,0.10796
-5.911,4.460141666666666,0.13404
-5.260604166666667,9.565970833333333,0.12161
2.5286666666666666,23.8440375,0.10898000000000001
8.07,32.50243333333333,0.09297
12.796625,37.91310833333333,0.08863
13.421270833333335,34.89911666666667,0.0846
22.185666666666666,42.026166666666654,0.08220999999999999
21.763416666666668,39.60323333333333,0.08029
17.97852083333333,34.94065833333333,0.08295999999999999
7.071208333333333,23.457216666666667,0.08805
-0.29941666666666666,13.336045833333333,0.10447
-0.6284583333333333,11.7660625,0.115
-2.5258958333333332,6.218470833333334,0.12846000000000002
-3.6255416666666664,1.7521125,0.14002
-4.024416666666666,0.0,0.12501
-6.0611875,0.0,0.117
-7.167145833333333,0.0,0.103
-8.454916666666666,0.0,0.09667
-9.959791666666666,0.0,0.0917
-10.178833333333333,0.0,0.09004999999999999
-9.498354166666665,0.0,0.087
-9.769875,0.0,0.08464
-9.590520833333334,0.0,0.08702
-8.865083333333335,0.9589375,0.10692
-7.303791666666667,4.231745833333333,0.12
-3.8400833333333333,12.124358333333333,0.12077
-0.28452083333333333,18.479316666666666,0.109
7.060916666666667,32.480779166666665,0.10272
8.89889121338912,35.67073221757322,0.09806000000000001
13.666041666666667,35.6306625,0.095
12.811291666666666,34.42044166666667,0.09194
19.603958333333328,39.7397625,0.09298999999999999
15.2243125,33.542320833333335,0.09495
14.755083333333333,31.918125,0.10091
6.378020833333333,22.78993333333333,0.1114
0.08966666666666667,14.024004166666668,0.12679
-5.618958333333333,5.264608333333333,0.145
-7.818354166666667,0.5930666666666667,0.144
-8.12775,0.0,0.13337000000000002
-7.588666666666667,0.0,0.119
-8.7415625,0.0,0.10712
-11.4569375,0.0,0.09487000000000001
-11.105270833333334,0.0,0.08537
-10.807270833333334,0.0,0.08101
-11.2795,0.0,0.07995999999999999
-11.118895833333333,0.0,0.0813
-11.038125,0.0,0.08526
-10.952645833333333,0.013412499999999999,0.113
-8.5311875,3.9445833333333336,0.124
-4.60575,10.01361666666667,0.12193000000000001
4.888916666666667,21.865395833333327,0.10966
11.131041666666667,31.1041125,0.09998
13.837895833333334,34.31707916666667,0.08802
18.2978125,39.90780416666667,0.08375
23.1249375,39.190625,0.07404999999999999
23.46666666666667,39.0163,0.07204
11.311770833333334,26.393333333333327,0.07186
14.766020833333334,32.078716666666665,0.07257999999999999
8.342104166666665,22.646966666666668,0.08613
-0.28910416666666666,14.034483333333334,0.10491
-3.1719375,5.597191666666666,0.11748
-4.115479166666667,0.6605458333333334,0.11568
-4.583041666666667,0.0,0.11577
-4.576791666666667,0.0,0.10690999999999999
-6.354041666666667,0.0,0.09219
-9.079958333333334,0.0,0.07801999999999999
-9.55705020920502,0.0,0.07565999999999999
-9.241104166666666,0.0,0.07155
-9.5426875,0.0,0.06945
-9.23675,0.0,0.06906
-9.145875,0.0,0.0692
-8.689354166666666,0.4272625,0.0697
-5.407666666666667,4.049295833333333,0.07351
-0.7932083333333334,11.399524999999999,0.07501999999999999
3.6023125,22.524333333333328,0.07386
9.818895833333334,31.8813,0.06326
15.535854166666667,37.5189625,0.05808
26.04791666666667,40.704929166666666,0.05044
29.56491666666667,42.4124,0.00148
25.960875,40.339791666666656,0.0
21.444395833333328,36.42405,0.009890000000000001
17.111416666666667,30.55927083333333,0.05035
8.4475625,21.868579166666663,0.05885
0.9129583333333333,13.342375,0.07696
-3.7371458333333334,5.3577125,0.08694
-4.528416666666667,0.6388708333333333,0.08856
-4.541166666666667,0.0,0.0879
-5.3776875,0.0,0.08503
-6.9915,0.0,0.07808
-8.509770833333334,0.0,0.0737
-10.15092050209205,0.0,0.06988
-10.29125,0.0,0.06492
-9.576875,0.0,0.06243
-9.677895833333334,0.0,0.05972
-9.860645833333335,0.0,0.05998
-9.186166666666667,0.37818333333333326,0.05901
-5.2661875,4.701479166666667,0.05834
-1.6631666666666667,11.105629166666667,0.05753
2.538583333333333,21.811404166666666,0.05354
8.3495,31.0395125,0.05367
13.1313125,34.47832916666667,0.05305
18.3974375,36.30025833333333,0.052950000000000004
27.08341666666667,40.91574166666667,0.03006
24.9395,38.739987500000005,0.0125
18.809541666666668,32.35655833333333,0.02041
12.3418125,26.007616666666664,0.05132
6.941479166666667,19.646379166666666,0.06705
-3.507020833333333,5.339191666666666,0.0825
-5.0475625,0.2375208333333333,0.09198999999999999
-4.492354166666667,0.6462875,0.09495
-6.175875,0.0,0.09345
-7.202895833333333,0.0,0.08677
-9.213729166666665,0.0,0.07695
-9.867979166666666,0.0,0.06819
-10.368520833333333,0.0,0.06503
-9.923270833333333,0.0,0.062079999999999996
-10.088916666666666,0.0,0.06013
-9.778354166666666,0.0,0.06082
-10.200479166666666,0.0,0.06806
-9.486291666666666,0.0952,0.09025
-8.957166666666666,2.2250625,0.10048
-6.435020833333333,8.333908333333333,0.09673000000000001
-7.856479166666667,8.529825,0.08
-2.698708333333333,15.9161875,0.06984
3.522645833333333,26.135445833333332,0.053130000000000004
7.350375,31.51124583333333,0.0581
4.8444375,26.804791666666667,0.04889
7.711,32.84493333333334,0.04274
2.551395833333333,20.721625,0.05307
-0.6461458333333334,14.696208333333335,0.053149999999999996
-3.0401875,7.520395833333333,0.05815
-4.567375,4.7861875,0.071
-7.624333333333333,0.18840416666666668,0.07812999999999999
-8.158,0.0,0.07912000000000001
-11.32075,0.0,0.07690000000000001
-11.8849375,0.0,0.0684
-12.5900625,0.0,0.060020000000000004
-12.727645833333334,0.0,0.05964
-12.420125523012551,0.0,0.04993
-12.669458333333335,0.0,0.039939999999999996
-12.422875,0.0,0.01447
-12.044541666666666,0.0,0.03388
-12.166936170212766,0.0,0.05006
-9.211041666666667,0.33962916666666665,0.06434999999999999
-5.980895833333333,5.312479166666667,0.07349
-3.7091666666666665,12.7676875,0.06909
0.5707708333333333,23.99030833333333,0.054340000000000006
0.8109166666666666,22.37820833333333,0.046619999999999995
0.2238125,17.5649625,0.03052
4.778770833333333,31.918908333333334,0.02891
8.405791666666666,31.572033333333334,0.04115
18.9491875,40.28590416666667,0.039990000000000005
2.7545,17.897412499999998,0.04908
0.7814375,11.443787500000001,0.05418
-0.0316875,4.616616666666666,0.06909
0.009270833333333334,3.303975,0.08536
-2.346125,0.5910458333333334,0.09239
-3.8917291666666665,0.005795833333333333,0.09270999999999999
-4.410416666666667,0.0,0.08897
-8.666916666666665,0.0,0.08103
-9.2368125,0.0,0.06822
-8.94675,0.0,0.061649999999999996
-9.297,0.0,0.06062
-9.169604166666666,0.0,0.061829999999999996
-9.253604166666666,0.0,0.06328
-9.0540625,0.0,0.06283
-9.122958333333333,0.0,0.06584999999999999
-9.360770833333333,0.008495833333333334,0.08005
-11.040229166666666,1.8818416666666666,0.09597
-11.526208333333335,3.747725,0.09809999999999999
-10.0939375,6.1844833333333336,0.09652
-8.2381875,8.796866666666666,0.09720000000000001
-1.28425,18.64575,0.09592
2.4813125,23.185704166666664,0.08369
1.6430208333333332,23.416966666666667,0.07254000000000001
0.24385416666666662,17.013120833333335,0.06801
0.5139791666666667,16.762491666666666,0.06675
1.5590208333333333,14.785091666666666,0.06677
-2.0885833333333332,9.474549999999999,0.07504000000000001
-4.370395833333333,6.990208333333333,0.08838
-6.206833333333333,2.9320500000000003,0.096
-7.146020833333333,0.0924625,0.09573999999999999
-7.167708333333333,0.0,0.08771
-8.302729166666666,0.0,0.08
-9.519604166666666,0.0,0.06699
-9.8995,0.0,0.06559999999999999
-9.908833333333334,0.0,0.06469
-9.840645833333333,0.0,0.06269
-9.855895833333333,0.0,0.061009999999999995
-9.537229166666666,0.0,0.06054
-10.1660625,0.0,0.06601
-9.510541666666667,0.09016249999999999,0.0839
-9.795708333333334,1.9986791666666663,0.09903
-8.540145833333334,4.9030625,0.10202
-7.761666666666667,9.502654166666668,0.09426999999999999
-3.062083333333333,15.447779166666667,0.08990999999999999
-2.2408541666666664,17.600408333333334,0.09074
-1.1564016736401677,17.376853556485354,0.09265000000000001
1.3357916666666667,23.8055625,0.09412999999999999
2.967573221757322,20.75369037656904,0.08990000000000001
-2.643020833333333,9.653479166666665,0.08990999999999999
-3.8049375,11.197362499999999,0.09193000000000001
-2.1632916666666664,10.92436666666667,0.10051
-4.611770833333333,6.374020833333333,0.11494
-6.276166666666667,1.5588333333333333,0.12678
-6.8404375,0.11150416666666667,0.12812
-6.825604166666667,0.0,0.11961
-9.874,0.0,0.11006999999999999
-8.9744375,0.0,0.1
-9.406583333333334,0.0,0.095
-8.913833333333335,0.0,0.08622
-9.163791666666667,0.0,0.08373
-9.819791666666665,0.0,0.0832
-8.884416666666667,0.0,0.08395999999999999
-9.510458333333334,0.0,0.0887
-9.081916666666666,0.16289166666666668,0.10311
-8.981895833333335,2.429129166666667,0.119
-6.398958333333333,7.137341666666666,0.12473999999999999
-2.6926875,13.622420833333333,0.114
3.1212291666666667,31.796924999999998,0.10699
7.637375,39.145325,0.105
17.118333333333332,39.48624583333333,0.09911
14.736875,30.84705,0.09
9.766666666666666,23.98355,0.08518
23.996708333333327,37.23675,0.08481
16.99791666666667,29.835974999999998,0.09001
8.324333333333334,20.5386125,0.10331
1.5578125,11.854041666666665,0.11327
-0.003828451882845188,4.439799163179916,0.12522
-0.08222689075630252,0.380327731092437,0.12614
-2.91275,0.0,0.12493000000000001
-3.7430416666666666,0.0,0.11069
-5.887208333333333,0.0,0.106
-9.679208333333333,0.0,0.10251
-9.458958333333333,0.0,0.0952
-9.434458333333334,0.0,0.08852
-9.508916666666666,0.0,0.08331000000000001
-9.384708333333334,0.0,0.08141
-9.253770833333334,0.0,0.08217
-9.098895833333334,0.35549583333333334,0.0902
-6.100458333333333,3.777220833333333,0.09311
-1.9680416666666667,8.83735,0.09643
0.7567291666666667,21.15124583333333,0.09240000000000001
4.59925,30.041733333333333,0.08195000000000001
13.770416666666666,35.50324166666667,0.07911
25.28,39.13409166666667,0.07879000000000001
28.09222916666667,39.71924166666667,0.07706
26.335333333333327,38.39825416666667,0.07659
22.97814583333333,35.01329166666667,0.07806
17.129583333333333,29.156166666666667,0.07998999999999999
7.1735625,19.04077083333333,0.09527
0.79325,10.9537125,0.10792
-0.053791666666666654,3.686408333333333,0.11208
-0.1259791666666667,0.23602916666666668,0.11217
-3.6739375,0.0,0.108
-4.9836875,0.0,0.106
-8.700291666666667,0.0,0.09686
-10.4695,0.0,0.08491
-10.4383125,0.0,0.07890000000000001
-9.786333333333333,0.0,0.07499
-9.56525,0.0,0.07218000000000001
-9.5716875,0.0,0.07005
-9.578083333333334,0.0,0.06734
-9.585145833333334,0.11720416666666668,0.0679
-7.338270833333333,2.3354416666666666,0.07037
-5.1271875,4.899029166666666,0.07447
-0.08558333333333333,12.273733333333334,0.07684
-0.0991875,13.576504166666668,0.07615999999999999
-4.412270833333333,2.8859375,0.07731
-4.21725,5.280079166666666,0.07644
-1.5487916666666668,9.634891666666666,0.0712
0.11191666666666669,12.750595833333334,0.0688
-1.7533541666666668,8.142316666666666,0.06675
-5.527166666666667,2.8535500000000003,0.0686
-5.0276875,3.905370833333333,0.08159000000000001
-0.12489583333333332,11.973450000000001,0.08802
-4.431916666666667,4.0006875,0.095
-8.8678125,0.12284583333333332,0.09795999999999999
-9.7935,0.0,0.09548000000000001
-9.606791666666666,0.0,0.0901
-9.801916666666665,0.0,0.08195000000000001
-9.495125,0.0,0.07615000000000001
-9.315543933054395,0.0,0.07593000000000001
-9.4293125,0.0,0.0757
-9.451583333333334,0.0,0.07352
-9.618270833333334,0.0,0.07585
-10.066041666666665,0.0,0.07844
-9.8153125,0.0,0.09439
-10.615564853556483,1.014560669456067,0.11129
-9.8448125,3.4126208333333334,0.11594
-7.289208333333333,7.179966666666666,0.11418
-1.4399163179916319,16.253677824267786,0.10698
-0.8737708333333334,15.376575,0.10346999999999999
0.24129166666666663,18.17263333333333,0.09944
0.16008333333333336,18.55343333333333,0.094
6.1771875,35.83112916666666,0.08569
12.5831875,37.4981375,0.08395
11.97225,29.604791666666667,0.08395
5.8731875,19.186191666666666,0.09495999999999999
0.8371666666666666,10.235704166666666,0.105
-0.03247916666666666,1.4069166666666668,0.11418
-0.0296875,0.06815,0.11098999999999999
-3.2574375,0.0,0.10208
-4.9779375,0.0,0.09392
-9.585645833333334,0.0,0.0831
-10.031041666666667,0.0,0.08075
-9.7315625,0.0,0.07870999999999999
-9.605666666666666,0.0,0.07840000000000001
-9.611979166666666,0.0,0.07920999999999999
-9.440416666666666,0.0,0.08077
-9.471708333333334,0.0,0.08501
-9.719916666666666,0.18674166666666667,0.1002
-7.3616875,3.755966666666666,0.11045
-6.315583333333333,8.26465,0.122
0.215875,18.548908333333333,0.10697
3.7855,31.237033333333333,0.101
7.697125,34.5992375,0.096
2.2221041666666665,18.79420833333333,0.088
0.43895833333333334,12.591829166666667,0.08172
1.8228541666666667,16.632883333333336,0.08043
1.264,14.2051,0.08168
-0.0005,8.1003375,0.08809
-4.063354166666667,4.567433333333334,0.10285
-2.0560416666666663,11.165983333333333,0.10951999999999999
-6.965375,3.109370833333333,0.1225
-8.128458333333333,0.08675833333333334,0.11944
-7.126708333333333,0.0,0.10629999999999999
-9.202125,0.0,0.1
-8.839375,0.0,0.08959
-8.615708333333334,0.0,0.08289
-8.6861875,0.0,0.08170000000000001
-8.4635625,0.0,0.08136
-8.580083333333334,0.0,0.08126
-8.387208333333334,0.0,0.08045000000000001
-8.615125,0.0,0.08617
-8.809916666666666,0.18205000000000002,0.10131
-7.505145833333333,3.1706125000000003,0.10728
-3.0154375,9.712083333333334,0.10694
0.2352708333333333,21.13195833333333,0.09512000000000001
2.222520833333333,30.3607375,0.08446
8.888541666666667,37.17834583333333,0.08173
19.145564853556486,41.43233891213389,0.07403
20.84595833333333,39.56795416666667,0.0694
19.60595833333333,38.12357083333333,0.06334000000000001
19.249479166666667,36.74551666666667,0.06464
13.565229166666667,29.552545833333333,0.07184
5.527416666666667,19.573508333333333,0.08095000000000001
1.2566666666666668,11.183079166666666,0.09079000000000001
-0.014625,3.6913958333333334,0.09423999999999999
-0.07452083333333333,0.17977916666666666,0.096
-3.351270833333333,0.0,0.09190999999999999
-4.513,0.0,0.08173
-5.9735,0.0,0.07389
-8.152854166666668,0.0,0.0741
-9.513333333333334,0.0,0.07105
-9.174666666666665,0.0,0.07098
-9.0044375,0.0,0.06995
-9.2858125,0.0,0.07195
-9.0589375,0.0,0.07809999999999999
-9.205895833333335,0.03935,0.09606999999999999
-11.293020833333333,0.8157916666666666,0.112
-13.976875,1.2283166666666665,0.12465000000000001
-11.9563125,4.3563833333333335,0.11334999999999999
-11.220875,5.12475,0.10423
-5.168291666666667,11.3966125,0.10235
3.8081875,30.2016,0.10015
9.499791666666667,40.651404166666666,0.09162000000000001
9.412166666666666,31.994891666666664,0.08556
5.733833333333333,21.621066666666664,0.08222
12.440291666666665,26.89035416666667,0.07984999999999999
1.2907740585774061,12.966799163179916,0.09121
0.515625,8.069729166666667,0.10091
-0.07027083333333332,1.876920833333333,0.10762999999999999
-0.10066666666666668,0.0081875,0.109
-2.475083333333333,0.0,0.10291
-4.3210625,0.0,0.09592
-6.154333333333333,0.0,0.087
-8.447541666666666,0.0,0.08712
-8.818583333333335,0.0,0.08072
-8.666291666666666,0.0,0.07973999999999999
-8.57525,0.0,0.07848000000000001
-8.77,0.0,0.07809
-8.523166666666667,0.0,0.08398
-8.964541666666666,0.02947083333333333,0.10163
-8.763208333333335,2.8032208333333335,0.113
-5.919125,9.357470833333332,0.11719
-0.9255416666666666,15.240808333333332,0.10897
2.661875,26.22130833333333,0.10482
0.4025208333333333,11.958725000000001,0.10254
-3.8558541666666666,6.0345458333333335,0.09959
-0.4875208333333333,15.6609125,0.09190000000000001
0.5321666666666667,18.01684583333333,0.08431
3.9703333333333335,27.77655833333333,0.08231999999999999
2.94,18.7668875,0.0848
0.9980208333333334,12.123004166666668,0.09659999999999999
0.08864583333333333,4.7067250000000005,0.10479999999999999
-0.2632291666666667,1.055766666666667,0.11374
-3.347489539748954,0.0,0.11306999999999999
-4.138104166666667,0.0,0.10479999999999999
-7.881229166666667,0.0,0.0999
-8.662145833333334,0.0,0.08967
-8.752666666666666,0.0,0.08875
-8.7444375,0.0,0.08131000000000001
-8.453020833333333,0.0,0.0777
-8.591708333333333,0.0,0.07612000000000001
-8.665291666666667,0.0,0.0773
-8.511625,0.0,0.07662000000000001
-8.995333333333335,0.0014624999999999998,0.07803
-6.905895833333333,1.9984000000000002,0.085
-3.4860625,5.5577125,0.09001
0.3461875,16.722883333333336,0.09154999999999999
0.8716041666666666,15.687725,0.08798
1.6300416666666668,14.65863333333333,0.08608
0.24195833333333328,16.682516666666665,0.08101
3.9535416666666667,20.27402916666667,0.07526999999999999
0.10520833333333332,5.71905,0.07028
0.094,5.2435583333333335,0.06822
0.846875,12.166458333333335,0.07456
0.672625,9.752725,0.09295999999999999
0.14102083333333335,5.5910625,0.09809999999999999
-0.5513125,1.0888375000000001,0.10049
-3.2031875,0.05929166666666666,0.10132
-4.660458333333333,0.0,0.09609000000000001
-8.008458333333333,0.0,0.09408
-8.435625,0.0,0.08444
-8.250708333333334,0.0,0.07806
-8.501666666666667,0.0,0.07357
-8.29725,0.0,0.07054
-8.365479166666667,0.0,0.06875
-8.3941875,0.0,0.0673
-8.179229166666667,0.0,0.06938
-8.396458333333333,0.0,0.07072
-8.2295,0.49105,0.07335
-5.68325,4.158120833333333,0.07704000000000001
-3.6168541666666667,5.673158333333334,0.08072
-1.8620833333333333,8.245770833333333,0.08065
0.2213333333333333,12.958316666666667,0.08361
-0.4887083333333333,7.276304166666667,0.08284
-2.47875,4.7977083333333335,0.07823999999999999
-2.9184375,5.139654166666666,0.07490999999999999
-2.37525,5.9898291666666665,0.07382999999999999
-4.2037866108786615,4.342807531380753,0.07478
-4.221395833333333,4.2846875,0.08875
-7.0713333333333335,1.3246208333333334,0.09598000000000001
-7.469791666666667,0.91955,0.10106
-8.164125,0.0,0.10166
-8.0345,0.0,0.09386
-8.145604166666667,0.0,0.09165000000000001
-8.0585625,0.0,0.08657
-7.934125,0.0,0.07970000000000001
-8.061020833333332,0.0,0.07842
-8.040979166666666,0.0,0.07657
-8.030020833333333,0.0,0.0728
-8.0346875,0.0,0.07395
-8.055083333333332,0.0,0.07964
-7.9991875,0.0,0.11017
-9.9338125,1.9359583333333332,0.126
-12.742958333333334,2.180016666666667,0.13191999999999998
-10.254958333333335,6.184625,0.13291999999999998
-8.121708333333332,9.005754166666668,0.12853
-2.7868541666666666,15.338916666666666,0.1261
-6.349833333333333,10.781075000000001,0.122
0.4469791666666667,21.328924999999998,0.11259999999999999
-5.640520833333333,8.205895833333335,0.10493999999999999
-0.2917708333333333,20.303045833333332,0.101
-5.5830625,8.037525,0.10099
-4.596166666666667,8.227783333333333,0.10958
-6.163270833333333,5.5212666666666665,0.11674
-7.749979166666667,1.7048333333333332,0.12847999999999998
-8.534166666666666,0.0013541666666666667,0.13004
-8.457729166666667,0.0,0.11447
-8.453708333333333,0.0,0.10664
-8.408,0.0,0.09359999999999999
-8.407479166666667,0.0,0.09487000000000001
-8.369875,0.0,0.09002
-8.451770833333335,0.0,0.08754
-8.373604166666667,0.0,0.08709
-8.455208333333333,0.0,0.08878
-8.239645833333334,0.0,0.09311
-8.2835625,0.0003333333333333333,0.115
-8.335479166666666,2.2603666666666666,0.13446
-6.636645833333333,6.676804166666667,0.13702
-5.767666666666667,9.8654375,0.13584000000000002
-3.3293125,12.543241666666669,0.12513
-1.0539121338912134,16.539933054393305,0.11619
0.5983541666666666,23.49382083333333,0.11361
3.314163179916318,31.26849790794979,0.10466
0.8934375,18.77877083333333,0.09720000000000001
0.7184791666666667,17.440587500000003,0.09523999999999999
-2.04975,9.081916666666666,0.09551000000000001
-1.747875,12.437149999999999,0.11045
-1.3461041666666667,9.8368125,0.12381
-4.367229166666667,2.4565791666666668,0.13407
-6.2100625,0.02434583333333333,0.1349
-8.594604166666667,0.0,0.12158
-9.467666666666666,0.0,0.10612
-7.902979166666667,0.0,0.0991
-7.712333333333333,0.0,0.09478
-7.755354166666667,0.0,0.09290999999999999
-7.989770833333333,0.0,0.09121
-7.80775,0.0,0.09009
-8.184979166666666,0.0,0.09312000000000001
-8.4384375,0.0,0.10054
-8.155604166666667,0.005475,0.1187
-8.240041666666666,2.6809625,0.13544
-4.550041666666667,8.3728625,0.14072
-0.3204791666666667,18.91518333333333,0.13
1.7890833333333334,28.971945833333333,0.11699
6.328645833333333,36.173991666666666,0.10975
13.0119375,36.5946875,0.10388
8.262770833333335,26.094233333333335,0.098
8.724979166666666,27.30057916666666,0.09498000000000001
5.893104166666667,21.160700000000002,0.09506
4.1085625,23.83032083333333,0.09761
0.8672083333333334,16.89920833333333,0.11612
0.11141666666666669,8.9503125,0.131
-0.03208333333333334,2.4301125000000003,0.14590999999999998
-2.4572916666666664,0.007858333333333333,0.14493
-4.222125,0.0,0.12576
-5.6056875,0.0,0.11439
-6.670770833333333,0.0,0.10273
-9.1561875,0.0,0.09841
-9.082145833333334,0.0,0.09684000000000001
-9.116104166666666,0.0,0.09525
-8.998625,0.0,0.09570999999999999
-9.126291666666667,0.0,0.09664
-9.540708333333335,0.0,0.10501
-8.915395833333333,0.0,0.12894
-9.723145833333334,2.3042375,0.15
-6.863604166666667,8.118266666666667,0.14637999999999998
-0.8516875,18.961925,0.1308
1.8253541666666668,29.693358333333332,0.11892
6.06025,36.5592125,0.113
15.4621875,39.75887916666667,0.10784
21.268541666666668,40.713604166666656,0.10099
19.389625,38.94252916666667,0.09797
17.07625,34.73139166666667,0.10504999999999999
10.538875,27.454179166666666,0.11244
2.1420416666666666,17.768987499999998,0.12265999999999999
0.0711875,9.011379166666668,0.138
-0.002895833333333333,2.164620833333333,0.15850999999999998
-0.5362291666666666,0.004233333333333334,0.15494
-4.583916666666667,0.0,0.13043000000000002
-4.282583333333333,0.0,0.11869
-6.3645625,0.0,0.11325
-8.028625,0.0,0.101
-8.973395833333335,0.0,0.09663
-9.107979166666667,0.0,0.09559999999999999
-9.097395833333334,0.0,0.09153
-9.043583333333334,0.0,0.09089
-9.227729166666666,0.0,0.0958
-9.0265,0.0,0.12246
-9.441506276150628,2.093878661087866,0.13744
-5.883333333333333,7.888120833333334,0.1347
-0.29625,18.801091666666668,0.12312999999999999
1.2216458333333333,29.48677916666667,0.10903
4.885104166666667,36.417004166666665,0.09902
16.2768125,39.574708333333334,0.08962
24.60970833333333,40.44531666666666,0.08848
22.85227083333333,38.478449999999995,0.08839
18.77895833333333,34.26920833333334,0.08992
12.341979166666667,27.145191666666665,0.09232
4.079375,17.3306375,0.11901
0.2923430962343096,8.765276150627615,0.13157
-0.09764583333333332,1.967125,0.14393
-0.05364583333333334,0.0001875,0.14338
-2.709205020920502,0.0,0.12994
-4.136229166666667,0.0,0.12096
-5.6403125,0.0,0.11785999999999999
-7.041354166666667,0.0,0.11415
-8.44875,0.0,0.10598
-8.231645833333333,0.0,0.09805
-8.354354166666665,0.0,0.09570999999999999
-8.140083333333333,0.0,0.09566
-8.273916666666667,0.0,0.09620000000000001
-8.4536875,0.0,0.1038
-6.616416666666667,2.017354166666667,0.12098
-2.0130416666666666,7.602258333333333,0.122
0.5179791666666667,18.076608333333333,0.11599
4.049708333333333,28.467599999999997,0.09566
12.280854166666666,35.366575,0.08947
24.969958333333327,38.48594166666667,0.08951
28.188166666666667,39.26515,0.08706
26.431458333333328,37.497841666666666,0.08416
22.0885,33.09268333333333,0.08646
15.189145833333335,26.096383333333332,0.08927
6.0103125,16.656554166666666,0.10754000000000001
0.4004166666666667,8.236225000000001,0.12733
-0.19979166666666662,1.7845374999999999,0.14255
-0.17247916666666666,0.0,0.1424
-3.078145833333333,0.0,0.12792
-5.164833333333333,0.0,0.12281
-8.929666666666666,0.0,0.10436
-10.099083333333335,0.0,0.10920999999999999
-9.966708333333333,0.0,0.09988
-9.736645833333334,0.0,0.09534999999999999
-9.92975,0.0,0.09254000000000001
-9.848333333333334,0.0,0.09204000000000001
-8.2526875,0.0,0.09256
-9.065916666666666,0.0,0.09381
-6.701520833333333,2.0070541666666664,0.09287999999999999
-1.765,7.711,0.09344
0.5067083333333333,17.159366666666664,0.09204000000000001
3.6008541666666667,26.54505,0.08868000000000001
11.379583333333334,34.48624166666667,0.08401
23.91391666666667,37.59014166666667,0.08147
27.708291666666668,38.297804166666666,0.06566
26.010083333333327,36.51194583333333,0.06006
21.66025,32.245866666666664,0.06909
14.38675,25.18475833333333,0.0849
5.309083333333333,16.095016666666666,0.09518
0.2836458333333333,7.6186625,0.12745
-0.2625625,0.7173291666666667,0.13869
-0.24441666666666662,0.0,0.13907
-2.532708333333333,0.0,0.129
-4.092708333333333,0.0,0.12199
-5.590583333333333,0.0,0.1041
-8.324333333333334,0.0,0.10532
-8.428229166666666,0.0,0.10479000000000001
-8.393083333333333,0.0,0.10185
-8.244458333333334,0.0,0.09797
-8.4209375,0.0,0.1
-8.212333333333333,0.0,0.11
-8.444958333333334,0.0,0.13597
-8.573229166666666,1.8514000000000002,0.165
-7.404291666666667,7.145204166666667,0.16
-0.6755833333333334,17.472224999999998,0.13926
0.8451666666666666,27.79069583333333,0.12804
4.408083333333333,34.477604166666666,0.1107
13.2408125,37.59768333333333,0.10557
18.784395833333328,38.743091666666665,0.10326
20.2375625,36.82923333333333,0.10549
16.316895833333334,32.45722083333333,0.11508
10.712625,25.2435625,0.12866999999999998
3.596083333333333,16.520466666666668,0.13773
-0.9242916666666666,7.971008333333333,0.15
-0.04310416666666666,2.2765125,0.19068000000000002
-0.126,0.0,0.18172
-0.8315625,0.0,0.14722
-4.0984375,0.0,0.13266
-4.7771875,0.0,0.11079
-7.598541666666667,0.0,0.11072
-7.986979166666667,0.0,0.112
-8.265666666666666,0.0,0.10851999999999999
-8.248729166666665,0.0,0.10787000000000001
-8.241354166666666,0.0,0.10798
-8.174145833333332,0.0,0.11081999999999999
-8.268645833333334,0.0,0.14196
-9.004145833333334,2.0980958333333333,0.16087
-6.894958333333333,6.377333333333333,0.16444
-2.023979166666667,14.716025,0.1425
0.7371041666666667,23.458345833333333,0.13451
1.0869791666666668,30.728575,0.12004000000000001
7.889958333333333,34.30141666666666,0.10862999999999999
14.039916666666667,35.193887499999995,0.10873000000000001
12.297270833333334,31.4387375,0.10828
15.163479166666667,27.76145,0.10798
7.752583333333333,22.486145833333328,0.11306999999999999
1.4321041666666667,13.214754166666667,0.13583
-0.028625,6.094458333333333,0.1459
-0.0693125,1.4358958333333331,0.18
-0.03920833333333334,0.0,0.16401
-2.337083333333333,0.0,0.14132
-4.433541666666667,0.0,0.1265
-5.424104166666667,0.0,0.10909999999999999
-7.3658125,0.0,0.115
-7.238791666666667,0.0,0.11
-7.749895833333333,0.0,0.10662
-8.1205625,0.0,0.10479999999999999
-7.5304375,0.0,0.10944
-8.197647058823529,0.0,0.11494
-8.636541666666666,0.0,0.145
-8.603041666666666,1.625225,0.15116
-8.053770833333333,6.737708333333333,0.14996
-0.4355,16.147395833333334,0.138
0.9874791666666666,26.307970833333332,0.12417
3.287333333333333,33.986125,0.10945999999999999
11.965125,37.64480416666667,0.10603
18.358,38.59546666666667,0.10301
18.774291666666667,36.6370375,0.10393000000000001
15.06234309623431,32.048677824267784,0.10908
6.863104166666667,24.6226375,0.11752
0.996125,15.271275,0.13603
-0.1605,7.014833333333333,0.14975
-0.10408333333333332,1.1326791666666665,0.16578
-0.3944583333333333,0.0,0.15236000000000002
-3.8946458333333336,0.0,0.13711
-5.585541666666667,0.0,0.12501
-6.832291666666667,0.0,0.11054
-8.672416666666667,0.0,0.10773
-8.308708333333334,0.0,0.10772
-8.567625,0.0,0.10503
-8.682333333333334,0.0,0.10188
-7.991458333333333,0.0,0.10316
-8.25125,0.0,0.10901999999999999
-9.07443722943723,0.0,0.13838
-7.7644979079497904,1.6869246861924687,0.14805000000000001
-6.752145833333333,6.265375,0.14943
-1.1484791666666667,16.112466666666666,0.14499
0.7779791666666667,26.240108333333332,0.13763999999999998
2.240583333333333,27.6722125,0.1187
6.669,33.36934166666667,0.11006
15.9345,39.089508333333335,0.11131999999999999
16.2089375,33.82017083333333,0.1133
13.5673125,30.5005625,0.12383
0.670375,10.49874166666667,0.137
0.45275,11.019304166666668,0.14598
-0.22791666666666663,4.647854166666667,0.15769999999999998
-0.5844166666666666,0.6662374999999999,0.17423
-3.205375,0.0,0.16848
-4.065458333333334,0.0,0.148
-6.300916666666667,0.0,0.13986
-8.104916666666666,0.0,0.12411
-8.3765,0.0,0.11901
-8.5941875,0.0,0.11443
-8.210625,0.0,0.11388
-7.840333333333333,0.0,0.11167
-8.352583333333333,0.0,0.11381999999999999
-8.7646875,0.0,0.11758
-8.20925,0.0,0.14545
-7.991416666666667,2.581491666666667,0.15807
-6.473875,7.300629166666667,0.16227
-4.542979166666667,12.381529166666667,0.15666
0.05125,18.983029166666668,0.14922
1.3374375,26.021941666666667,0.14422
1.4711715481171548,23.83413389121339,0.14
1.4073333333333333,21.77664583333333,0.128
1.9678125,17.2528125,0.12052
4.387354166666667,20.452554166666665,0.13061
3.224875,16.745720833333333,0.14009
-0.218326359832636,5.948430962343096,0.15247999999999998
-2.939395833333333,3.0638166666666664,0.15918000000000002
-5.308979166666667,0.17421666666666666,0.15958
-8.325020833333333,0.0,0.15931
-9.5696875,0.0,0.14864
-8.956666666666665,0.0,0.14152
-10.0760625,0.0,0.13266
-8.8800625,0.0,0.14016
-10.550083333333333,0.0,0.12977
-8.972666666666665,0.0,0.11596
-11.017395833333333,0.0,0.10981999999999999
-9.1368125,0.0,0.11001999999999999
-10.5989375,0.0,0.11120999999999999
-9.223791666666665,0.0,0.13006
-9.661729166666666,0.7211583333333333,0.13612
-6.543625,2.6357583333333334,0.14346
-6.343083333333333,4.632954166666666,0.14503
-2.2446041666666665,7.414375,0.14132
-1.3625416666666668,11.342554166666668,0.13368
6.605958333333333,29.12516666666667,0.12201999999999999
2.34275,20.007104166666668,0.11159000000000001
2.201625,20.1973625,0.10608
4.265020833333333,18.805241666666664,0.10781
2.159645833333333,12.250275,0.11236
0.3650833333333333,7.758720833333334,0.12919999999999998
0.026770833333333327,4.441175,0.14698
-0.16860416666666667,0.8063583333333334,0.15509
-1.9235416666666667,0.0,0.1539
-5.0184375,0.0,0.14503
-8.0274375,0.0,0.13868
-10.285916666666665,0.0,0.12108
-8.034625,0.0,0.10504999999999999
-10.387333333333334,0.0,0.09917000000000001
-8.184458333333334,0.0,0.09902
-9.437354166666665,0.0,0.09537999999999999
-8.2293125,0.0,0.09756999999999999
-9.718083333333334,0.0,0.09764
-8.9644375,0.0,0.09559000000000001
-8.731354166666666,1.2319458333333335,0.10134
-3.7719375,6.112370833333333,0.10640999999999999
0.21097916666666663,15.805549999999998,0.10717
2.190645833333333,26.222150000000003,0.10192
10.8620625,33.35691666666666,0.09972
16.3003125,31.650745833333332,0.09394
25.08702083333333,36.813449999999996,0.08106999999999999
17.172416666666667,28.8915875,0.06968
22.402125,32.086079166666664,0.07244
12.0036875,23.455737499999998,0.08713
5.032625,14.384225,0.09994
0.09452083333333332,5.8989875000000005,0.13637
-0.09008333333333332,0.5853458333333333,0.15
-0.034104166666666665,0.0,0.15416999999999997
-4.0099583333333335,0.0,0.13801
-3.7944583333333335,0.0,0.12907
-7.0965,0.0,0.10754000000000001
-8.587083333333334,0.0,0.11301
-9.282916666666667,0.0,0.1082
-8.32925,0.0,0.10392
-9.530875,0.0,0.10379000000000001
-8.1713125,0.0,0.10485
-9.722677824267784,0.0,0.11001000000000001
-9.152041666666666,0.0,0.15208000000000002
-9.338270833333334,1.3495666666666666,0.16093000000000002
-7.897510460251047,6.22444769874477,0.16671
-3.020895833333333,14.854208333333334,0.157
0.4825625,25.702858333333335,0.14793
2.9919791666666664,32.933225,0.14006
13.081270833333335,36.18339166666667,0.11884
12.739020833333335,35.7769125,0.1169
13.273354166666666,32.0857625,0.119
8.049083333333334,27.195416666666667,0.14163
2.3975625,19.90375,0.15093
0.1898125,10.192475,0.15909
-0.20535416666666662,5.267212499999999,0.18345
-0.08579166666666667,0.9238166666666668,0.20088
-3.7949375,0.0,0.19321000000000002
-5.882583333333333,0.0,0.16091
-9.751645833333335,0.0,0.14715
-8.696729166666666,0.0,0.13118000000000002
-9.877,0.0,0.12223
-8.654354166666666,0.0,0.12159
-9.7169375,0.0,0.11383
-9.1336875,0.0,0.10784
-9.541854166666665,0.0,0.11003
-9.083875,0.0,0.12203
-10.1126875,0.0,0.15550999999999998
-9.58825,1.467170833333333,0.16624
-8.050645833333332,6.6070125,0.17269
-2.5524166666666663,14.739929166666668,0.16290000000000002
0.652375,25.209508333333332,0.15215
2.0547291666666667,30.246858333333332,0.12401000000000001
6.433305439330544,30.591723849372386,0.12106
4.690481171548117,23.650146443514643,0.11727
2.8723125,21.147,0.12543
3.4555416666666665,20.372879166666667,0.15116
0.344875,13.77965,0.15872
-0.18214583333333328,7.011287500000001,0.168
-1.8825833333333333,2.8230625,0.18455000000000002
-8.456916666666666,0.09972083333333331,0.18819999999999998
-8.955895833333335,0.0,0.17425
-9.691270833333334,0.0,0.1554
-10.399208333333334,0.0,0.14465
-8.4125625,0.0,0.11798
-10.3071875,0.0,0.13508
-10.113520833333334,0.0,0.13340000000000002
-8.970583333333334,0.0,0.12894999999999998
-10.426979166666666,0.0,0.1231
-10.596375,0.0,0.12800999999999998
-10.0566875,0.0,0.13701
-9.146208333333334,0.0,0.16694
-13.3213125,0.0,0.18024
-16.8313125,1.5248,0.19211
-14.387645833333334,4.2482875,0.19132
-17.0057949790795,3.5654142259414225,0.18741999999999998
-9.858354166666667,11.271275,0.18080000000000002
-4.1448125,15.2671125,0.18
-5.0399375,15.35624166666667,0.17574
-10.098979166666666,10.347575,0.17576
-11.3603125,9.718608333333334,0.17909
-7.685,10.268783333333333,0.17997
-9.594479166666666,6.5878000000000005,0.19
-12.068958333333335,2.587804166666667,0.19278
-11.3916875,0.3401416666666667,0.19658
-11.863145833333334,0.0,0.19
-9.885875,0.0,0.17678
-10.818895833333334,0.0,0.16297999999999999
-9.4089375,0.0,0.15302000000000002
-10.740104166666667,0.0,0.13144999999999998
-10.507041666666666,0.0,0.12940000000000002
-9.9173125,0.0,0.11717
-10.5839375,0.0,0.11596
-9.841833333333334,0.0,0.11519
-10.6836875,0.0,0.13503
-9.721833333333334,0.0,0.16972
-12.280604166666667,0.0,0.194
-13.519770833333334,1.2476375,0.19781
-17.884832635983265,0.7179246861924686,0.19391
-15.697375,5.0469083333333336,0.18668
-8.894395833333334,10.310766666666666,0.181
-5.081125,12.9244125,0.15536000000000003
0.2577916666666667,21.388450000000002,0.14506
0.6396234309623432,21.705765690376566,0.13094
0.2576666666666667,18.641150000000003,0.13140000000000002
-1.840875,10.27125,0.13382
-2.0136041666666666,12.397741666666668,0.17871
-6.68675,3.7802291666666665,0.18811000000000003
-11.1236875,0.32640416666666666,0.19759000000000002
-10.401875,0.0,0.19802
-10.0116875,0.0,0.17978
-10.8588125,0.0,0.17042
-9.727375,0.0,0.1381
-10.739666666666666,0.0,0.12733
-10.091229166666666,0.0,0.12543
-10.449583333333335,0.0,0.12311
-10.298104166666667,0.0,0.11789
-9.536791666666666,0.0,0.12592
-10.544708333333334,0.0,0.13487000000000002
-9.222041666666666,0.0,0.16927
-10.700208333333334,0.8406083333333334,0.18197
-11.18652719665272,4.3426903765690374,0.18816999999999998
-8.8811875,8.676975,0.18286000000000002
-4.570458333333333,13.918825,0.17533
0.03410041841004184,20.42020920502092,0.16713
1.4892708333333333,26.756679166666665,0.1603
5.0165625,33.72156666666667,0.14066
9.851708333333335,28.769479166666667,0.14066
1.2864166666666668,15.354700000000001,0.14066
4.648979166666667,20.3776625,0.14066
3.250770833333333,16.005920833333334,0.16553
-4.1666666666666604e-05,5.146054166666667,0.18194
-0.0325625,0.5425291666666667,0.1879
-0.8073125,0.0,0.18519999999999998
-3.3441875,0.0,0.17904
-6.1105625,0.0,0.17127
-8.378875,0.0,0.15392
-8.78175,0.0,0.14959
-7.9545,0.0,0.13063999999999998
-8.28375,0.0,0.12543
-9.021604166666666,0.0,0.12062
-8.007895833333333,0.0,0.11502
-8.468645833333333,0.0,0.11701
-8.773479166666666,0.0,0.12706
-8.222729166666666,0.9392541666666668,0.14909
-4.583291666666667,5.2920541666666665,0.1625
0.26008333333333333,14.3679875,0.15509
2.217145833333333,24.50514583333333,0.13288
8.671208333333334,32.089616666666664,0.12484
19.180479166666668,35.27399166666667,0.11596
24.19189583333333,36.020583333333335,0.10511
23.598270833333327,32.94264166666667,0.1051
18.316833333333328,28.86789583333333,0.11009000000000001
8.6715625,18.3078625,0.12594
3.7259583333333337,12.724816666666667,0.13681000000000001
-0.029479166666666667,4.4853125,0.16997
-0.09302083333333332,0.2490166666666667,0.17991
-0.13127083333333334,0.0,0.17897
-2.3732291666666665,0.0,0.15131999999999998
-4.482729166666667,0.0,0.12373
-6.3848125,0.0,0.09763
-8.313458333333333,0.0,0.08170999999999999
-8.880916666666666,0.0,0.08005
-8.062375,0.0,0.07759999999999999
-8.429145833333333,0.0,0.07695
-8.122625,0.0,0.07282
-8.458479166666667,0.0,0.07576999999999999
-7.9766875,0.0,0.07661
-8.250541666666667,1.1911333333333334,0.07734999999999999
-3.5603541666666665,5.417925,0.08158
0.0145,14.399679166666669,0.08286
2.0035,24.061583333333328,0.08017
7.8353125,31.354108333333333,0.08065
19.696645833333328,34.315870833333335,0.08283
20.66683333333333,34.207658333333335,0.07912000000000001
0.9095416666666666,9.759370833333332,0.07415999999999999
12.528333333333334,23.062845833333334,0.07809999999999999
6.391833333333333,17.3004125,0.08375
0.5926666666666667,5.6514375,0.10507
-0.09147916666666668,1.4219416666666667,0.149
-0.14564583333333334,0.0,0.16763
-2.9257916666666666,0.0,0.17063
-3.6204791666666667,0.0,0.11963
-7.939,0.0,0.10876000000000001
-8.059604166666666,0.0,0.09568
-9.432895833333333,0.0,0.10179
-9.108770833333335,0.0,0.09604
-8.098541666666668,0.0,0.09874
-8.9468125,0.0,0.09856000000000001
-8.951833333333333,0.0,0.09387000000000001
-8.166020833333333,0.0,0.1182
-8.9485,0.0,0.16133
-12.382770833333334,0.13068333333333335,0.17952
-13.775791666666667,3.119295833333333,0.18863999999999997
-10.352916666666665,7.859929166666666,0.18
-6.584476987447699,13.87058158995816,0.17267
-1.958875,15.716179166666668,0.164
-4.307583333333333,12.238087499999999,0.155
0.06730125523012552,19.78789121338912,0.14976
0.2238958333333333,21.279091666666666,0.14228
0.02375,16.332275,0.15122
-0.503875,15.392566666666667,0.16288
-1.5407083333333333,10.329416666666667,0.17233
-7.135958333333333,2.5244875,0.17998
-9.9755,0.04280833333333333,0.205
-9.19725,0.0,0.18580000000000002
-9.35525,0.0,0.17115
-8.303666666666667,0.0,0.15453
-8.878770833333334,0.0,0.13348
-8.480541666666666,0.0,0.13012
-8.984604166666665,0.0,0.12800999999999998
-8.090895833333333,0.0,0.12134
-8.454083333333333,0.0,0.11494
-8.073791666666667,0.0,0.11904
-9.0673125,0.0,0.13146000000000002
-8.235146443514644,0.0,0.17
-9.594166666666666,0.5767125,0.18959
-10.321729166666666,4.027716666666666,0.19
-8.165166666666668,8.4771625,0.17692
-3.3112916666666665,15.352408333333333,0.1601
1.7973958333333333,29.61502083333333,0.15180000000000002
3.3239166666666664,25.632204166666664,0.14506
5.865791666666667,34.176183333333334,0.1325
8.712604166666667,30.2731875,0.12971000000000002
11.974,28.128629166666666,0.12853
6.67475,19.4771375,0.1325
1.2867708333333332,10.864920833333333,0.16247999999999999
-0.024288702928870292,3.804150627615063,0.17488
-0.04864583333333333,0.16398333333333331,0.19
-0.35541666666666666,0.0,0.18287
-3.382583333333333,0.0,0.16308
-4.370520833333333,0.0,0.1413
-8.4416875,0.0,0.13118000000000002
-8.275229166666666,0.0,0.10521
-7.9101875,0.0,0.10098
-8.5116875,0.0,0.09725
-8.6274375,0.0,0.09459999999999999
-8.658,0.0,0.10004
-7.928541666666667,0.0,0.11909
-9.407375,0.0,0.17451
-10.528416666666667,0.9671833333333332,0.2
-8.337333333333333,5.8931125,0.21381
-5.7691875,11.760370833333333,0.18525999999999998
0.218125,23.267037499999997,0.17015
1.724125,31.399529166666667,0.15993000000000002
4.678828451882845,32.76468619246862,0.151
11.339145833333333,33.428020833333335,0.13969
7.153666666666667,27.844429166666664,0.13232
2.7442916666666664,23.55762083333333,0.13233
2.1318541666666664,19.0225125,0.13997
-0.2361875,7.351375,0.1659
-0.158875,2.082020833333333,0.18378999999999998
-1.0720416666666668,0.06304583333333333,0.19978
-5.636958333333333,0.0,0.17682
-9.034541666666666,0.0,0.15765
-9.392354166666665,0.0,0.11334999999999999
-9.3398125,0.0,0.09001
-9.138,0.0,0.09552
-8.9364375,0.0,0.09705
-8.920291666666666,0.0,0.08423
-8.9646875,0.0,0.07532
-8.9016875,0.0,0.07006
-9.303875,0.0,0.07891
-8.878416666666666,0.0,0.12002
-11.429958333333333,0.5950958333333333,0.15386000000000002
-12.205604166666665,4.277845833333334,0.13944
-5.1223125,13.2228125,0.09652
-0.0005833333333333334,23.628508333333333,0.06835
2.7658541666666667,32.00306666666667,0.05425
7.6650625,35.5345375,0.02357
12.712916666666667,36.261362500000004,0.00011999999999999999
10.521375,33.387058333333336,8e-05
8.976416666666665,28.1130125,0.01005
3.8046875,19.815066666666667,0.05317
0.0268125,11.086379166666667,0.059789999999999996
-0.180875,3.8078625,0.09201000000000001
-2.717895833333333,0.18205833333333332,0.09786
-4.114854166666667,0.0,0.09215999999999999
-6.32075,0.0,0.06747
-9.163625,0.0,0.06861
-9.408291666666667,0.0,0.057409999999999996
-9.314708333333334,0.0,0.06336
-9.085604166666666,0.0,0.05782
-9.165270833333334,0.0,0.05783
-9.108229166666666,0.0,0.060450000000000004
-9.3391875,0.0,0.06786
-9.202854166666667,0.0,0.08785
-9.1356875,0.0,0.15009999999999998
-11.209708333333333,0.5378624999999999,0.17095
-10.930627615062761,4.046447698744769,0.17695
-4.930270833333333,12.428379166666668,0.14956999999999998
0.2354583333333333,22.568420833333334,0.13754
0.8013333333333333,30.4832875,0.10701000000000001
3.6352916666666664,33.812050000000006,0.08926
10.472916666666666,34.38073333333333,0.08714
9.920458333333334,31.91585,0.08209999999999999
9.5799375,26.947083333333328,0.08294
3.9192291666666663,18.290758333333333,0.08823
0.6696875,10.194525,0.11923
-0.13545833333333335,3.1464833333333333,0.1663
-1.6231041666666668,0.06914583333333332,0.18121
-4.238708333333333,0.0,0.14884
-3.6634791666666664,0.0,0.10954000000000001
-7.446583333333333,0.0,0.09043000000000001
-9.468770833333334,0.0,0.08303
-9.379354166666666,0.0,0.09959
-9.432020833333334,0.0,0.10367
-9.282125,0.0,0.10209
-9.515416666666667,0.0,0.10201
-9.385895833333334,0.0,0.10761
-9.676041666666666,0.0,0.09949
-9.067583333333333,0.0,0.1075
-8.539020833333334,0.5178583333333333,0.11634
-5.333770833333333,4.0475666666666665,0.12858
-0.16720833333333335,12.573420833333333,0.12321
1.1746458333333332,22.662225,0.10942
4.999104166666667,30.5076,0.10262
14.2764375,33.3839375,0.09409000000000001
19.389791666666667,33.49245833333334,0.09704
19.1885,30.636116666666666,0.10075
13.04125,23.832545833333334,0.11206999999999999
5.291375,15.82325,0.12599
0.5565625,8.199004166666667,0.16278
-0.10385416666666669,2.250766666666667,0.17796
-0.13814583333333336,0.11114166666666668,0.20801
-3.3334791666666663,0.0,0.18816999999999998
-4.3356875,0.0,0.1699
-7.061625,0.0,0.16491
-9.629041666666666,0.0,0.15830000000000002
-9.7378125,0.0,0.14528
-9.759395833333334,0.0,0.12495
-9.544104166666665,0.0,0.11345999999999999
-9.548791666666666,0.0,0.10611
-9.5045,0.0,0.10509
-9.7445,0.0,0.10468000000000001
-9.589958333333334,0.0,0.11195999999999999
-8.810125,0.5893708333333333,0.11309000000000001
-5.043166666666667,4.889829166666666,0.11781
-3.213375,6.796679166666666,0.11534
-3.4859791666666666,6.704433333333333,0.11211
-3.272020833333333,7.471375,0.10631
1.8132708333333332,19.819266666666664,0.10298
5.180166666666667,29.437054166666666,0.09312999999999999
0.06600418410041842,7.998276150627615,0.09065000000000001
-0.054416666666666655,5.50115,0.09479000000000001
0.10222916666666669,8.146254166666667,0.11233
-1.47675,4.481608333333334,0.13736
-5.989729166666667,1.0427541666666666,0.1708
-7.7885,0.014379166666666667,0.18585
-9.584,0.0,0.17918
-9.840583333333335,0.0,0.16652
-9.566125,0.0,0.16394
-9.4261875,0.0,0.1435
-8.956,0.0,0.13327
-9.070166666666665,0.0,0.11203
-9.2354375,0.0,0.10599
-9.5515,0.0,0.1
-9.185854166666665,0.0,0.10223
-8.953645833333335,0.0,0.11309000000000001
-9.622895833333335,0.0,0.17178
-11.340458333333334,0.6166416666666666,0.18472999999999998
-10.049354166666665,4.386945833333333,0.19084
-3.8703333333333334,11.94,0.181
-0.7414225941422594,21.23998744769874,0.17215
0.585375,26.423154166666666,0.15997999999999998
2.5370416666666666,34.06036666666667,0.14497
1.0085,23.53152916666667,0.11932
5.268270833333333,28.36739583333333,0.11633
1.4843541666666666,16.719549999999998,0.12085
-0.24264583333333328,5.50995,0.14243
-0.18760416666666663,4.208399999999999,0.16354
-5.359354166666667,3.2291583333333334,0.1731
-10.201041666666667,0.03974583333333333,0.18519
-11.146708333333335,0.0,0.16996
-11.083666666666666,0.0,0.15
-11.146083333333333,0.0,0.12748
-11.220270833333334,0.0,0.09698000000000001
-11.011083333333334,0.0,0.10523
-11.1286875,0.0,0.09989
-10.626770833333333,0.0,0.09837
-11.574020833333334,0.0,0.09809999999999999
-10.63725,0.0,0.10597
-10.635083333333334,0.0,0.11991
-10.554375,0.0,0.17052
-11.7786875,0.6746458333333334,0.19021000000000002
-11.533458333333334,4.530829166666666,0.1951
-6.863854166666667,10.4935875,0.18794
-2.0196428571428573,17.0800756302521,0.17421
-5.0895,16.64425,0.16176
3.036171548117155,30.45307531380753,0.14264
2.622364016736401,34.02413807531381,0.13554
0.9658333333333333,21.17499583333333,0.13313999999999998
0.3231041666666667,21.315841666666667,0.1468
1.080625,16.29896666666667,0.165
0.01125,7.986129166666666,0.18009999999999998
-3.4264791666666663,3.660375,0.19769
-6.404625,0.0087625,0.23701
-8.041270833333334,0.0,0.19533
-10.738833333333334,0.0,0.17712999999999998
-10.795625,0.0,0.16491
-10.839583333333334,0.0,0.13957
-10.977333333333334,0.0,0.12054999999999999
-10.60975,0.0,0.11083
-11.167041666666666,0.0,0.09534999999999999
-10.882479166666666,0.0,0.08853
-10.8099375,0.0,0.08773
-10.809458333333334,0.0,0.10406
-10.7590625,0.0,0.16268000000000002
-12.864104166666666,0.30624583333333333,0.19493000000000002
-14.604895833333334,2.9149499999999997,0.20451
-7.636708333333333,11.259316666666667,0.19528
-3.579125,16.031879166666666,0.18359
-6.184166666666667,12.33145,0.1689
-0.6741041666666666,24.682729166666668,0.12941
-3.8177083333333335,10.144054166666669,0.11131
-5.045458333333333,15.189895833333335,0.10834999999999999
-11.998729166666665,5.952579166666666,0.10201
-8.298708333333334,7.428991666666667,0.10661
-8.413645833333334,5.845899999999999,0.12772
-9.7696875,2.911645833333333,0.17323
-10.939583333333333,0.0007916666666666666,0.18812
-10.632104166666666,0.0,0.16144
-10.5654375,0.0,0.10006999999999999
-10.397854166666667,0.0,0.09373000000000001
-10.3821875,0.0,0.08059000000000001
-10.3765625,0.0,0.0703
-10.266166666666667,0.0,0.06522
-9.5090625,0.0,0.061079999999999995
-9.617354166666667,0.0,0.059090000000000004
-9.5106875,0.0,0.062130000000000005
-9.354020833333333,0.0,0.06987
-9.589416666666667,0.0,0.11205
-12.202666666666666,0.2762333333333333,0.15869999999999998
-11.955979166666665,3.4184375,0.15058000000000002
-5.374229166666667,12.009887500000001,0.12607
-2.218645833333333,16.1408,0.10205
2.331333333333333,32.34850833333333,0.09201999999999999
2.3796666666666666,30.315279166666667,0.07909999999999999
3.0946875,28.8595625,0.07959000000000001
1.6007916666666668,17.7013625,0.07837000000000001
2.6490416666666663,25.0402625,0.09512000000000001
0.3470416666666667,17.1467875,0.11819
0.09257322175732216,9.598669456066945,0.17665999999999998
-0.1775625,2.5776833333333333,0.20103000000000001
-3.4538125,0.0031625,0.21993000000000001
-6.7586875,0.0,0.19528
-8.461666666666666,0.0,0.14294
-9.180104166666666,0.0,0.10479999999999999
-9.211479166666667,0.0,0.08153
