"Time","Power Consumption 0445-ZE01-70","Power Consumption 0445-ZE02-70","Power Consumption 0445-ZE11-71","Power Consumption 0445-ZE13-71"
2022-05-01 00:00:00,3.02,3.77,0,
2022-05-01 02:00:00,2.98,3.77,0,
2022-05-01 04:00:00,2.99,3.78,0,
2022-05-01 06:00:00,2.41,3.77,0.438,
2022-05-01 08:00:00,0.594,3.77,2.32,
2022-05-01 10:00:00,0.0234,3.78,3.11,
2022-05-01 12:00:00,0.00781,3.77,3.48,
2022-05-01 14:00:00,0.00781,3.77,3.84,
2022-05-01 16:00:00,0,3.78,3.88,
2022-05-01 18:00:00,0.0313,3.75,3.74,
2022-05-01 20:00:00,1.55,3.75,1.80,
2022-05-01 22:00:00,2.90,3.77,0.270,
2022-05-02 00:00:00,3.20,3.77,0,
2022-05-02 02:00:00,3.03,3.76,0,
2022-05-02 04:00:00,3.35,3.76,0.0100,
2022-05-02 06:00:00,3.45,3.77,0.610,
2022-05-02 08:00:00,0.922,3.75,3.91,
2022-05-02 10:00:00,0.445,3.76,5.48,
2022-05-02 12:00:00,0.00781,3.79,7.23,
2022-05-02 14:00:00,0.0156,3.84,7.79,
2022-05-02 16:00:00,0.0938,3.79,6.01,
2022-05-02 18:00:00,0.953,3.74,4.03,
2022-05-02 20:00:00,2.96,3.69,0.904,
2022-05-02 22:00:00,3.04,3.71,0,
2022-05-03 00:00:00,3.20,3.70,0.00800,
2022-05-03 02:00:00,3.05,3.71,0.0100,
2022-05-03 04:00:00,3.16,3.69,0.0140,
2022-05-03 06:00:00,3.45,3.60,0.480,
2022-05-03 08:00:00,1.07,3.63,3.43,
2022-05-03 10:00:00,0.00781,3.63,5.54,
2022-05-03 12:00:00,0.117,3.68,8.34,
2022-05-03 14:00:00,0.141,3.73,6.35,
2022-05-03 16:00:00,0.148,3.73,5.39,
2022-05-03 18:00:00,2.20,3.69,2.13,
2022-05-03 20:00:00,3.63,3.70,0.00800,
2022-05-03 22:00:00,3.31,3.69,0,
2022-05-04 00:00:00,3.15,3.65,0.00800,
2022-05-04 02:00:00,3.37,3.63,0.0160,
2022-05-04 04:00:00,3.26,3.63,0.0220,
2022-05-04 06:00:00,3.34,3.63,0.478,
2022-05-04 08:00:00,0.914,3.63,4.19,
2022-05-04 10:00:00,0.0313,3.64,5.80,
2022-05-04 12:00:00,0.0313,3.66,6.35,
2022-05-04 14:00:00,0.00781,3.68,8.69,
2022-05-04 16:00:00,0.0625,3.71,5.76,
2022-05-04 18:00:00,0.461,3.81,3.67,
2022-05-04 20:00:00,2.79,3.83,0.966,
2022-05-04 22:00:00,3.23,3.80,0,
2022-05-05 00:00:00,3.20,3.82,0.0100,
2022-05-05 02:00:00,3.37,3.78,0,
2022-05-05 04:00:00,3.49,3.70,0.0200,
2022-05-05 06:00:00,3.47,3.70,0.306,
2022-05-05 08:00:00,3.91,3.68,0.932,
2022-05-05 10:00:00,4.38,3.67,1.28,
2022-05-05 12:00:00,3.85,3.71,1.63,
2022-05-05 14:00:00,2.05,3.82,3.07,
2022-05-05 16:00:00,2.07,3.80,2.84,
2022-05-05 18:00:00,3.32,3.82,0.856,
2022-05-05 20:00:00,3.37,3.80,0.170,
2022-05-05 22:00:00,2.97,3.82,0,
2022-05-06 00:00:00,2.93,3.81,0,
2022-05-06 02:00:00,3.04,3.80,0,
2022-05-06 04:00:00,2.95,3.81,0,
2022-05-06 06:00:00,2.98,3.77,0.350,
2022-05-06 08:00:00,2.96,3.75,1.71,
2022-05-06 10:00:00,0.398,3.76,4.52,
2022-05-06 12:00:00,0.00781,3.77,5.90,
2022-05-06 14:00:00,0,3.74,8.40,
2022-05-06 16:00:00,0,3.77,7.61,
2022-05-06 18:00:00,0.0391,3.77,3.84,
2022-05-06 20:00:00,0.0859,3.73,2.72,
2022-05-06 22:00:00,1.36,3.74,1.13,
2022-05-07 00:00:00,2.34,3.76,0,
2022-05-07 02:00:00,2.28,3.77,0,
2022-05-07 04:00:00,2.27,3.76,0.0180,
2022-05-07 06:00:00,1.51,3.74,0.640,
2022-05-07 08:00:00,0.0391,3.73,2.56,
2022-05-07 10:00:00,0,3.73,6.45,
2022-05-07 12:00:00,0,3.70,9.87,
2022-05-07 14:00:00,0,3.70,7.50,
2022-05-07 16:00:00,0.00781,3.70,5.18,
2022-05-07 18:00:00,0.0313,3.70,3.40,
2022-05-07 20:00:00,0.0703,3.70,2.32,
2022-05-07 22:00:00,0.836,3.70,1.65,
2022-05-08 00:00:00,2.34,3.72,0,
2022-05-08 02:00:00,2.48,3.72,0,
2022-05-08 04:00:00,2.31,3.70,0,
2022-05-08 06:00:00,1.52,3.67,0.686,
2022-05-08 08:00:00,0.0703,3.67,2.54,
2022-05-08 10:00:00,0,3.68,5.33,
2022-05-08 12:00:00,0,3.67,8.50,
2022-05-08 14:00:00,0,3.67,9.38,
2022-05-08 16:00:00,0,3.68,6.87,
2022-05-08 18:00:00,0.0391,3.67,2.93,
2022-05-08 20:00:00,0.594,3.68,1.88,
2022-05-08 22:00:00,1.08,3.68,1.39,
2022-05-09 00:00:00,2.33,3.67,0.0840,
2022-05-09 02:00:00,2.50,3.67,0,
2022-05-09 04:00:00,2.45,3.68,0.00800,
2022-05-09 06:00:00,2.24,3.65,0.668,
2022-05-09 08:00:00,0.305,3.66,3.92,
2022-05-09 10:00:00,0,3.66,6.56,
2022-05-09 12:00:00,0,3.67,9.58,
2022-05-09 14:00:00,0.00781,3.71,9.99,
2022-05-09 16:00:00,0.0938,3.66,7.12,
2022-05-09 18:00:00,0.281,3.65,3.83,
2022-05-09 20:00:00,1.27,3.64,1.87,
2022-05-09 22:00:00,2.22,3.64,0.426,
2022-05-10 00:00:00,2.58,3.61,0,
2022-05-10 02:00:00,2.73,3.61,0,
2022-05-10 04:00:00,2.70,3.61,0.00800,
2022-05-10 06:00:00,2.13,3.61,0.926,
2022-05-10 08:00:00,0.492,3.62,3.96,
2022-05-10 10:00:00,0,3.63,6.62,
2022-05-10 12:00:00,0,3.61,8.24,
2022-05-10 14:00:00,0,3.62,8.11,
2022-05-10 16:00:00,0.117,3.63,5.61,
2022-05-10 18:00:00,0.758,3.63,3.63,
2022-05-10 20:00:00,2.52,3.60,1.04,
2022-05-10 22:00:00,2.73,3.61,0,
2022-05-11 00:00:00,2.60,3.58,0.00600,
2022-05-11 02:00:00,2.73,3.56,0.0120,
2022-05-11 04:00:00,2.72,3.58,0.0100,
2022-05-11 06:00:00,2.52,3.56,0.636,
2022-05-11 08:00:00,0.492,3.57,4.06,
2022-05-11 10:00:00,0,3.57,6.81,
2022-05-11 12:00:00,0,3.60,9.31,
2022-05-11 14:00:00,0.305,3.71,9.27,
2022-05-11 16:00:00,0.0938,3.74,7.01,
2022-05-11 18:00:00,0.688,3.78,4.63,
2022-05-11 20:00:00,3,3.71,1.59,
2022-05-11 22:00:00,3.38,3.65,0.0640,
2022-05-12 00:00:00,3.51,3.64,0,
2022-05-12 02:00:00,3.40,3.63,0.0100,
2022-05-12 04:00:00,3.38,3.62,0.0100,
2022-05-12 06:00:00,3.20,3.61,0.360,
2022-05-12 08:00:00,1.45,3.66,3.21,
2022-05-12 10:00:00,0.383,3.69,5.62,
2022-05-12 12:00:00,0.172,3.74,7.10,
2022-05-12 14:00:00,0.117,3.77,8.12,
2022-05-12 16:00:00,0.609,3.70,5.57,
2022-05-12 18:00:00,2.45,3.64,2.24,
2022-05-12 20:00:00,3.95,3.59,0.170,
2022-05-12 22:00:00,3.60,3.59,0,
2022-05-13 00:00:00,3.67,3.58,0,
2022-05-13 02:00:00,3.65,3.56,0,
2022-05-13 04:00:00,3.47,3.56,0,
2022-05-13 06:00:00,3.91,3.57,0.170,
2022-05-13 08:00:00,4.04,3.62,1.26,
2022-05-13 10:00:00,0.930,3.65,5.91,
2022-05-13 12:00:00,0,3.68,8.64,
2022-05-13 14:00:00,0,3.80,9.48,
2022-05-13 16:00:00,0.0234,3.88,7.57,
2022-05-13 18:00:00,0.0781,3.88,4.69,
2022-05-13 20:00:00,0.789,3.84,2.85,
2022-05-13 22:00:00,2.94,3.83,0.322,
2022-05-14 00:00:00,2.91,3.82,0,
2022-05-14 02:00:00,2.74,3.83,0.00800,
2022-05-14 04:00:00,2.91,3.80,0.0100,
2022-05-14 06:00:00,2.02,3.81,0.670,
2022-05-14 08:00:00,0.0391,3.82,3.04,
2022-05-14 10:00:00,0,3.80,6.34,
2022-05-14 12:00:00,0,3.82,10.4,
2022-05-14 14:00:00,0,3.80,10.00,
2022-05-14 16:00:00,0.00781,3.81,7.15,
2022-05-14 18:00:00,0.0781,3.80,3.78,
2022-05-14 20:00:00,0.164,3.80,2.85,
2022-05-14 22:00:00,1.75,3.82,1.21,
2022-05-15 00:00:00,2.51,3.81,0,
2022-05-15 02:00:00,2.88,3.80,0,
2022-05-15 04:00:00,2.47,3.80,0,
2022-05-15 06:00:00,1.93,3.79,0.736,
2022-05-15 08:00:00,0.117,3.80,3.02,
2022-05-15 10:00:00,0,3.77,5.79,
2022-05-15 12:00:00,0,3.78,10.2,
2022-05-15 14:00:00,0,3.80,9.92,
2022-05-15 16:00:00,0.00781,3.83,7.24,
2022-05-15 18:00:00,0.0313,3.84,3.74,
2022-05-15 20:00:00,0.188,3.84,2.97,
2022-05-15 22:00:00,2.20,3.86,1.07,
2022-05-16 00:00:00,3,3.85,0,
2022-05-16 02:00:00,3.04,3.85,0,
2022-05-16 04:00:00,2.92,3.85,0.00800,
2022-05-16 06:00:00,2.62,3.85,0.628,
2022-05-16 08:00:00,1.55,3.84,3.26,
2022-05-16 10:00:00,0.281,3.74,5.53,
2022-05-16 12:00:00,0.227,3.78,5.64,
2022-05-16 14:00:00,0.320,3.81,5.69,
2022-05-16 16:00:00,0.0625,3.77,5.24,
2022-05-16 18:00:00,1.06,3.73,3.36,
2022-05-16 20:00:00,3.46,3.75,0.410,
2022-05-16 22:00:00,3.51,3.75,0,
2022-05-17 00:00:00,3.48,3.75,0,
2022-05-17 02:00:00,3.41,3.75,0,
2022-05-17 04:00:00,3.45,3.77,0.00600,
2022-05-17 06:00:00,2.62,3.74,0.956,
2022-05-17 08:00:00,0.398,3.76,4.14,
2022-05-17 10:00:00,0.0156,3.74,5.54,
2022-05-17 12:00:00,0.00781,3.76,8.61,
2022-05-17 14:00:00,0.00781,3.76,9.06,
2022-05-17 16:00:00,0.0156,3.73,7.54,
2022-05-17 18:00:00,0.0938,3.80,4.94,
2022-05-17 20:00:00,1.50,3.84,2.97,
2022-05-17 22:00:00,3.48,3.87,0.0680,
2022-05-18 00:00:00,3.41,3.83,0,
2022-05-18 02:00:00,3.51,3.82,0.0160,
2022-05-18 04:00:00,3.45,3.82,0.0100,
2022-05-18 06:00:00,2.76,3.82,0.860,
2022-05-18 08:00:00,0.438,3.80,4.35,
2022-05-18 10:00:00,0.0156,3.78,6.72,
2022-05-18 12:00:00,0,3.88,9.36,
2022-05-18 14:00:00,0,3.92,9.72,
2022-05-18 16:00:00,0.00781,4.18,7.62,
2022-05-18 18:00:00,0.172,4.30,5.45,
2022-05-18 20:00:00,2.45,4.30,2.52,
2022-05-18 22:00:00,3.76,4.30,0,
2022-05-19 00:00:00,3.61,4.30,0,
2022-05-19 02:00:00,3.52,4.26,0.0180,
2022-05-19 04:00:00,3.48,4.27,0,
2022-05-19 06:00:00,2.72,4.27,0.834,
2022-05-19 08:00:00,0.727,4.27,4.23,
2022-05-19 10:00:00,0.0156,4.28,6.71,
2022-05-19 12:00:00,0,4.27,8.19,
2022-05-19 14:00:00,0.0156,4.26,8.47,
2022-05-19 16:00:00,0.0938,4.23,7.02,
2022-05-19 18:00:00,0.633,4.19,5.32,
2022-05-19 20:00:00,3.75,3.93,1.01,
2022-05-19 22:00:00,3.54,4.17,0,
2022-05-20 00:00:00,3.49,4.23,0,
2022-05-20 02:00:00,3.38,4.22,0.00800,
2022-05-20 04:00:00,3.31,4.16,0.0140,
2022-05-20 06:00:00,2.66,4.11,0.730,
2022-05-20 08:00:00,0.414,3.96,3.88,
2022-05-20 10:00:00,0,4.02,6.18,
2022-05-20 12:00:00,0,4.23,9.37,
2022-05-20 14:00:00,0.148,4.23,8.52,
2022-05-20 16:00:00,0.672,4.20,5.11,
2022-05-20 18:00:00,2.25,4.13,3.07,
2022-05-20 20:00:00,4.43,4.16,0.152,
2022-05-20 22:00:00,3.67,4.16,0,
2022-05-21 00:00:00,3.53,4.16,0.0160,
2022-05-21 02:00:00,3.34,4.18,0.0100,
2022-05-21 04:00:00,3.18,4.14,0.00800,
2022-05-21 06:00:00,1.98,4.13,0.984,
2022-05-21 08:00:00,0.242,4.16,3.20,
2022-05-21 10:00:00,0.0234,4.20,4.58,
2022-05-21 12:00:00,0,4.20,9.35,
2022-05-21 14:00:00,0.00781,3.92,9.67,
2022-05-21 16:00:00,0.00781,3.73,6.15,
2022-05-21 18:00:00,0.0469,3.73,3.80,
2022-05-21 20:00:00,0.172,3.74,3.07,
2022-05-21 22:00:00,2.70,3.76,0.664,
2022-05-22 00:00:00,3.11,3.77,0,
2022-05-22 02:00:00,3.02,3.75,0.00800,
2022-05-22 04:00:00,3.01,3.73,0.0100,
2022-05-22 06:00:00,2.02,3.73,0.862,
2022-05-22 08:00:00,0.109,3.75,3.19,
2022-05-22 10:00:00,0,3.75,6.51,
2022-05-22 12:00:00,0,3.76,10.7,
2022-05-22 14:00:00,0,3.74,9.44,
2022-05-22 16:00:00,0.0234,3.75,4.51,
2022-05-22 18:00:00,0.109,3.73,3.22,
2022-05-22 20:00:00,1.38,3.73,2.11,
2022-05-22 22:00:00,3.28,3.75,0,
2022-05-23 00:00:00,3.34,3.75,0,
2022-05-23 02:00:00,3.14,3.76,0.0180,
2022-05-23 04:00:00,3.16,3.73,0,
2022-05-23 06:00:00,3.08,3.68,0.334,
2022-05-23 08:00:00,1.70,3.90,3.01,
2022-05-23 10:00:00,0.117,4.03,6.01,
2022-05-23 12:00:00,0.977,4.02,4.80,
2022-05-23 14:00:00,1.55,4.02,4.53,
2022-05-23 16:00:00,0.0391,4.08,6.18,
2022-05-23 18:00:00,1.67,3.91,3.46,
2022-05-23 20:00:00,3.94,3.76,0.112,
2022-05-23 22:00:00,3.42,3.77,0,
2022-05-24 00:00:00,3.38,3.77,0,
2022-05-24 02:00:00,3.47,3.77,0,
2022-05-24 04:00:00,3.28,3.76,0,
2022-05-24 06:00:00,2.95,3.77,0.720,
2022-05-24 08:00:00,2.27,3.79,2.07,
2022-05-24 10:00:00,0.273,4.09,5.85,
2022-05-24 12:00:00,0.0469,4.10,6.71,
2022-05-24 14:00:00,0.0469,4.16,6.96,
2022-05-24 16:00:00,0.0625,4.17,7.24,
2022-05-24 18:00:00,0.0781,4.16,5.03,
2022-05-24 20:00:00,2.27,4.11,2.50,
2022-05-24 22:00:00,3.73,4.11,0.128,
2022-05-25 00:00:00,3.72,4.09,0,
2022-05-25 02:00:00,3.78,4.09,0.00800,
2022-05-25 04:00:00,3.78,4.10,0,
2022-05-25 06:00:00,3.30,4.03,0.780,
2022-05-25 08:00:00,0.406,4.02,4.43,
2022-05-25 10:00:00,0.0469,4.02,6.03,
2022-05-25 12:00:00,0.0859,3.84,6.29,
2022-05-25 14:00:00,0.0625,3.91,7.32,
2022-05-25 16:00:00,0.0703,4.02,7.06,
2022-05-25 18:00:00,0.0938,4.11,4.53,
2022-05-25 20:00:00,1,4.06,3.05,
2022-05-25 22:00:00,3.05,4.06,0.436,
2022-05-26 00:00:00,3.30,4.05,0,
2022-05-26 02:00:00,3.41,4.05,0,
2022-05-26 04:00:00,3.16,4.05,0,
2022-05-26 06:00:00,2.59,4.04,0.660,
2022-05-26 08:00:00,0.492,4.05,2.94,
2022-05-26 10:00:00,0.0625,4.04,3.54,
2022-05-26 12:00:00,0.0859,4.04,3.75,
2022-05-26 14:00:00,0.0156,4.04,4.65,
2022-05-26 16:00:00,0,4.02,5.68,
2022-05-26 18:00:00,0.0703,3.90,4.11,
2022-05-26 20:00:00,0.625,3.88,3.12,
2022-05-26 22:00:00,3.23,3.88,0.00200,
2022-05-27 00:00:00,3.39,3.88,0,
2022-05-27 02:00:00,3.30,3.88,0.00800,
2022-05-27 04:00:00,3.22,3.88,0,
2022-05-27 06:00:00,3.27,3.87,0.272,
2022-05-27 08:00:00,2.38,3.88,1.21,
2022-05-27 10:00:00,0.750,3.88,3.02,
2022-05-27 12:00:00,0.0313,3.94,4.12,
2022-05-27 14:00:00,0.219,3.96,3.65,
2022-05-27 16:00:00,0.0234,3.96,4.44,
2022-05-27 18:00:00,0.0469,3.93,3.81,
2022-05-27 20:00:00,1.30,3.92,2.02,
2022-05-27 22:00:00,3.02,3.93,0.154,
2022-05-28 00:00:00,3,3.84,0,
2022-05-28 02:00:00,2.91,3.70,0,
2022-05-28 04:00:00,2.80,3.69,0.00600,
2022-05-28 06:00:00,1.34,3.69,1.09,
2022-05-28 08:00:00,0.0391,3.69,3.25,
2022-05-28 10:00:00,0.00781,3.70,6.91,
2022-05-28 12:00:00,0,3.71,8.98,
2022-05-28 14:00:00,0,3.68,8.35,
2022-05-28 16:00:00,0.0391,3.68,7.34,
2022-05-28 18:00:00,0.352,3.68,2.80,
2022-05-28 20:00:00,0.891,3.69,2.10,
2022-05-28 22:00:00,2.49,3.69,0.504,
2022-05-29 00:00:00,2.88,3.69,0,
2022-05-29 02:00:00,2.86,3.68,0,
2022-05-29 04:00:00,2.78,3.69,0.00800,
2022-05-29 06:00:00,1.93,3.68,0.604,
2022-05-29 08:00:00,0.188,3.69,2.83,
2022-05-29 10:00:00,0.133,3.68,3.04,
2022-05-29 12:00:00,0,3.68,7.35,
2022-05-29 14:00:00,0,3.71,8.32,
2022-05-29 16:00:00,0.0313,3.74,7.97,
2022-05-29 18:00:00,0.0859,3.73,4.47,
2022-05-29 20:00:00,0.750,3.73,2.17,
2022-05-29 22:00:00,1.50,3.74,1.42,
2022-05-30 00:00:00,2.75,3.73,0.0100,
2022-05-30 02:00:00,2.61,3.74,0,
2022-05-30 04:00:00,2.48,3.74,0,
2022-05-30 06:00:00,2.36,3.73,1.10,
2022-05-30 08:00:00,0.0703,3.74,4.80,
2022-05-30 10:00:00,0,3.84,7.87,
2022-05-30 12:00:00,0.281,3.92,8.86,
2022-05-30 14:00:00,0.406,3.91,8.13,
2022-05-30 16:00:00,0.109,3.91,7.45,
2022-05-30 18:00:00,0.148,3.88,4.30,
2022-05-30 20:00:00,0.898,3.84,2.58,
2022-05-30 22:00:00,2.48,3.84,0.764,
2022-05-31 00:00:00,3.02,3.83,0,
2022-05-31 02:00:00,3.05,3.87,0,
2022-05-31 04:00:00,3.08,3.86,0,
2022-05-31 06:00:00,2.73,3.85,0.898,
2022-05-31 08:00:00,0.602,3.95,4.00,
2022-05-31 10:00:00,0.0156,4.02,6.97,
2022-05-31 12:00:00,0.00781,4.03,9.75,
2022-05-31 14:00:00,0.102,4.02,9.08,
2022-05-31 16:00:00,0.469,4.02,5.04,
2022-05-31 18:00:00,0.516,4.08,4.18,
2022-05-31 20:00:00,2.63,4.09,1.33,
2022-05-31 22:00:00,3.30,4.09,0,
2022-06-01 00:00:00,3.38,4.08,0,
2022-06-01 02:00:00,3.16,4.04,0.00800,
2022-06-01 04:00:00,3.16,4.01,0,
2022-06-01 06:00:00,2.55,4.02,1,
2022-06-01 08:00:00,0.242,4.02,4.87,
2022-06-01 10:00:00,0,4.02,7.60,
2022-06-01 12:00:00,0.0859,4,9.69,
2022-06-01 14:00:00,0.0781,4.05,10.4,
2022-06-01 16:00:00,0.0547,4.09,7.94,
2022-06-01 18:00:00,0.125,4.10,5.21,
2022-06-01 20:00:00,1.19,4.09,3.32,
2022-06-01 22:00:00,3.54,4.03,0.352,
2022-06-02 00:00:00,3.32,4.05,0,
2022-06-02 02:00:00,3.27,4.04,0.0100,
2022-06-02 04:00:00,3.14,4.02,0.0140,
2022-06-02 06:00:00,2.55,4,1.03,
2022-06-02 08:00:00,0.250,4.01,4.52,
2022-06-02 10:00:00,0.0156,4.02,7.01,
2022-06-02 12:00:00,0,4.02,9.97,
2022-06-02 14:00:00,0.0156,4.03,8.31,
2022-06-02 16:00:00,0.0391,3.98,7.62,
2022-06-02 18:00:00,0.0703,3.91,5.04,
2022-06-02 20:00:00,0.844,3.82,3.45,
2022-06-02 22:00:00,3.35,3.84,0.314,
2022-06-03 00:00:00,3.20,3.85,0,
2022-06-03 02:00:00,3.30,3.86,0.0100,
2022-06-03 04:00:00,3.11,3.85,0.00400,
2022-06-03 06:00:00,2.52,3.84,0.926,
2022-06-03 08:00:00,0.336,3.77,4.10,
2022-06-03 10:00:00,0.0313,3.80,6.40,
2022-06-03 12:00:00,0.0391,3.80,6.77,
2022-06-03 14:00:00,0.109,3.82,6.01,
2022-06-03 16:00:00,0.930,3.93,4.60,
2022-06-03 18:00:00,2.66,4.17,2.53,
2022-06-03 20:00:00,3.43,4.15,0.328,
2022-06-03 22:00:00,3.42,4.18,0.0100,
2022-06-04 00:00:00,3.27,4.17,0.00800,
2022-06-04 02:00:00,3.38,4.18,0.0100,
2022-06-04 04:00:00,3.23,4.17,0.00800,
2022-06-04 06:00:00,1.99,4.16,1.29,
2022-06-04 08:00:00,1.62,4.15,1.56,
2022-06-04 10:00:00,1.09,3.92,2.22,
2022-06-04 12:00:00,0.0625,4.15,3.42,
2022-06-04 14:00:00,0.0156,4.17,5.43,
2022-06-04 16:00:00,0.00781,4.17,5.89,
2022-06-04 18:00:00,0.0469,4.13,4.19,
2022-06-04 20:00:00,0.211,4.10,3.33,
2022-06-04 22:00:00,2.61,4.13,1.00,
2022-06-05 00:00:00,3.46,4.14,0,
2022-06-05 02:00:00,3.39,4.13,0,
2022-06-05 04:00:00,3.37,4.13,0.0160,
2022-06-05 06:00:00,3.18,4.12,0.0940,
2022-06-05 08:00:00,2.04,4.09,1.20,
2022-06-05 10:00:00,0.203,4.10,3.78,
2022-06-05 12:00:00,0.0156,4.10,5.60,
2022-06-05 14:00:00,0.0234,4.10,4.23,
2022-06-05 16:00:00,0.0859,4.13,3.15,
2022-06-05 18:00:00,0.0391,4.11,3.44,
2022-06-05 20:00:00,0.234,4.11,3.11,
2022-06-05 22:00:00,3.02,4.12,0.360,
2022-06-06 00:00:00,3.25,4.05,0,
2022-06-06 02:00:00,3.09,3.99,0,
2022-06-06 04:00:00,3.03,3.89,0.00400,
2022-06-06 06:00:00,2.05,3.74,1.15,
2022-06-06 08:00:00,0.539,3.72,2.61,
2022-06-06 10:00:00,0.0156,3.71,5.52,
2022-06-06 12:00:00,0.0234,3.72,4.80,
2022-06-06 14:00:00,0.0313,3.72,5.81,
2022-06-06 16:00:00,0.0547,3.71,3.52,
2022-06-06 18:00:00,0.0859,3.73,3.31,
2022-06-06 20:00:00,2.09,3.72,1.54,
2022-06-06 22:00:00,3.22,3.73,0,
2022-06-07 00:00:00,3.06,3.71,0,
2022-06-07 02:00:00,2.95,3.72,0.00800,
2022-06-07 04:00:00,2.97,3.72,0.00200,
2022-06-07 06:00:00,1.97,3.72,1.08,
2022-06-07 08:00:00,0.555,3.89,3.94,
2022-06-07 10:00:00,0.0625,4.09,6.33,
2022-06-07 12:00:00,0.0391,4.14,6.11,
2022-06-07 14:00:00,0.0313,4.14,7.41,
2022-06-07 16:00:00,0.219,4.16,6.31,
2022-06-07 18:00:00,0.148,4.14,3.91,
2022-06-07 20:00:00,1.46,4.15,2.39,
2022-06-07 22:00:00,3.41,4.16,0.00400,
2022-06-08 00:00:00,3.38,4.16,0,
2022-06-08 02:00:00,3.27,4.15,0,
2022-06-08 04:00:00,3.13,4.15,0.0120,
2022-06-08 06:00:00,2.57,4.13,0.918,
2022-06-08 08:00:00,0.188,3.98,4.61,
2022-06-08 10:00:00,0.0156,4.15,6.65,
2022-06-08 12:00:00,0.0313,4.16,8.57,
2022-06-08 14:00:00,0.180,4.16,5.96,
2022-06-08 16:00:00,0.438,4.13,3.69,
2022-06-08 18:00:00,2.32,4.13,2.05,
2022-06-08 20:00:00,3.63,4.14,0.272,
2022-06-08 22:00:00,3.55,4.16,0,
2022-06-09 00:00:00,3.51,4.16,0,
2022-06-09 02:00:00,3.47,4.16,0.00800,
2022-06-09 04:00:00,3.30,4.16,0,
2022-06-09 06:00:00,2.32,4.16,1.18,
2022-06-09 08:00:00,0.586,4.03,3.81,
2022-06-09 10:00:00,0.492,4.17,5.84,
2022-06-09 12:00:00,0.0547,4.15,8.04,
2022-06-09 14:00:00,0.211,4.12,9.42,
2022-06-09 16:00:00,0.445,4.12,5.16,
2022-06-09 18:00:00,0.539,4.14,4.07,
2022-06-09 20:00:00,3.27,4.14,0.942,
2022-06-09 22:00:00,3.57,4.15,0,
2022-06-10 00:00:00,3.23,4.15,0,
2022-06-10 02:00:00,3.46,4.16,0,
2022-06-10 04:00:00,3.16,4.14,0.00200,
2022-06-10 06:00:00,2.61,4.15,1.15,
2022-06-10 08:00:00,0.398,4,4.61,
2022-06-10 10:00:00,0.00781,3.95,7.01,
2022-06-10 12:00:00,0,3.97,10.7,
2022-06-10 14:00:00,0,3.98,11.4,
2022-06-10 16:00:00,0.0547,4,8.71,
2022-06-10 18:00:00,0.0781,3.98,5.30,
2022-06-10 20:00:00,0.906,3.98,3.40,
2022-06-10 22:00:00,3.23,3.98,0.440,
2022-06-11 00:00:00,3.54,3.98,0,
2022-06-11 02:00:00,3.27,3.98,0.00800,
2022-06-11 04:00:00,3.13,3.92,0.0120,
2022-06-11 06:00:00,1.71,3.90,1.37,
2022-06-11 08:00:00,0.0234,3.91,3.61,
2022-06-11 10:00:00,0,3.90,6.96,
2022-06-11 12:00:00,0.00781,3.91,10.7,
2022-06-11 14:00:00,0,3.89,10.9,
2022-06-11 16:00:00,0,3.89,8.40,
2022-06-11 18:00:00,0.0391,3.83,4.53,
2022-06-11 20:00:00,0.422,3.76,3.51,
2022-06-11 22:00:00,2.67,3.74,0.942,
2022-06-12 00:00:00,3.43,3.76,0,
2022-06-12 02:00:00,3.45,3.74,0,
2022-06-12 04:00:00,3.12,3.75,0.0280,
2022-06-12 06:00:00,2,3.73,1.14,
2022-06-12 08:00:00,0.0234,3.74,3.60,
2022-06-12 10:00:00,0,3.73,6.54,
2022-06-12 12:00:00,0,3.73,11.0,
2022-06-12 14:00:00,0.0156,3.74,9.18,
2022-06-12 16:00:00,0.0313,3.73,5.35,
2022-06-12 18:00:00,0.0313,3.73,4.77,
2022-06-12 20:00:00,0.492,3.73,3.27,
2022-06-12 22:00:00,2.92,3.75,1.05,
2022-06-13 00:00:00,3.62,3.73,0,
2022-06-13 02:00:00,3.49,3.74,0.0100,
2022-06-13 04:00:00,3.46,3.73,0.0120,
2022-06-13 06:00:00,2.77,3.73,1.06,
2022-06-13 08:00:00,0.406,3.75,4.21,
2022-06-13 10:00:00,0.0234,3.79,6.45,
2022-06-13 12:00:00,0.0469,3.78,9.37,
2022-06-13 14:00:00,0.188,3.82,8.31,
2022-06-13 16:00:00,0.109,3.93,6.82,
2022-06-13 18:00:00,0.117,3.90,5.17,
2022-06-13 20:00:00,1.78,3.91,2.46,
2022-06-13 22:00:00,3.50,3.91,0,
2022-06-14 00:00:00,3.38,3.90,0,
2022-06-14 02:00:00,3.34,3.91,0.0200,
2022-06-14 04:00:00,3.04,3.91,0.00600,
2022-06-14 06:00:00,2.36,3.90,1.18,
2022-06-14 08:00:00,0.352,3.89,4.43,
2022-06-14 10:00:00,0.00781,3.91,7.09,
2022-06-14 12:00:00,0,3.91,10.6,
2022-06-14 14:00:00,0,3.94,11.1,
2022-06-14 16:00:00,0.00781,3.95,8.34,
2022-06-14 18:00:00,0.133,3.96,5.57,
2022-06-14 20:00:00,1.93,3.95,3.18,
2022-06-14 22:00:00,4.01,3.91,0.0500,
2022-06-15 00:00:00,3.83,3.91,0,
2022-06-15 02:00:00,3.48,3.91,0.0280,
2022-06-15 04:00:00,3.33,3.91,0.0100,
2022-06-15 06:00:00,2.41,3.91,1.14,
2022-06-15 08:00:00,0.156,3.91,4.63,
2022-06-15 10:00:00,0,3.91,6.95,
2022-06-15 12:00:00,0,3.91,10.1,
2022-06-15 14:00:00,0,3.95,10.9,
2022-06-15 16:00:00,0.0781,4,7.78,
2022-06-15 18:00:00,0.0938,3.90,5.74,
2022-06-15 20:00:00,1.33,3.96,3.43,
2022-06-15 22:00:00,3.31,3.97,0.232,
2022-06-16 00:00:00,3.37,3.96,0,
2022-06-16 02:00:00,3.20,3.96,0.0160,
2022-06-16 04:00:00,3.09,3.95,0.0100,
2022-06-16 06:00:00,2.36,3.95,0.900,
2022-06-16 08:00:00,0.188,3.95,3.53,
2022-06-16 10:00:00,0,3.94,6.41,
2022-06-16 12:00:00,0,3.95,10.7,
2022-06-16 14:00:00,0.0156,3.95,10.7,
2022-06-16 16:00:00,0.00781,3.95,8.37,
2022-06-16 18:00:00,0.117,3.94,5.02,
2022-06-16 20:00:00,0.898,3.94,3.60,
2022-06-16 22:00:00,3.12,3.95,0.354,
2022-06-17 00:00:00,3.33,3.95,0,
2022-06-17 02:00:00,3.06,3.94,0.0180,
2022-06-17 04:00:00,3.05,3.95,0.00200,
2022-06-17 06:00:00,2.23,3.95,1.08,
2022-06-17 08:00:00,0.141,3.93,4.01,
2022-06-17 10:00:00,0,4.04,6.72,
2022-06-17 12:00:00,0,4.02,10.4,
2022-06-17 14:00:00,0,3.95,10.4,
2022-06-17 16:00:00,0.0156,3.93,8.13,
2022-06-17 18:00:00,0.0859,3.92,5.06,
2022-06-17 20:00:00,0.992,3.91,3.39,
2022-06-17 22:00:00,3.33,3.91,0.244,
2022-06-18 00:00:00,3.24,3.91,0,
2022-06-18 02:00:00,3.16,3.91,0.00800,
2022-06-18 04:00:00,3.05,3.91,0.0280,
2022-06-18 06:00:00,1.79,3.88,1.22,
2022-06-18 08:00:00,0.0156,3.83,3.39,
2022-06-18 10:00:00,0,3.82,6.05,
2022-06-18 12:00:00,0,3.77,9.98,
2022-06-18 14:00:00,0,3.73,9.93,
2022-06-18 16:00:00,0.00781,3.74,7.43,
2022-06-18 18:00:00,0.109,3.73,4.44,
2022-06-18 20:00:00,0.586,3.73,3.48,
2022-06-18 22:00:00,3.29,3.77,0.662,
2022-06-19 00:00:00,3.60,3.78,0,
2022-06-19 02:00:00,3.36,3.78,0.00800,
2022-06-19 04:00:00,3.30,3.78,0.0220,
2022-06-19 06:00:00,2.10,3.78,1.14,
2022-06-19 08:00:00,0.0859,3.78,3.63,
2022-06-19 10:00:00,0,3.78,6.27,
2022-06-19 12:00:00,0,3.78,10.3,
2022-06-19 14:00:00,0,3.78,10.4,
2022-06-19 16:00:00,0.00781,3.80,7.80,
2022-06-19 18:00:00,0.109,3.78,4.70,
2022-06-19 20:00:00,0.703,3.79,3.54,
2022-06-19 22:00:00,3.39,3.79,0.530,
2022-06-20 00:00:00,3.56,3.78,0,
2022-06-20 02:00:00,3.52,3.79,0,
2022-06-20 04:00:00,3.41,3.78,0,
2022-06-20 06:00:00,3.18,3.78,0.800,
2022-06-20 08:00:00,1.32,3.80,3.84,
2022-06-20 10:00:00,0.734,3.80,5.88,
2022-06-20 12:00:00,2,3.79,5.13,
2022-06-20 14:00:00,2.82,3.75,4.06,
2022-06-20 16:00:00,0.461,3.74,5.78,
2022-06-20 18:00:00,0.117,3.73,4.56,
2022-06-20 20:00:00,2.77,3.72,1.27,
2022-06-20 22:00:00,3.33,3.71,0,
2022-06-21 00:00:00,3.30,3.68,0,
2022-06-21 02:00:00,3.25,3.69,0,
2022-06-21 04:00:00,3.05,3.71,0.0180,
2022-06-21 06:00:00,2.11,3.71,1.42,
2022-06-21 08:00:00,1.17,3.72,3.90,
2022-06-21 10:00:00,0.0313,3.71,6.08,
2022-06-21 12:00:00,0,3.75,7.50,
2022-06-21 14:00:00,0.00781,3.77,9.43,
2022-06-21 16:00:00,0.00781,3.74,8.10,
2022-06-21 18:00:00,0.188,3.73,5.37,
2022-06-21 20:00:00,1.81,3.73,3.04,
2022-06-21 22:00:00,3.56,3.77,0.184,
2022-06-22 00:00:00,3.63,3.77,0,
2022-06-22 02:00:00,3.59,3.77,0,
2022-06-22 04:00:00,3.48,3.77,0.00600,
2022-06-22 06:00:00,3.18,3.76,0.620,
2022-06-22 08:00:00,4.38,3.73,1.14,
2022-06-22 10:00:00,4.46,3.72,1.73,
2022-06-22 12:00:00,3.05,3.73,2.71,
2022-06-22 14:00:00,3.09,3.78,2.96,
2022-06-22 16:00:00,3.38,3.78,2.48,
2022-06-22 18:00:00,3.31,3.78,1.59,
2022-06-22 20:00:00,3.95,3.77,0.400,
2022-06-22 22:00:00,3.95,3.77,0,
2022-06-23 00:00:00,3.73,3.77,0.00600,
2022-06-23 02:00:00,3.79,3.72,0,
2022-06-23 04:00:00,3.75,3.73,0,
2022-06-23 06:00:00,2.85,3.72,1.03,
2022-06-23 08:00:00,0.641,3.69,4.63,
2022-06-23 10:00:00,0.141,3.70,7.23,
2022-06-23 12:00:00,0.0547,3.70,8.71,
2022-06-23 14:00:00,0.367,3.73,9.11,
2022-06-23 16:00:00,0.367,3.78,7.85,
2022-06-23 18:00:00,1.45,3.76,4.63,
2022-06-23 20:00:00,4,3.74,1.22,
2022-06-23 22:00:00,3.95,3.74,0,
2022-06-24 00:00:00,3.70,3.75,0,
2022-06-24 02:00:00,3.78,3.74,0,
2022-06-24 04:00:00,3.83,3.73,0,
2022-06-24 06:00:00,2.91,3.74,1.08,
2022-06-24 08:00:00,1.27,3.73,4.11,
2022-06-24 10:00:00,0.117,3.76,7.82,
2022-06-24 12:00:00,0.469,3.75,7.94,
2022-06-24 14:00:00,0.352,3.75,7.35,
2022-06-24 16:00:00,0.664,3.74,5.60,
2022-06-24 18:00:00,2.59,3.76,2.28,
2022-06-24 20:00:00,3.98,3.73,0.0800,
2022-06-24 22:00:00,3.84,3.73,0,
2022-06-25 00:00:00,3.73,3.73,0,
2022-06-25 02:00:00,3.76,3.72,0,
2022-06-25 04:00:00,3.71,3.73,0.0140,
2022-06-25 06:00:00,2.32,3.72,1.07,
2022-06-25 08:00:00,0.109,3.73,4.33,
2022-06-25 10:00:00,0.0625,3.73,5.93,
2022-06-25 12:00:00,0.172,3.73,7.45,
2022-06-25 14:00:00,0.156,3.72,6.20,
2022-06-25 16:00:00,0.156,3.73,6.23,
2022-06-25 18:00:00,0.414,3.72,4.22,
2022-06-25 20:00:00,1.70,3.73,2.55,
2022-06-25 22:00:00,3.21,3.73,0.600,
2022-06-26 00:00:00,3.88,3.73,0,
2022-06-26 02:00:00,3.66,3.73,0,
2022-06-26 04:00:00,3.84,3.73,0,
2022-06-26 06:00:00,2.59,3.72,0.880,
2022-06-26 08:00:00,0.211,3.73,4.25,
2022-06-26 10:00:00,0,3.72,7.26,
2022-06-26 12:00:00,0.00781,3.73,7.17,
2022-06-26 14:00:00,0.00781,3.73,8.13,
2022-06-26 16:00:00,0.0469,3.73,6.72,
2022-06-26 18:00:00,0.320,3.72,4.55,
2022-06-26 20:00:00,1.55,3.73,2.71,
2022-06-26 22:00:00,3.12,3.73,0.814,
2022-06-27 00:00:00,3.72,3.74,0,
2022-06-27 02:00:00,3.80,3.72,0,
2022-06-27 04:00:00,3.94,3.73,0,
2022-06-27 06:00:00,3.56,3.73,0.542,
2022-06-27 08:00:00,4.70,3.73,0.838,
2022-06-27 10:00:00,4.22,3.73,2.17,
2022-06-27 12:00:00,2.27,3.75,4.24,
2022-06-27 14:00:00,2.35,3.73,4.22,
2022-06-27 16:00:00,1.13,3.74,4.62,
2022-06-27 18:00:00,2.84,3.73,2.51,
2022-06-27 20:00:00,3.73,3.71,0.358,
2022-06-27 22:00:00,3.87,3.75,0,
2022-06-28 00:00:00,3.55,3.75,0,
2022-06-28 02:00:00,3.70,3.73,0,
2022-06-28 04:00:00,3.42,3.74,0,
2022-06-28 06:00:00,2.67,3.73,1.06,
2022-06-28 08:00:00,0.242,3.74,4.75,
2022-06-28 10:00:00,0,3.76,7.80,
2022-06-28 12:00:00,0,3.77,10.4,
2022-06-28 14:00:00,0,3.81,10.3,
2022-06-28 16:00:00,0.0781,3.81,6.91,
2022-06-28 18:00:00,0.367,3.79,5.06,
2022-06-28 20:00:00,3.02,3.77,2.02,
2022-06-28 22:00:00,3.94,3.77,0,
2022-06-29 00:00:00,3.92,3.78,0,
2022-06-29 02:00:00,3.63,3.77,0,
2022-06-29 04:00:00,3.88,3.77,0.00600,
2022-06-29 06:00:00,3.15,3.77,0.768,
2022-06-29 08:00:00,1.36,3.78,4.07,
2022-06-29 10:00:00,0.633,3.77,6.37,
2022-06-29 12:00:00,0.0156,3.76,7.57,
2022-06-29 14:00:00,0.0469,3.80,8.81,
2022-06-29 16:00:00,0.00781,3.80,7.85,
2022-06-29 18:00:00,0.180,3.80,5.87,
2022-06-29 20:00:00,2.12,3.76,3.08,
2022-06-29 22:00:00,4,3.75,0.188,
2022-06-30 00:00:00,4.02,3.76,0,
2022-06-30 02:00:00,3.91,3.76,0.0100,
2022-06-30 04:00:00,3.96,3.74,0,
2022-06-30 06:00:00,3.02,3.73,0.906,
2022-06-30 08:00:00,0.734,3.73,4.94,
2022-06-30 10:00:00,0.0234,3.73,7.41,
2022-06-30 12:00:00,0.109,3.78,8.60,
2022-06-30 14:00:00,0.0547,3.73,9.35,
2022-06-30 16:00:00,0.0547,3.73,7.61,
2022-06-30 18:00:00,0.922,3.76,5.01,
2022-06-30 20:00:00,3.73,3.77,1.03,
2022-06-30 22:00:00,3.99,3.77,0,
2022-07-01 00:00:00,3.79,3.77,0,
2022-07-01 02:00:00,3.97,3.75,0,
2022-07-01 04:00:00,3.87,3.74,0.00600,
2022-07-01 06:00:00,4.23,3.73,0.170,
2022-07-01 08:00:00,4.52,3.73,1.05,
2022-07-01 10:00:00,3.24,3.73,3.34,
2022-07-01 12:00:00,0.227,3.74,6.29,
2022-07-01 14:00:00,0.0469,3.74,6.04,
2022-07-01 16:00:00,0.0625,3.74,5.54,
2022-07-01 18:00:00,0.117,3.73,4.48,
2022-07-01 20:00:00,1.64,3.74,2.84,
2022-07-01 22:00:00,3.60,3.73,0,
2022-07-02 00:00:00,3.59,3.73,0,
2022-07-02 02:00:00,3.62,3.73,0,
2022-07-02 04:00:00,3.68,3.73,0,
2022-07-02 06:00:00,2.38,3.73,0.944,
2022-07-02 08:00:00,0.141,3.73,3.67,
2022-07-02 10:00:00,0,3.71,6.81,
2022-07-02 12:00:00,0,3.69,11.5,
2022-07-02 14:00:00,0,3.69,11.3,
2022-07-02 16:00:00,0,3.69,8.70,
2022-07-02 18:00:00,0.0313,3.70,4.71,
2022-07-02 20:00:00,0.453,3.69,3.68,
2022-07-02 22:00:00,2.78,3.70,1.00,
2022-07-03 00:00:00,3.80,3.71,0,
2022-07-03 02:00:00,3.62,3.71,0,
2022-07-03 04:00:00,3.88,3.70,0,
2022-07-03 06:00:00,2.50,3.70,0.912,
2022-07-03 08:00:00,0.258,3.70,3.68,
2022-07-03 10:00:00,0,3.70,6.50,
2022-07-03 12:00:00,0,3.72,11.2,
2022-07-03 14:00:00,0,3.72,11.2,
2022-07-03 16:00:00,0.00781,3.72,7.67,
2022-07-03 18:00:00,0.0547,3.72,5.25,
2022-07-03 20:00:00,0.570,3.70,3.64,
2022-07-03 22:00:00,3.29,3.72,0.752,
2022-07-04 00:00:00,3.84,3.71,0,
2022-07-04 02:00:00,3.95,3.70,0,
2022-07-04 04:00:00,3.68,3.71,0,
2022-07-04 06:00:00,3.13,3.71,0.990,
2022-07-04 08:00:00,1.01,3.70,4.41,
2022-07-04 10:00:00,0.0234,3.73,6.72,
2022-07-04 12:00:00,0.0156,3.72,8.76,
2022-07-04 14:00:00,0,3.71,9.84,
2022-07-04 16:00:00,0.0313,3.71,8.62,
2022-07-04 18:00:00,0.102,3.71,5.95,
2022-07-04 20:00:00,1.71,3.71,3.51,
2022-07-04 22:00:00,3.70,3.71,0.316,
2022-07-05 00:00:00,3.91,3.73,0,
2022-07-05 02:00:00,3.98,3.70,0,
2022-07-05 04:00:00,3.85,3.70,0,
2022-07-05 06:00:00,3.13,3.70,0.944,
2022-07-05 08:00:00,0.695,3.70,4.74,
2022-07-05 10:00:00,0.0156,3.71,6.79,
2022-07-05 12:00:00,0.0469,3.72,9.91,
2022-07-05 14:00:00,0,3.80,11.5,
2022-07-05 16:00:00,0.0234,3.79,8.73,
2022-07-05 18:00:00,0.375,3.76,5.63,
2022-07-05 20:00:00,2.23,3.72,2.85,
2022-07-05 22:00:00,4.12,3.73,0.0380,
2022-07-06 00:00:00,3.81,3.73,0,
2022-07-06 02:00:00,3.94,3.75,0,
2022-07-06 04:00:00,3.95,3.76,0.00800,
2022-07-06 06:00:00,3.18,3.73,0.980,
2022-07-06 08:00:00,0.719,3.70,4.79,
2022-07-06 10:00:00,0.0156,3.73,6.53,
2022-07-06 12:00:00,0.0313,3.77,8.27,
2022-07-06 14:00:00,0.0391,3.80,11.0,
2022-07-06 16:00:00,0.102,3.81,7.50,
2022-07-06 18:00:00,0.375,3.75,4.86,
2022-07-06 20:00:00,2.30,3.72,2.15,
2022-07-06 22:00:00,3.75,3.73,0,
2022-07-07 00:00:00,3.82,3.73,0,
2022-07-07 02:00:00,3.65,3.72,0,
2022-07-07 04:00:00,3.78,3.71,0.0100,
2022-07-07 06:00:00,3.27,3.71,0.630,
2022-07-07 08:00:00,3.98,3.70,2.07,
2022-07-07 10:00:00,2.15,3.77,4.08,
2022-07-07 12:00:00,3.57,3.77,2.67,
2022-07-07 14:00:00,2.24,3.80,4.72,0.520
2022-07-07 16:00:00,1.68,3.83,4.13,0.520
2022-07-07 18:00:00,3.35,3.84,1.45,0.495
2022-07-07 20:00:00,4,3.84,0.354,0.354
2022-07-07 22:00:00,3.78,3.84,0,0.0338
2022-07-08 00:00:00,3.89,3.80,0,0.0325
2022-07-08 02:00:00,3.70,3.81,0,0.153
2022-07-08 04:00:00,3.58,3.80,0,0.190
2022-07-08 06:00:00,2.89,3.79,0.970,0.597
2022-07-08 08:00:00,0.422,3.74,4.49,0.491
2022-07-08 10:00:00,0.0547,3.69,6.30,0.470
2022-07-08 12:00:00,0,3.78,8.67,0.485
2022-07-08 14:00:00,0,3.84,11.0,0.585
2022-07-08 16:00:00,0.0156,3.86,8.55,1.05
2022-07-08 18:00:00,0.0703,3.81,5.33,1.09
2022-07-08 20:00:00,1.19,3.83,3.55,0.588
2022-07-08 22:00:00,3.44,3.84,0.326,0.0338
2022-07-09 00:00:00,3.54,3.84,0,0.0325
2022-07-09 02:00:00,3.42,3.84,0,0.153
2022-07-09 04:00:00,3.45,3.83,0,0.191
2022-07-09 06:00:00,2.18,3.82,0.926,0.0488
2022-07-09 08:00:00,0.297,3.83,3.30,0.0338
2022-07-09 10:00:00,0,3.82,6.17,0.0338
2022-07-09 12:00:00,0,3.84,9.35,0.0325
2022-07-09 14:00:00,0.00781,3.80,8.86,0.0338
2022-07-09 16:00:00,0.0469,3.80,6.04,0.0363
2022-07-09 18:00:00,0.0391,3.80,4.34,0.0363
2022-07-09 20:00:00,0.844,3.80,3.23,0.0375
2022-07-09 22:00:00,3.23,3.81,0.472,0.0325
2022-07-10 00:00:00,3.79,3.82,0,0.0325
2022-07-10 02:00:00,3.63,3.81,0,0.0325
2022-07-10 04:00:00,3.68,3.80,0,0.146
2022-07-10 06:00:00,2.70,3.80,0.876,0.0663
2022-07-10 08:00:00,0.313,3.81,3.14,0.0338
2022-07-10 10:00:00,0.0156,3.80,4.97,0.0338
2022-07-10 12:00:00,0.00781,3.80,8.76,0.0325
2022-07-10 14:00:00,0.0234,3.80,9.05,0.0338
2022-07-10 16:00:00,0.0156,3.80,6.34,0.0325
2022-07-10 18:00:00,0.0703,3.80,4.01,0.0363
2022-07-10 20:00:00,0.969,3.80,3.06,0.0338
2022-07-10 22:00:00,3.23,3.81,0.422,0.0325
2022-07-11 00:00:00,3.74,3.81,0,0.0325
2022-07-11 02:00:00,3.48,3.80,0,0.0338
2022-07-11 04:00:00,3.65,3.80,0,0.146
2022-07-11 06:00:00,3.10,3.79,0.744,0.419
2022-07-11 08:00:00,1.34,3.81,3.53,0.474
2022-07-11 10:00:00,0.0547,3.80,6.13,0.490
2022-07-11 12:00:00,0.0391,3.88,6.46,0.694
2022-07-11 14:00:00,0.0625,3.86,7.41,1.09
2022-07-11 16:00:00,0.180,3.90,6.31,1.09
2022-07-11 18:00:00,0.125,3.92,5.40,1.09
2022-07-11 20:00:00,3.63,3.91,1.51,0.784
2022-07-11 22:00:00,3.83,3.84,0,0.0338
2022-07-12 00:00:00,3.92,3.80,0,0.0325
2022-07-12 02:00:00,3.70,3.80,0,0.153
2022-07-12 04:00:00,4.07,3.77,0.0200,0.191
2022-07-12 06:00:00,3.01,3.77,0.878,0.431
2022-07-12 08:00:00,0.758,3.78,4.43,0.483
2022-07-12 10:00:00,0.0313,3.79,6.78,0.625
2022-07-12 12:00:00,0,3.84,9.77,1.09
2022-07-12 14:00:00,0,3.85,10.6,1.09
2022-07-12 16:00:00,0.00781,3.91,8.25,1.10
2022-07-12 18:00:00,0.211,3.87,5.38,1.10
2022-07-12 20:00:00,2.03,3.84,2.96,0.788
2022-07-12 22:00:00,3.82,3.81,0.0460,0.0325
2022-07-13 00:00:00,3.60,3.80,0,0.0338
2022-07-13 02:00:00,3.84,3.80,0.0100,0.0875
2022-07-13 04:00:00,3.59,3.76,0,0.181
2022-07-13 06:00:00,3.13,3.73,0.746,0.425
2022-07-13 08:00:00,1.52,3.73,4.06,0.498
2022-07-13 10:00:00,0.0938,3.78,6.85,0.942
2022-07-13 12:00:00,0.0234,3.77,7.75,1.09
2022-07-13 14:00:00,0.586,3.84,7.76,1.10
2022-07-13 16:00:00,1.65,3.93,5.44,1.07
2022-07-13 18:00:00,2.43,3.95,3.61,1.23
2022-07-13 20:00:00,4.88,3.91,0.642,0.999
2022-07-13 22:00:00,4.35,3.88,0,0.291
2022-07-14 00:00:00,4.27,3.87,0,0.256
2022-07-14 02:00:00,4.13,3.83,0,0.187
2022-07-14 04:00:00,3.83,3.79,0,0.189
2022-07-14 06:00:00,3.28,3.73,0.838,0.414
2022-07-14 08:00:00,1.88,3.73,4.14,0.660
2022-07-14 10:00:00,0.133,3.79,7.44,1.09
2022-07-14 12:00:00,0.0625,3.84,7.79,1.12
2022-07-14 14:00:00,0.336,3.85,8.24,1.17
2022-07-14 16:00:00,0.313,3.88,6.28,1.13
2022-07-14 18:00:00,1.80,3.92,3.97,1.10
2022-07-14 20:00:00,4.57,3.90,0.482,1.01
2022-07-14 22:00:00,4.05,3.88,0,0.259
2022-07-15 00:00:00,3.90,3.88,0,0.187
2022-07-15 02:00:00,3.63,3.88,0,0.190
2022-07-15 04:00:00,3.73,3.87,0.0100,0.223
2022-07-15 06:00:00,3.11,3.88,0.858,0.441
2022-07-15 08:00:00,0.695,3.88,4.47,0.478
2022-07-15 10:00:00,0.00781,3.88,6.16,0.559
2022-07-15 12:00:00,0.0469,3.91,9.58,0.973
2022-07-15 14:00:00,0.0938,3.98,10.1,1.09
2022-07-15 16:00:00,0.0313,4.10,7.95,1.09
2022-07-15 18:00:00,0.0703,4.01,5.37,1.09
2022-07-15 20:00:00,1.91,3.99,3.22,0.759
2022-07-15 22:00:00,4.15,4.01,0.222,0.189
2022-07-16 00:00:00,3.97,4,0,0.189
2022-07-16 02:00:00,3.71,4.01,0.00800,0.235
2022-07-16 04:00:00,3.70,4,0.0100,0.319
2022-07-16 06:00:00,2.59,4,0.810,0.364
2022-07-16 08:00:00,0.273,4,3.46,0.205
2022-07-16 10:00:00,0,4,6.05,0.202
2022-07-16 12:00:00,0,3.97,10.6,0.390
2022-07-16 14:00:00,0.0391,3.98,9.18,0.765
2022-07-16 16:00:00,0,3.98,7.94,0.784
2022-07-16 18:00:00,0.0938,3.99,4.96,0.788
2022-07-16 20:00:00,1.39,3.98,3.39,0.673
2022-07-16 22:00:00,3.48,4.01,0.426,0.191
2022-07-17 00:00:00,3.87,4,0,0.187
2022-07-17 02:00:00,3.54,4,0.00800,0.199
2022-07-17 04:00:00,3.62,4.01,0.00800,0.258
2022-07-17 06:00:00,2.65,3.99,0.770,0.286
2022-07-17 08:00:00,0.234,3.98,3.72,0.202
2022-07-17 10:00:00,0,3.96,5.76,0.283
2022-07-17 12:00:00,0,3.98,10.7,0.535
2022-07-17 14:00:00,0,3.99,10.5,0.788
2022-07-17 16:00:00,0.00781,4,8.00,0.793
2022-07-17 18:00:00,0.109,4.04,5.17,0.794
2022-07-17 20:00:00,1.73,4.03,3.32,0.766
2022-07-17 22:00:00,3.76,4.05,0.298,0.211
2022-07-18 00:00:00,3.70,4.05,0,0.187
2022-07-18 02:00:00,3.57,4.04,0,0.200
2022-07-18 04:00:00,3.68,4.05,0,0.274
2022-07-18 06:00:00,3.27,3.99,0.808,0.478
2022-07-18 08:00:00,0.992,3.97,4.27,0.498
2022-07-18 10:00:00,0.0234,3.95,6.82,1.02
2022-07-18 12:00:00,0,4,8.40,1.11
2022-07-18 14:00:00,0.0156,4,9.61,1.18
2022-07-18 16:00:00,0.0391,4.05,7.81,1.21
2022-07-18 18:00:00,0.234,4.02,6.02,1.19
2022-07-18 20:00:00,3.03,3.95,2.56,1.04
2022-07-18 22:00:00,4.12,3.99,0,0.358
2022-07-19 00:00:00,3.82,4.01,0,0.189
2022-07-19 02:00:00,3.85,3.95,0.0160,0.187
2022-07-19 04:00:00,3.61,3.95,0,0.190
2022-07-19 06:00:00,3.28,3.91,0.720,0.415
2022-07-19 08:00:00,1.45,3.91,4.55,0.725
2022-07-19 10:00:00,0.0938,3.88,7.74,1.13
2022-07-19 12:00:00,0,3.90,8.15,1.20
2022-07-19 14:00:00,0.0156,3.87,9.40,1.24
2022-07-19 16:00:00,0.0391,3.86,8.00,1.25
2022-07-19 18:00:00,0.633,3.79,5.99,1.24
2022-07-19 20:00:00,3.67,3.80,2.39,1.09
2022-07-19 22:00:00,5.18,3.79,0.0440,0.788
2022-07-20 00:00:00,4.88,3.80,0,0.785
2022-07-20 02:00:00,4.38,3.77,0,0.346
2022-07-20 04:00:00,4.20,3.76,0,0.190
2022-07-20 06:00:00,3.55,3.76,0.684,0.425
2022-07-20 08:00:00,1.75,3.78,4.23,0.969
2022-07-20 10:00:00,0.0469,3.81,7.39,1.11
2022-07-20 12:00:00,0.0938,3.58,7.01,1.13
2022-07-20 14:00:00,0.297,3.56,8.06,1.19
2022-07-20 16:00:00,0.0547,3.56,7.12,1.19
2022-07-20 18:00:00,2.13,3.59,3.90,1.16
2022-07-20 20:00:00,4.38,3.56,0,0.753
2022-07-20 22:00:00,3.84,3.57,0,0.190
2022-07-21 00:00:00,3.67,3.58,0,0.190
2022-07-21 02:00:00,3.68,3.56,0,0.190
2022-07-21 04:00:00,3.75,3.55,0.0160,0.189
2022-07-21 06:00:00,3.10,3.55,0.658,0.456
2022-07-21 08:00:00,2.77,3.55,2.43,0.491
2022-07-21 10:00:00,1.98,3.58,4.87,0.641
2022-07-21 12:00:00,0.305,3.56,6.87,1.09
2022-07-21 14:00:00,0.0547,3.68,7.52,1.09
2022-07-21 16:00:00,0.125,3.66,6.10,1.10
2022-07-21 18:00:00,0.469,3.69,4.98,1.10
2022-07-21 20:00:00,3.89,3.69,1.26,0.955
2022-07-21 22:00:00,3.80,3.70,0,0.221
2022-07-22 00:00:00,3.66,3.70,0,0.190
2022-07-22 02:00:00,3.49,3.63,0,0.185
2022-07-22 04:00:00,3.66,3.62,0.0120,0.187
2022-07-22 06:00:00,2.80,3.62,0.692,0.441
2022-07-22 08:00:00,0.586,3.63,4.22,0.489
2022-07-22 10:00:00,0.00781,3.66,6.27,0.808
2022-07-22 12:00:00,0,3.60,8.62,1.09
2022-07-22 14:00:00,0.00781,3.61,10.2,1.13
2022-07-22 16:00:00,0.0547,3.60,7.54,1.16
2022-07-22 18:00:00,0.242,3.63,5.43,1.13
2022-07-22 20:00:00,3.31,3.63,1.99,0.980
2022-07-22 22:00:00,4.70,3.63,0,0.785
2022-07-23 00:00:00,3.98,3.62,0,0.560
2022-07-23 02:00:00,3.98,3.60,0.0280,0.318
2022-07-23 04:00:00,3.71,3.57,0.00800,0.192
2022-07-23 06:00:00,3.24,3.59,0.284,0.191
2022-07-23 08:00:00,1.41,3.59,2.12,0.192
2022-07-23 10:00:00,0.0156,3.60,5.02,0.336
2022-07-23 12:00:00,0,3.60,8.32,0.694
2022-07-23 14:00:00,0.00781,3.60,10,0.789
2022-07-23 16:00:00,0.0313,3.60,6.46,0.796
2022-07-23 18:00:00,0.102,3.61,4.64,0.793
2022-07-23 20:00:00,1.71,3.60,3.04,0.790
2022-07-23 22:00:00,4.11,3.61,0.126,0.598
2022-07-24 00:00:00,3.73,3.59,0,0.212
2022-07-24 02:00:00,3.55,3.58,0.0100,0.191
2022-07-24 04:00:00,3.42,3.58,0.0180,0.187
2022-07-24 06:00:00,2.54,3.61,0.608,0.189
2022-07-24 08:00:00,0.195,3.59,3.12,0.200
2022-07-24 10:00:00,0,3.60,5.62,0.520
2022-07-24 12:00:00,0,3.66,9.91,0.783
2022-07-24 14:00:00,0,3.64,10.2,0.794
2022-07-24 16:00:00,0.0156,3.63,7.82,0.811
2022-07-24 18:00:00,0.102,3.68,4.83,0.809
2022-07-24 20:00:00,1.53,3.68,3.34,0.791
2022-07-24 22:00:00,4.05,3.69,0.236,0.625
2022-07-25 00:00:00,3.68,3.62,0,0.199
2022-07-25 02:00:00,3.56,3.61,0,0.192
2022-07-25 04:00:00,3.51,3.62,0.00800,0.189
2022-07-25 06:00:00,3.19,3.62,0.518,0.451
2022-07-25 08:00:00,1.48,3.61,4.21,0.909
2022-07-25 10:00:00,0.0156,3.63,6.94,1.11
2022-07-25 12:00:00,0.0703,3.65,7.38,1.16
2022-07-25 14:00:00,0.477,3.64,7.69,1.19
2022-07-25 16:00:00,1.39,3.65,6.39,1.19
2022-07-25 18:00:00,2.95,3.58,3.19,1.16
2022-07-25 20:00:00,4.91,3.60,0.162,0.984
2022-07-25 22:00:00,4.59,3.61,0,0.784
2022-07-26 00:00:00,4.24,3.59,0,0.594
2022-07-26 02:00:00,4.11,3.59,0.00600,0.276
2022-07-26 04:00:00,3.98,3.59,0,0.190
2022-07-26 06:00:00,3.72,3.59,0.558,0.456
2022-07-26 08:00:00,2.55,3.60,2.78,0.491
2022-07-26 10:00:00,0.305,3.63,6.43,0.574
2022-07-26 12:00:00,0.0391,3.66,7.28,1.06
2022-07-26 14:00:00,0.219,3.67,7.77,1.09
2022-07-26 16:00:00,0.117,3.66,6.96,1.10
2022-07-26 18:00:00,0.258,3.65,5.51,1.10
2022-07-26 20:00:00,3.80,3.63,1.45,0.828
2022-07-26 22:00:00,4.21,3.61,0,0.211
2022-07-27 00:00:00,4.12,3.61,0,0.190
2022-07-27 02:00:00,4.09,3.61,0,0.192
2022-07-27 04:00:00,4.17,3.61,0.00200,0.190
2022-07-27 06:00:00,3.70,3.63,0.574,0.451
2022-07-27 08:00:00,1.88,3.63,3.44,0.491
2022-07-27 10:00:00,0.0703,3.65,6.19,0.528
2022-07-27 12:00:00,0.0156,3.72,7.89,1.02
2022-07-27 14:00:00,0.141,3.73,8.40,1.09
2022-07-27 16:00:00,0.0391,3.76,7.30,1.10
2022-07-27 18:00:00,0.156,3.70,5.50,1.10
2022-07-27 20:00:00,3.09,3.63,2.10,0.778
2022-07-27 22:00:00,4.16,3.61,0.0480,0.191
2022-07-28 00:00:00,3.95,3.60,0,0.187
2022-07-28 02:00:00,3.73,3.62,0,0.190
2022-07-28 04:00:00,3.80,3.61,0.00600,0.189
2022-07-28 06:00:00,3.30,3.62,0.598,0.445
2022-07-28 08:00:00,0.969,3.63,3.76,0.483
2022-07-28 10:00:00,0.0391,3.73,6.05,0.740
2022-07-28 12:00:00,0.0234,3.66,7.46,1.10
2022-07-28 14:00:00,0.0859,3.72,7.45,1.10
2022-07-28 16:00:00,0.234,3.85,6.69,1.11
2022-07-28 18:00:00,1.98,3.45,4.26,1.11
2022-07-28 20:00:00,4.38,3.73,1.27,0.983
2022-07-28 22:00:00,4.64,3.74,0,0.506
2022-07-29 00:00:00,4.23,3.72,0,0.220
2022-07-29 02:00:00,4.19,3.70,0,0.191
2022-07-29 04:00:00,4.25,3.70,0.0100,0.189
2022-07-29 06:00:00,3.95,3.70,0.454,0.445
2022-07-29 08:00:00,1.51,3.71,3.80,0.490
2022-07-29 10:00:00,0.172,3.72,6.59,0.867
2022-07-29 12:00:00,0.0391,3.80,7.13,1.09
2022-07-29 14:00:00,0.195,3.76,7.04,1.09
2022-07-29 16:00:00,0.0703,3.77,6.37,1.09
2022-07-29 18:00:00,1.43,3.76,4.44,1.10
2022-07-29 20:00:00,4.83,3.72,0.400,0.976
2022-07-29 22:00:00,4.53,3.69,0,0.618
2022-07-30 00:00:00,3.96,3.67,0,0.210
2022-07-30 02:00:00,3.83,3.63,0.00800,0.189
2022-07-30 04:00:00,3.88,3.63,0.0140,0.190
2022-07-30 06:00:00,2.97,3.62,0.564,0.189
2022-07-30 08:00:00,0.391,3.60,3.24,0.187
2022-07-30 10:00:00,0.0234,3.61,4.91,0.365
2022-07-30 12:00:00,0.0234,3.62,8.90,0.684
2022-07-30 14:00:00,0.0391,3.62,7.68,0.785
2022-07-30 16:00:00,0.0156,3.61,7.05,0.794
2022-07-30 18:00:00,0.195,3.61,4.59,0.793
2022-07-30 20:00:00,1.66,3.62,2.90,0.789
2022-07-30 22:00:00,3.63,3.63,0.262,0.489
2022-07-31 00:00:00,3.47,3.62,0,0.192
2022-07-31 02:00:00,3.34,3.60,0,0.190
2022-07-31 04:00:00,3.37,3.59,0,0.191
2022-07-31 06:00:00,2.98,3.59,0.284,0.190
2022-07-31 08:00:00,0.938,3.59,2.50,0.190
2022-07-31 10:00:00,0.0234,3.61,4.51,0.473
2022-07-31 12:00:00,0.0156,3.62,6.97,0.783
2022-07-31 14:00:00,0.0547,3.60,8.43,0.790
2022-07-31 16:00:00,0.0547,3.62,6.19,0.800
2022-07-31 18:00:00,0.141,3.62,4.79,0.802
2022-07-31 20:00:00,2.13,3.62,2.68,0.791
2022-07-31 22:00:00,4.41,3.63,0.0960,0.786
2022-08-01 00:00:00,3.98,3.62,0,0.478
2022-08-01 02:00:00,3.61,3.63,0,0.202
2022-08-01 04:00:00,3.56,3.59,0,0.191
2022-08-01 06:00:00,3.84,3.59,0.446,0.456
2022-08-01 08:00:00,2.07,3.61,3.67,0.585
2022-08-01 10:00:00,1.38,3.64,5.64,1.01
2022-08-01 12:00:00,0.422,3.66,6.83,1.09
2022-08-01 14:00:00,0.211,3.66,7.18,1.10
2022-08-01 16:00:00,1.32,3.63,5.49,1.10
2022-08-01 18:00:00,3.94,3.63,1.87,1.10
2022-08-01 20:00:00,5,3.63,0.246,0.979
2022-08-01 22:00:00,4.44,3.62,0,0.459
2022-08-02 00:00:00,3.96,3.62,0,0.206
2022-08-02 02:00:00,3.84,3.63,0,0.189
2022-08-02 04:00:00,3.90,3.62,0,0.187
2022-08-02 06:00:00,3.45,3.59,0.650,0.442
2022-08-02 08:00:00,1.62,3.60,3.73,0.503
2022-08-02 10:00:00,0.0313,3.60,6.36,0.946
2022-08-02 12:00:00,0.0391,3.64,7.19,1.09
2022-08-02 14:00:00,0,3.77,9.21,1.10
2022-08-02 16:00:00,0.0469,3.94,7.72,1.14
2022-08-02 18:00:00,0.680,3.95,5.62,1.12
2022-08-02 20:00:00,4.23,3.95,1.78,0.985
2022-08-02 22:00:00,4.47,3.94,0,0.373
2022-08-03 00:00:00,4.18,3.95,0,0.192
2022-08-03 02:00:00,4.10,3.92,0,0.189
2022-08-03 04:00:00,3.90,3.94,0,0.187
2022-08-03 06:00:00,3.84,3.92,0.472,0.445
2022-08-03 08:00:00,1.79,3.91,3.85,0.640
2022-08-03 10:00:00,0.0547,3.91,6.94,1.10
2022-08-03 12:00:00,0,3.93,7.61,1.13
2022-08-03 14:00:00,0.00781,3.98,9.06,1.20
2022-08-03 16:00:00,0.0625,3.99,7.47,1.22
2022-08-03 18:00:00,0.734,3.94,5.80,1.21
2022-08-03 20:00:00,4.24,3.91,1.38,1.02
2022-08-03 22:00:00,4.93,3.89,0,0.789
2022-08-04 00:00:00,4.22,3.88,0,0.391
2022-08-04 02:00:00,3.95,3.87,0.0100,0.192
2022-08-04 04:00:00,4.04,3.86,0.00800,0.194
2022-08-04 06:00:00,3.80,3.85,0.474,0.459
2022-08-04 08:00:00,2.40,3.82,3.75,1.00
2022-08-04 10:00:00,0.141,3.88,6.78,1.11
2022-08-04 12:00:00,0.00781,3.88,7.43,1.18
2022-08-04 14:00:00,0.00781,3.94,8.84,1.24
2022-08-04 16:00:00,0.0547,3.96,7.76,1.73
2022-08-04 18:00:00,1.30,4.01,5.73,1.79
2022-08-04 20:00:00,4.84,4.01,0.978,1.04
2022-08-04 22:00:00,5.05,3.99,0,0.790
2022-08-05 00:00:00,5.05,3.99,0,0.786
2022-08-05 02:00:00,4.97,3.99,0.0100,0.788
2022-08-05 04:00:00,4.96,3.98,0.00800,0.781
2022-08-05 06:00:00,4.62,3.97,0.450,0.730
2022-08-05 08:00:00,3.09,3.95,3.05,1.09
2022-08-05 10:00:00,0.914,3.97,6.42,1.10
2022-08-05 12:00:00,0.0156,3.90,7.05,1.10
2022-08-05 14:00:00,0.0156,3.90,7.18,1.13
2022-08-05 16:00:00,0.250,3.91,6.10,1.11
2022-08-05 18:00:00,2.11,3.95,3.77,1.10
2022-08-05 20:00:00,4.45,3.91,0.462,0.643
2022-08-05 22:00:00,4.38,3.91,0,0.220
2022-08-06 00:00:00,4.27,3.87,0.0100,0.192
2022-08-06 02:00:00,4.27,3.84,0,0.191
2022-08-06 04:00:00,4.09,3.84,0.0200,0.190
2022-08-06 06:00:00,3.37,3.83,0.428,0.186
2022-08-06 08:00:00,0.711,3.84,3.46,0.187
2022-08-06 10:00:00,0.00781,3.83,4.99,0.199
2022-08-06 12:00:00,0,3.86,9.71,0.378
2022-08-06 14:00:00,0,3.86,10.4,0.720
2022-08-06 16:00:00,0.0156,3.86,7.79,0.788
2022-08-06 18:00:00,0.211,3.85,4.87,0.790
2022-08-06 20:00:00,1.93,3.82,2.63,0.491
2022-08-06 22:00:00,3.80,3.84,0.348,0.191
2022-08-07 00:00:00,3.87,3.84,0,0.189
2022-08-07 02:00:00,3.89,3.85,0.0100,0.189
2022-08-07 04:00:00,3.84,3.84,0.00600,0.192
2022-08-07 06:00:00,3.25,3.84,0.384,0.213
2022-08-07 08:00:00,0.492,3.84,3.14,0.190
2022-08-07 10:00:00,0.00781,3.84,5.24,0.239
2022-08-07 12:00:00,0,3.84,10.2,0.695
2022-08-07 14:00:00,0,3.84,10.3,0.790
2022-08-07 16:00:00,0.0156,3.83,7.61,0.796
2022-08-07 18:00:00,0.195,3.83,4.98,0.796
2022-08-07 20:00:00,2.30,3.83,2.59,0.669
2022-08-07 22:00:00,3.91,3.84,0.218,0.192
2022-08-08 00:00:00,3.75,3.84,0,0.187
2022-08-08 02:00:00,3.91,3.84,0.0100,0.191
2022-08-08 04:00:00,3.63,3.83,0,0.225
2022-08-08 06:00:00,3.79,3.83,0.402,0.484
2022-08-08 08:00:00,1.32,3.84,3.64,0.485
2022-08-08 10:00:00,0.0156,3.91,5.87,0.735
2022-08-08 12:00:00,0,3.88,8.42,1.10
2022-08-08 14:00:00,0,3.83,9.85,1.11
2022-08-08 16:00:00,0.0234,3.84,7.45,1.13
2022-08-08 18:00:00,0.320,3.81,5.35,1.12
2022-08-08 20:00:00,3.25,3.85,2.13,0.949
2022-08-08 22:00:00,4.05,3.87,0,0.215
2022-08-09 00:00:00,3.80,3.88,0,0.189
2022-08-09 02:00:00,3.86,3.88,0.0100,0.189
2022-08-09 04:00:00,3.67,3.89,0,0.190
2022-08-09 06:00:00,3.39,3.88,0.394,0.449
2022-08-09 08:00:00,1.99,2.96,3.66,0.485
2022-08-09 10:00:00,1.48,0.0234,8.33,0.889
2022-08-09 12:00:00,0.227,0,10.2,1.10
2022-08-09 14:00:00,1.76,0,10.0,1.13
2022-08-09 16:00:00,3.70,0,7.08,1.17
2022-08-09 18:00:00,6.93,0,3.06,1.13
2022-08-09 20:00:00,9.05,0,0.200,0.985
2022-08-09 22:00:00,7.86,0,0,0.416
2022-08-10 00:00:00,7.50,0,0,0.190
2022-08-10 02:00:00,7.33,0,0,0.191
2022-08-10 04:00:00,7.42,0,0,0.191
2022-08-10 06:00:00,7.26,0,0.376,0.441
2022-08-10 08:00:00,5.60,0,3.65,0.549
2022-08-10 10:00:00,1.76,0,8.42,1.07
2022-08-10 12:00:00,0.453,0,10.1,1.10
2022-08-10 14:00:00,0.953,0,10.00,1.12
2022-08-10 16:00:00,4.02,0,6.76,1.13
2022-08-10 18:00:00,7.13,0,2.79,1.11
2022-08-10 20:00:00,9.03,0,0.200,0.983
2022-08-10 22:00:00,8.02,0,0.00200,0.256
2022-08-11 00:00:00,7.80,0,0,0.191
2022-08-11 02:00:00,7.70,0,0.00800,0.187
2022-08-11 04:00:00,7.76,0,0,0.186
2022-08-11 06:00:00,7.36,0,0.276,0.441
2022-08-11 08:00:00,5.72,0.617,3.59,0.530
2022-08-11 10:00:00,1.15,1.85,8.18,1.03
2022-08-11 12:00:00,0.141,1.81,9.44,1.10
2022-08-11 14:00:00,0.0469,3.45,9.14,1.12
2022-08-11 16:00:00,0.0156,6.08,5.73,1.16
2022-08-11 18:00:00,0.195,5.88,4.46,1.13
2022-08-11 20:00:00,3.24,5.18,1.23,0.930
2022-08-11 22:00:00,3.10,4.95,0,0.221
2022-08-12 00:00:00,2.96,4.77,0,0.190
2022-08-12 02:00:00,2.81,4.66,0,0.190
2022-08-12 04:00:00,2.94,4.56,0.0120,0.187
2022-08-12 06:00:00,2.64,4.55,0.342,0.444
2022-08-12 08:00:00,0.781,4.69,3.06,0.515
2022-08-12 10:00:00,0.00781,4.55,5.28,1.04
2022-08-12 12:00:00,0,4.86,8.99,1.10
2022-08-12 14:00:00,0.0234,5.22,9.53,1.11
2022-08-12 16:00:00,0.0547,5.43,6.54,1.13
2022-08-12 18:00:00,0.164,5.54,4.12,1.12
2022-08-12 20:00:00,1.31,5.26,2.73,0.968
2022-08-12 22:00:00,2.63,5.02,0.374,0.217
2022-08-13 00:00:00,2.78,5,0,0.191
2022-08-13 02:00:00,2.74,4.86,0.00800,0.189
2022-08-13 04:00:00,2.73,4.85,0.00800,0.186
2022-08-13 06:00:00,2.30,4.62,0.332,0.191
2022-08-13 08:00:00,0.242,4.71,2.46,0.189
2022-08-13 10:00:00,0,5,4.90,0.469
2022-08-13 12:00:00,0,5.17,9.80,0.786
2022-08-13 14:00:00,0,5.38,9.83,0.794
2022-08-13 16:00:00,0.0156,5.41,7.07,0.804
2022-08-13 18:00:00,0.0859,5.39,3.79,0.798
2022-08-13 20:00:00,0.742,5.22,2.84,0.709
2022-08-13 22:00:00,2.30,4.81,0.634,0.216
2022-08-14 00:00:00,2.84,5,0,0.191
2022-08-14 02:00:00,2.73,4.72,0.00600,0.189
2022-08-14 04:00:00,2.76,4.73,0,0.187
2022-08-14 06:00:00,2.33,4.82,0.332,0.191
2022-08-14 08:00:00,0.273,4.84,2.43,0.191
2022-08-14 10:00:00,0.00781,5.15,4.77,0.559
2022-08-14 12:00:00,0,5.36,9.53,0.793
2022-08-14 14:00:00,0,5.52,9.23,0.813
2022-08-14 16:00:00,0.0391,5.41,5.47,0.818
2022-08-14 18:00:00,0.148,5.40,3.55,0.798
2022-08-14 20:00:00,1.54,5.31,2.21,0.789
2022-08-14 22:00:00,3.45,5.23,0.248,0.784
2022-08-15 00:00:00,3.55,4.99,0,0.783
2022-08-15 02:00:00,3.18,5.02,0.0100,0.457
2022-08-15 04:00:00,2.94,5.01,0,0.197
2022-08-15 06:00:00,3.05,4.90,0.0980,0.458
2022-08-15 08:00:00,3.26,4.87,0.794,0.491
2022-08-15 10:00:00,0.0781,4.94,4.85,0.515
2022-08-15 12:00:00,0.0625,5.02,6.21,0.946
2022-08-15 14:00:00,0.117,5.03,6.34,1.10
2022-08-15 16:00:00,0.0859,4.98,4.99,1.04
2022-08-15 18:00:00,0.234,4.96,3.93,1.03
2022-08-15 20:00:00,1.76,4.93,1.61,0.421
2022-08-15 22:00:00,2.89,4.85,0,0.192
2022-08-16 00:00:00,2.85,4.48,0,0.189
2022-08-16 02:00:00,2.86,4.41,0,0.187
2022-08-16 04:00:00,2.80,4.41,0,0.191
2022-08-16 06:00:00,2.07,4.54,0.214,0.442
2022-08-16 08:00:00,1.28,4.59,2.83,0.494
2022-08-16 10:00:00,1.12,4.44,5.22,0.791
2022-08-16 12:00:00,0.0547,4.79,6.75,1.09
2022-08-16 14:00:00,0.0859,5.06,8.36,1.10
2022-08-16 16:00:00,0.0156,5.42,6.87,1.11
2022-08-16 18:00:00,0.109,5.29,4.11,1.11
2022-08-16 20:00:00,1.16,5.13,2.52,0.875
2022-08-16 22:00:00,2.48,5.04,0.360,0.204
2022-08-17 00:00:00,2.73,4.75,0,0.191
2022-08-17 02:00:00,2.61,4.63,0,0.189
2022-08-17 04:00:00,2.62,4.59,0.0100,0.190
2022-08-17 06:00:00,2.55,4.56,0.332,0.446
2022-08-17 08:00:00,2.77,4.63,1.17,0.496
2022-08-17 10:00:00,4,4.66,1.11,0.515
2022-08-17 12:00:00,1.63,4.63,3.38,0.586
2022-08-17 14:00:00,0.945,4.66,4.75,1.06
2022-08-17 16:00:00,0.0859,4.77,5.65,1.11
2022-08-17 18:00:00,1.95,4.83,3.07,1.11
2022-08-17 20:00:00,4.01,4.74,0.0700,0.874
2022-08-17 22:00:00,3.34,4.69,0,0.216
2022-08-18 00:00:00,3.17,4.70,0,0.219
2022-08-18 02:00:00,3.11,4.87,0,0.192
2022-08-18 04:00:00,3.05,4.86,0.00600,0.189
2022-08-18 06:00:00,3.21,4.83,0.0240,0.445
2022-08-18 08:00:00,3.37,4.80,1.03,0.493
2022-08-18 10:00:00,3.34,4.84,1.50,0.491
2022-08-18 12:00:00,0.242,4.98,4.81,0.525
2022-08-18 14:00:00,0.0234,5.42,6.11,1.05
2022-08-18 16:00:00,0.0391,5.30,4.94,1.10
2022-08-18 18:00:00,1.10,5.16,4.23,1.09
2022-08-18 20:00:00,2.59,4.99,0.672,0.786
2022-08-18 22:00:00,2.59,4.99,0,0.194
2022-08-19 00:00:00,2.59,4.99,0,0.194
2022-08-19 02:00:00,2.59,4.99,0,0.194
2022-08-19 04:00:00,2.59,4.99,0.0120,0.194
2022-08-19 06:00:00,2.59,4.99,0.256,0.456
2022-08-19 08:00:00,1.60,4.59,1.62,0.495
2022-08-19 10:00:00,0.352,4.79,3.90,0.789
2022-08-19 12:00:00,0.00781,5.02,5.89,1.09
2022-08-19 14:00:00,0.0781,5.28,5.60,1.09
2022-08-19 16:00:00,0.0938,5.50,5.13,1.10
2022-08-19 18:00:00,0.578,5.19,3.67,1.10
2022-08-19 20:00:00,2.92,5.09,0.856,0.986
2022-08-19 22:00:00,3.27,5.04,0,0.601
2022-08-20 00:00:00,2.85,4.92,0,0.210
2022-08-20 02:00:00,2.80,4.62,0,0.191
2022-08-20 04:00:00,2.82,4.69,0.00800,0.191
2022-08-20 06:00:00,2.59,4.63,0.224,0.190
2022-08-20 08:00:00,0.953,4.55,1.72,0.190
2022-08-20 10:00:00,0.164,4.74,2.79,0.191
2022-08-20 12:00:00,0.00781,5.23,4.49,0.388
2022-08-20 14:00:00,0.0234,5.05,8.25,0.773
2022-08-20 16:00:00,0.00781,5.16,6.79,0.789
2022-08-20 18:00:00,0.0703,5.13,3.61,0.793
2022-08-20 20:00:00,0.805,4.80,2.56,0.695
2022-08-20 22:00:00,2.06,4.73,0.724,0.201
2022-08-21 00:00:00,2.65,4.69,0,0.190
2022-08-21 02:00:00,2.60,4.59,0.00800,0.192
2022-08-21 04:00:00,2.64,4.51,0.0100,0.195
2022-08-21 06:00:00,2.24,4.55,0.258,0.241
2022-08-21 08:00:00,0.320,4.70,2.20,0.197
2022-08-21 10:00:00,0.00781,4.74,4.46,0.220
2022-08-21 12:00:00,0,4.80,8.84,0.575
2022-08-21 14:00:00,0,4.91,9.54,0.784
2022-08-21 16:00:00,0,4.90,6.69,0.789
2022-08-21 18:00:00,0.102,4.89,3.59,0.791
2022-08-21 20:00:00,0.750,4.55,2.34,0.431
2022-08-21 22:00:00,2.05,4.30,0.664,0.191
2022-08-22 00:00:00,2.67,4.30,0,0.191
2022-08-22 02:00:00,2.59,4.12,0.0100,0.192
2022-08-22 04:00:00,2.60,4.16,0.0260,0.192
2022-08-22 06:00:00,2.60,4.19,0.244,0.455
2022-08-22 08:00:00,0.711,4.22,2.72,0.485
2022-08-22 10:00:00,0.00781,4.71,5.05,0.779
2022-08-22 12:00:00,0.0625,4.81,8.15,1.10
2022-08-22 14:00:00,0.0781,5.41,7.88,1.10
2022-08-22 16:00:00,0.0234,5.21,6.68,1.12
2022-08-22 18:00:00,0.141,5.44,4.06,1.11
2022-08-22 20:00:00,1.18,5.06,2.41,0.795
2022-08-22 22:00:00,2.53,4.96,0.312,0.192
2022-08-23 00:00:00,2.69,4.80,0,0.190
2022-08-23 02:00:00,2.65,4.66,0.0100,0.190
2022-08-23 04:00:00,2.66,4.66,0.0160,0.191
2022-08-23 06:00:00,2.70,4.63,0.242,0.448
2022-08-23 08:00:00,0.875,4.79,2.66,0.488
2022-08-23 10:00:00,0.00781,5.05,4.78,0.840
2022-08-23 12:00:00,0,5.25,8.11,1.09
2022-08-23 14:00:00,0.0313,5.46,7.95,1.11
2022-08-23 16:00:00,0.0156,5.34,6.54,1.15
2022-08-23 18:00:00,0.227,5.27,4.45,1.13
2022-08-23 20:00:00,1.84,4.95,1.84,0.839
2022-08-23 22:00:00,2.50,4.63,0.146,0.201
2022-08-24 00:00:00,2.50,4.58,0,0.191
2022-08-24 02:00:00,2.48,4.55,0.00800,0.189
2022-08-24 04:00:00,2.40,4.52,0.0160,0.192
2022-08-24 06:00:00,2.65,4.45,0.248,0.445
2022-08-24 08:00:00,1.26,4.55,2.39,0.485
2022-08-24 10:00:00,0.0234,4.72,5.22,0.891
2022-08-24 12:00:00,0,4.81,7.38,1.10
2022-08-24 14:00:00,0.0156,4.90,8.90,1.16
2022-08-24 16:00:00,0.0313,4.91,6.08,1.18
2022-08-24 18:00:00,0.156,4.91,4.31,1.14
2022-08-24 20:00:00,1.72,4.82,2.23,0.991
2022-08-24 22:00:00,2.97,4.73,0.0180,0.411
2022-08-25 00:00:00,2.54,4.69,0,0.194
2022-08-25 02:00:00,2.44,4.67,0.00800,0.191
2022-08-25 04:00:00,2.45,4.60,0.0160,0.190
2022-08-25 06:00:00,2.62,4.56,0.200,0.441
2022-08-25 08:00:00,1.13,4.76,2.62,0.519
2022-08-25 10:00:00,0.0234,4.92,5.28,1.04
2022-08-25 12:00:00,0.0469,4.99,7.00,1.10
2022-08-25 14:00:00,0.125,5.02,7.44,1.11
2022-08-25 16:00:00,0.0391,5.08,6.16,1.16
2022-08-25 18:00:00,0.297,5.09,4.23,1.14
2022-08-25 20:00:00,2.57,4.91,1.78,0.975
2022-08-25 22:00:00,3.05,4.80,0.0440,0.269
2022-08-26 00:00:00,2.95,4.73,0,0.194
2022-08-26 02:00:00,2.88,4.70,0,0.191
2022-08-26 04:00:00,2.80,4.71,0,0.189
2022-08-26 06:00:00,3.03,4.69,0.144,0.442
2022-08-26 08:00:00,1.79,4.78,1.87,0.491

