"Time","Radiation"
2022-04-30 23:00:00,1.19
2022-05-01 02:00:00,1.19
2022-05-01 05:00:00,35.7
2022-05-01 08:00:00,242
2022-05-01 11:00:00,328
2022-05-01 14:00:00,260
2022-05-01 17:00:00,165
2022-05-01 20:00:00,3.85
2022-05-01 23:00:00,1.08
2022-05-02 02:00:00,1.08
2022-05-02 05:00:00,42.0
2022-05-02 08:00:00,386
2022-05-02 11:00:00,774
2022-05-02 14:00:00,483
2022-05-02 17:00:00,120
2022-05-02 20:00:00,4.95
2022-05-02 23:00:00,1.11
2022-05-03 02:00:00,1.09
2022-05-03 05:00:00,34.9
2022-05-03 08:00:00,516
2022-05-03 11:00:00,717
2022-05-03 14:00:00,370
2022-05-03 17:00:00,44.7
2022-05-03 20:00:00,2.36
2022-05-03 23:00:00,1.07
2022-05-04 02:00:00,1.05
2022-05-04 05:00:00,41.6
2022-05-04 08:00:00,517
2022-05-04 11:00:00,589
2022-05-04 14:00:00,574
2022-05-04 17:00:00,128
2022-05-04 20:00:00,5.89
2022-05-04 23:00:00,1.08
2022-05-05 02:00:00,1.08
2022-05-05 05:00:00,23.3
2022-05-05 08:00:00,75.0
2022-05-05 11:00:00,116
2022-05-05 14:00:00,234
2022-05-05 17:00:00,82.7
2022-05-05 20:00:00,6.38
2022-05-05 23:00:00,1.17
2022-05-06 02:00:00,1.18
2022-05-06 05:00:00,28.4
2022-05-06 08:00:00,221
2022-05-06 11:00:00,620
2022-05-06 14:00:00,614
2022-05-06 17:00:00,199
2022-05-06 20:00:00,4.95
2022-05-06 23:00:00,1.03
2022-05-07 02:00:00,1.03
2022-05-07 05:00:00,35.5
2022-05-07 08:00:00,599
2022-05-07 11:00:00,780
2022-05-07 14:00:00,471
2022-05-07 17:00:00,171
2022-05-07 20:00:00,6.24
2022-05-07 23:00:00,1.04
2022-05-08 02:00:00,1.06
2022-05-08 05:00:00,40.4
2022-05-08 08:00:00,539
2022-05-08 11:00:00,713
2022-05-08 14:00:00,588
2022-05-08 17:00:00,185
2022-05-08 20:00:00,9.55
2022-05-08 23:00:00,1.04
2022-05-09 02:00:00,1.04
2022-05-09 05:00:00,41.6
2022-05-09 08:00:00,574
2022-05-09 11:00:00,828
2022-05-09 14:00:00,625
2022-05-09 17:00:00,171
2022-05-09 20:00:00,6.07
2022-05-09 23:00:00,1.03
2022-05-10 02:00:00,1.01
2022-05-10 05:00:00,61.3
2022-05-10 08:00:00,511
2022-05-10 11:00:00,779
2022-05-10 14:00:00,519
2022-05-10 17:00:00,146
2022-05-10 20:00:00,5.51
2022-05-10 23:00:00,1.03
2022-05-11 02:00:00,1.01
2022-05-11 05:00:00,37.3
2022-05-11 08:00:00,592
2022-05-11 11:00:00,837
2022-05-11 14:00:00,588
2022-05-11 17:00:00,175
2022-05-11 20:00:00,5.86
2022-05-11 23:00:00,1.06
2022-05-12 02:00:00,1.06
2022-05-12 05:00:00,36.9
2022-05-12 08:00:00,443
2022-05-12 11:00:00,576
2022-05-12 14:00:00,526
2022-05-12 17:00:00,126
2022-05-12 20:00:00,7.16
2022-05-12 23:00:00,1.03
2022-05-13 02:00:00,1.03
2022-05-13 05:00:00,16.6
2022-05-13 08:00:00,253
2022-05-13 11:00:00,816
2022-05-13 14:00:00,654
2022-05-13 17:00:00,183
2022-05-13 20:00:00,6.11
2022-05-13 23:00:00,0.894
2022-05-14 02:00:00,0.897
2022-05-14 05:00:00,68.1
2022-05-14 08:00:00,629
2022-05-14 11:00:00,862
2022-05-14 14:00:00,639
2022-05-14 17:00:00,185
2022-05-14 20:00:00,7.00
2022-05-14 23:00:00,0.904
2022-05-15 02:00:00,0.906
2022-05-15 05:00:00,77.2
2022-05-15 08:00:00,583
2022-05-15 11:00:00,845
2022-05-15 14:00:00,638
2022-05-15 17:00:00,192
2022-05-15 20:00:00,5.95
2022-05-15 23:00:00,0.975
2022-05-16 02:00:00,0.971
2022-05-16 05:00:00,53.2
2022-05-16 08:00:00,391
2022-05-16 11:00:00,446
2022-05-16 14:00:00,455
2022-05-16 17:00:00,152
2022-05-16 20:00:00,8.93
2022-05-16 23:00:00,0.952
2022-05-17 02:00:00,0.949
2022-05-17 05:00:00,89.7
2022-05-17 08:00:00,505
2022-05-17 11:00:00,799
2022-05-17 14:00:00,623
2022-05-17 17:00:00,193
2022-05-17 20:00:00,7.46
2022-05-17 23:00:00,0.957
2022-05-18 02:00:00,0.953
2022-05-18 05:00:00,91.7
2022-05-18 08:00:00,627
2022-05-18 11:00:00,863
2022-05-18 14:00:00,657
2022-05-18 17:00:00,200
2022-05-18 20:00:00,6.66
2022-05-18 23:00:00,0.988
2022-05-19 02:00:00,0.967
2022-05-19 05:00:00,74.0
2022-05-19 08:00:00,580
2022-05-19 11:00:00,776
2022-05-19 14:00:00,582
2022-05-19 17:00:00,166
2022-05-19 20:00:00,4.10
2022-05-19 23:00:00,0.957
2022-05-20 02:00:00,0.954
2022-05-20 05:00:00,66.5
2022-05-20 08:00:00,583
2022-05-20 11:00:00,827
2022-05-20 14:00:00,388
2022-05-20 17:00:00,140
2022-05-20 20:00:00,2.56
2022-05-20 23:00:00,0.947
2022-05-21 02:00:00,0.907
2022-05-21 05:00:00,103
2022-05-21 08:00:00,384
2022-05-21 11:00:00,868
2022-05-21 14:00:00,574
2022-05-21 17:00:00,176
2022-05-21 20:00:00,11.8
2022-05-21 23:00:00,0.806
2022-05-22 02:00:00,0.817
2022-05-22 05:00:00,86.7
2022-05-22 08:00:00,600
2022-05-22 11:00:00,860
2022-05-22 14:00:00,531
2022-05-22 17:00:00,114
2022-05-22 20:00:00,6.60
2022-05-22 23:00:00,0.958
2022-05-23 02:00:00,0.940
2022-05-23 05:00:00,26.8
2022-05-23 08:00:00,413
2022-05-23 11:00:00,345
2022-05-23 14:00:00,473
2022-05-23 17:00:00,159
2022-05-23 20:00:00,5.59
2022-05-23 23:00:00,0.976
2022-05-24 02:00:00,0.943
2022-05-24 05:00:00,46.6
2022-05-24 08:00:00,304
2022-05-24 11:00:00,679
2022-05-24 14:00:00,529
2022-05-24 17:00:00,228
2022-05-24 20:00:00,10.5
2022-05-24 23:00:00,0.903
2022-05-25 02:00:00,0.914
2022-05-25 05:00:00,116
2022-05-25 08:00:00,667
2022-05-25 11:00:00,532
2022-05-25 14:00:00,546
2022-05-25 17:00:00,206
2022-05-25 20:00:00,17.8
2022-05-25 23:00:00,0.956
2022-05-26 02:00:00,0.992
2022-05-26 05:00:00,56.8
2022-05-26 08:00:00,265
2022-05-26 11:00:00,337
2022-05-26 14:00:00,444
2022-05-26 17:00:00,185
2022-05-26 20:00:00,7.01
2022-05-26 23:00:00,0.996
2022-05-27 02:00:00,0.985
2022-05-27 05:00:00,26.5
2022-05-27 08:00:00,140
2022-05-27 11:00:00,300
2022-05-27 14:00:00,337
2022-05-27 17:00:00,204
2022-05-27 20:00:00,12.1
2022-05-27 23:00:00,1.02
2022-05-28 02:00:00,0.997
2022-05-28 05:00:00,138
2022-05-28 08:00:00,615
2022-05-28 11:00:00,803
2022-05-28 14:00:00,583
2022-05-28 17:00:00,148
2022-05-28 20:00:00,9.27
2022-05-28 23:00:00,0.989
2022-05-29 02:00:00,1.00
2022-05-29 05:00:00,46.0
2022-05-29 08:00:00,240
2022-05-29 11:00:00,621
2022-05-29 14:00:00,635
2022-05-29 17:00:00,235
2022-05-29 20:00:00,9.52
2022-05-29 23:00:00,0.976
2022-05-30 02:00:00,0.965
2022-05-30 05:00:00,152
2022-05-30 08:00:00,672
2022-05-30 11:00:00,763
2022-05-30 14:00:00,553
2022-05-30 17:00:00,231
2022-05-30 20:00:00,11.0
2022-05-30 23:00:00,0.974
2022-05-31 02:00:00,0.999
2022-05-31 05:00:00,139
2022-05-31 08:00:00,499
2022-05-31 11:00:00,871
2022-05-31 14:00:00,490
2022-05-31 17:00:00,167
2022-05-31 20:00:00,9.75
2022-05-31 23:00:00,1.06
2022-06-01 02:00:00,1.05
2022-06-01 05:00:00,147
2022-06-01 08:00:00,668
2022-06-01 11:00:00,842
2022-06-01 14:00:00,652
2022-06-01 17:00:00,240
2022-06-01 20:00:00,21.9
2022-06-01 23:00:00,1.03
2022-06-02 02:00:00,1.02
2022-06-02 05:00:00,125
2022-06-02 08:00:00,671
2022-06-02 11:00:00,839
2022-06-02 14:00:00,551
2022-06-02 17:00:00,237
2022-06-02 20:00:00,14.3
2022-06-02 23:00:00,1.02
2022-06-03 02:00:00,1.02
2022-06-03 05:00:00,122
2022-06-03 08:00:00,615
2022-06-03 11:00:00,626
2022-06-03 14:00:00,277
2022-06-03 17:00:00,129
2022-06-03 20:00:00,11.4
2022-06-03 23:00:00,1.06
2022-06-04 02:00:00,1.04
2022-06-04 05:00:00,86.1
2022-06-04 08:00:00,127
2022-06-04 11:00:00,285
2022-06-04 14:00:00,577
2022-06-04 17:00:00,224
2022-06-04 20:00:00,10.1
2022-06-04 23:00:00,1.05
2022-06-05 02:00:00,1.06
2022-06-05 05:00:00,17.6
2022-06-05 08:00:00,182
2022-06-05 11:00:00,602
2022-06-05 14:00:00,245
2022-06-05 17:00:00,171
2022-06-05 20:00:00,16.8
2022-06-05 23:00:00,1.03
2022-06-06 02:00:00,1.05
2022-06-06 05:00:00,104
2022-06-06 08:00:00,429
2022-06-06 11:00:00,504
2022-06-06 14:00:00,328
2022-06-06 17:00:00,118
2022-06-06 20:00:00,12.7
2022-06-06 23:00:00,1.05
2022-06-07 02:00:00,1.03
2022-06-07 05:00:00,157
2022-06-07 08:00:00,480
2022-06-07 11:00:00,630
2022-06-07 14:00:00,563
2022-06-07 17:00:00,131
2022-06-07 20:00:00,15.4
2022-06-07 23:00:00,1.00
2022-06-08 02:00:00,1.01
2022-06-08 05:00:00,131
2022-06-08 08:00:00,648
2022-06-08 11:00:00,761
2022-06-08 14:00:00,216
2022-06-08 17:00:00,101
2022-06-08 20:00:00,12.7
2022-06-08 23:00:00,1.04
2022-06-09 02:00:00,1.04
2022-06-09 05:00:00,158
2022-06-09 08:00:00,369
2022-06-09 11:00:00,850
2022-06-09 14:00:00,401
2022-06-09 17:00:00,214
2022-06-09 20:00:00,11.7
2022-06-09 23:00:00,1.00
2022-06-10 02:00:00,1.01
2022-06-10 05:00:00,161
2022-06-10 08:00:00,680
2022-06-10 11:00:00,912
2022-06-10 14:00:00,742
2022-06-10 17:00:00,250
2022-06-10 20:00:00,12.5
2022-06-10 23:00:00,1.02
2022-06-11 02:00:00,1.02
2022-06-11 05:00:00,160
2022-06-11 08:00:00,661
2022-06-11 11:00:00,882
2022-06-11 14:00:00,707
2022-06-11 17:00:00,239
2022-06-11 20:00:00,11.4
2022-06-11 23:00:00,1.03
2022-06-12 02:00:00,1.02
2022-06-12 05:00:00,155
2022-06-12 08:00:00,662
2022-06-12 11:00:00,899
2022-06-12 14:00:00,515
2022-06-12 17:00:00,238
2022-06-12 20:00:00,19.4
2022-06-12 23:00:00,1.06
2022-06-13 02:00:00,1.02
2022-06-13 05:00:00,96.1
2022-06-13 08:00:00,628
2022-06-13 11:00:00,786
2022-06-13 14:00:00,579
2022-06-13 17:00:00,216
2022-06-13 20:00:00,11.2
2022-06-13 23:00:00,0.987
2022-06-14 02:00:00,0.954
2022-06-14 05:00:00,158
2022-06-14 08:00:00,675
2022-06-14 11:00:00,909
2022-06-14 14:00:00,710
2022-06-14 17:00:00,241
2022-06-14 20:00:00,22.2
2022-06-14 23:00:00,1.01
2022-06-15 02:00:00,0.990
2022-06-15 05:00:00,166
2022-06-15 08:00:00,676
2022-06-15 11:00:00,905
2022-06-15 14:00:00,690
2022-06-15 17:00:00,268
2022-06-15 20:00:00,20.6
2022-06-15 23:00:00,0.985
2022-06-16 02:00:00,0.979
2022-06-16 05:00:00,115
2022-06-16 08:00:00,586
2022-06-16 11:00:00,888
2022-06-16 14:00:00,704
2022-06-16 17:00:00,244
2022-06-16 20:00:00,14.0
2022-06-16 23:00:00,0.978
2022-06-17 02:00:00,0.935
2022-06-17 05:00:00,153
2022-06-17 08:00:00,639
2022-06-17 11:00:00,880
2022-06-17 14:00:00,684
2022-06-17 17:00:00,244
2022-06-17 20:00:00,10.6
2022-06-17 23:00:00,0.976
2022-06-18 02:00:00,0.964
2022-06-18 05:00:00,127
2022-06-18 08:00:00,599
2022-06-18 11:00:00,838
2022-06-18 14:00:00,659
2022-06-18 17:00:00,237
2022-06-18 20:00:00,17.0
2022-06-18 23:00:00,1.05
2022-06-19 02:00:00,0.989
2022-06-19 05:00:00,130
2022-06-19 08:00:00,617
2022-06-19 11:00:00,859
2022-06-19 14:00:00,676
2022-06-19 17:00:00,237
2022-06-19 20:00:00,15.2
2022-06-19 23:00:00,0.990
2022-06-20 02:00:00,0.964
2022-06-20 05:00:00,58.6
2022-06-20 08:00:00,414
2022-06-20 11:00:00,389
2022-06-20 14:00:00,363
2022-06-20 17:00:00,248
2022-06-20 20:00:00,17.9
2022-06-20 23:00:00,0.883
2022-06-21 02:00:00,0.875
2022-06-21 05:00:00,155
2022-06-21 08:00:00,447
2022-06-21 11:00:00,788
2022-06-21 14:00:00,649
2022-06-21 17:00:00,241
2022-06-21 20:00:00,20.0
2022-06-21 23:00:00,1.01
2022-06-22 02:00:00,1
2022-06-22 05:00:00,39.5
2022-06-22 08:00:00,106
2022-06-22 11:00:00,177
2022-06-22 14:00:00,211
2022-06-22 17:00:00,121
2022-06-22 20:00:00,17.9
2022-06-22 23:00:00,1.03
2022-06-23 02:00:00,1.01
2022-06-23 05:00:00,93.8
2022-06-23 08:00:00,640
2022-06-23 11:00:00,844
2022-06-23 14:00:00,645
2022-06-23 17:00:00,218
2022-06-23 20:00:00,11.8
2022-06-23 23:00:00,0.999
2022-06-24 02:00:00,1.00
2022-06-24 05:00:00,130
2022-06-24 08:00:00,533
2022-06-24 11:00:00,721
2022-06-24 14:00:00,486
2022-06-24 17:00:00,90.3
2022-06-24 20:00:00,6.87
2022-06-24 23:00:00,0.986
2022-06-25 02:00:00,0.976
2022-06-25 05:00:00,158
2022-06-25 08:00:00,622
2022-06-25 11:00:00,611
2022-06-25 14:00:00,417
2022-06-25 17:00:00,256
2022-06-25 20:00:00,17.8
2022-06-25 23:00:00,1.00
2022-06-26 02:00:00,1.02
2022-06-26 05:00:00,143
2022-06-26 08:00:00,658
2022-06-26 11:00:00,631
2022-06-26 14:00:00,566
2022-06-26 17:00:00,229
2022-06-26 20:00:00,19.2
2022-06-26 23:00:00,1.00
2022-06-27 02:00:00,1.01
2022-06-27 05:00:00,37.9
2022-06-27 08:00:00,93.4
2022-06-27 11:00:00,314
2022-06-27 14:00:00,298
2022-06-27 17:00:00,184
2022-06-27 20:00:00,16.4
2022-06-27 23:00:00,1.04
2022-06-28 02:00:00,1.00
2022-06-28 05:00:00,161
2022-06-28 08:00:00,656
2022-06-28 11:00:00,904
2022-06-28 14:00:00,649
2022-06-28 17:00:00,200
2022-06-28 20:00:00,13.3
2022-06-28 23:00:00,1.07
2022-06-29 02:00:00,1.07
2022-06-29 05:00:00,74.2
2022-06-29 08:00:00,417
2022-06-29 11:00:00,767
2022-06-29 14:00:00,672
2022-06-29 17:00:00,245
2022-06-29 20:00:00,12.5
2022-06-29 23:00:00,1.02
2022-06-30 02:00:00,1.02
2022-06-30 05:00:00,151
2022-06-30 08:00:00,656
2022-06-30 11:00:00,856
2022-06-30 14:00:00,683
2022-06-30 17:00:00,187
2022-06-30 20:00:00,5.77
2022-06-30 23:00:00,1.00
2022-07-01 02:00:00,0.982
2022-07-01 05:00:00,13.6
2022-07-01 08:00:00,105
2022-07-01 11:00:00,573
2022-07-01 14:00:00,459
2022-07-01 17:00:00,206
2022-07-01 20:00:00,11.7
2022-07-01 23:00:00,0.978
2022-07-02 02:00:00,0.979
2022-07-02 05:00:00,159
2022-07-02 08:00:00,674
2022-07-02 11:00:00,913
2022-07-02 14:00:00,726
2022-07-02 17:00:00,250
2022-07-02 20:00:00,11.0
2022-07-02 23:00:00,1.03
2022-07-03 02:00:00,1.02
2022-07-03 05:00:00,153
2022-07-03 08:00:00,665
2022-07-03 11:00:00,902
2022-07-03 14:00:00,699
2022-07-03 17:00:00,259
2022-07-03 20:00:00,12.2
2022-07-03 23:00:00,1.09
2022-07-04 02:00:00,1.07
2022-07-04 05:00:00,124
2022-07-04 08:00:00,623
2022-07-04 11:00:00,820
2022-07-04 14:00:00,686
2022-07-04 17:00:00,287
2022-07-04 20:00:00,21.5
2022-07-04 23:00:00,1.01
2022-07-05 02:00:00,1.01
2022-07-05 05:00:00,147
2022-07-05 08:00:00,657
2022-07-05 11:00:00,919
2022-07-05 14:00:00,750
2022-07-05 17:00:00,233
2022-07-05 20:00:00,12.0
2022-07-05 23:00:00,1.04
2022-07-06 02:00:00,1.02
2022-07-06 05:00:00,104
2022-07-06 08:00:00,605
2022-07-06 11:00:00,793
2022-07-06 14:00:00,699
2022-07-06 17:00:00,195
2022-07-06 20:00:00,20.2
2022-07-06 23:00:00,0.986
2022-07-07 02:00:00,0.988
2022-07-07 05:00:00,49.6
2022-07-07 08:00:00,205
2022-07-07 11:00:00,248
2022-07-07 14:00:00,313
2022-07-07 17:00:00,152
2022-07-07 20:00:00,15.3
2022-07-07 23:00:00,1.10
2022-07-08 02:00:00,1.04
2022-07-08 05:00:00,145
2022-07-08 08:00:00,566
2022-07-08 11:00:00,873
2022-07-08 14:00:00,717
2022-07-08 17:00:00,245
2022-07-08 20:00:00,11.4
2022-07-08 23:00:00,1.03
2022-07-09 02:00:00,1.03
2022-07-09 05:00:00,124
2022-07-09 08:00:00,608
2022-07-09 11:00:00,820
2022-07-09 14:00:00,529
2022-07-09 17:00:00,252
2022-07-09 20:00:00,8.44
2022-07-09 23:00:00,1.08
2022-07-10 02:00:00,1.08
2022-07-10 05:00:00,130
2022-07-10 08:00:00,387
2022-07-10 11:00:00,872
2022-07-10 14:00:00,577
2022-07-10 17:00:00,198
2022-07-10 20:00:00,15.7
2022-07-10 23:00:00,1.09
2022-07-11 02:00:00,1.11
2022-07-11 05:00:00,56.6
2022-07-11 08:00:00,487
2022-07-11 11:00:00,608
2022-07-11 14:00:00,509
2022-07-11 17:00:00,231
2022-07-11 20:00:00,14.7
2022-07-11 23:00:00,1.11
2022-07-12 02:00:00,1.09
2022-07-12 05:00:00,138
2022-07-12 08:00:00,650
2022-07-12 11:00:00,898
2022-07-12 14:00:00,706
2022-07-12 17:00:00,232
2022-07-12 20:00:00,12.4
2022-07-12 23:00:00,1.07
2022-07-13 02:00:00,1.08
2022-07-13 05:00:00,57.2
2022-07-13 08:00:00,496
2022-07-13 11:00:00,807
2022-07-13 14:00:00,343
2022-07-13 17:00:00,215
2022-07-13 20:00:00,15.4
2022-07-13 23:00:00,1.18
2022-07-14 02:00:00,1.08
2022-07-14 05:00:00,90.6
2022-07-14 08:00:00,541
2022-07-14 11:00:00,806
2022-07-14 14:00:00,454
2022-07-14 17:00:00,215
2022-07-14 20:00:00,16.7
2022-07-14 23:00:00,1.08
2022-07-15 02:00:00,1.03
2022-07-15 05:00:00,113
2022-07-15 08:00:00,628
2022-07-15 11:00:00,866
2022-07-15 14:00:00,664
2022-07-15 17:00:00,235
2022-07-15 20:00:00,11.6
2022-07-15 23:00:00,1.03
2022-07-16 02:00:00,1.01
2022-07-16 05:00:00,125
2022-07-16 08:00:00,633
2022-07-16 11:00:00,878
2022-07-16 14:00:00,617
2022-07-16 17:00:00,233
2022-07-16 20:00:00,11.1
2022-07-16 23:00:00,1.06
2022-07-17 02:00:00,1.04
2022-07-17 05:00:00,127
2022-07-17 08:00:00,638
2022-07-17 11:00:00,882
2022-07-17 14:00:00,693
2022-07-17 17:00:00,230
2022-07-17 20:00:00,10.0
2022-07-17 23:00:00,1.04
2022-07-18 02:00:00,1.03
2022-07-18 05:00:00,117
2022-07-18 08:00:00,602
2022-07-18 11:00:00,860
2022-07-18 14:00:00,673
2022-07-18 17:00:00,230
2022-07-18 20:00:00,12.2
2022-07-18 23:00:00,1.06
2022-07-19 02:00:00,1.05
2022-07-19 05:00:00,118
2022-07-19 08:00:00,631
2022-07-19 11:00:00,878
2022-07-19 14:00:00,695
2022-07-19 17:00:00,227
2022-07-19 20:00:00,10.4
2022-07-19 23:00:00,1.13
2022-07-20 02:00:00,1.10
2022-07-20 05:00:00,94.5
2022-07-20 08:00:00,572
2022-07-20 11:00:00,799
2022-07-21 05:00:00,155
2022-07-21 08:00:00,267
2022-07-21 11:00:00,588
2022-07-21 14:00:00,651
2022-07-21 17:00:00,166
2022-07-21 20:00:00,10.7
2022-07-21 23:00:00,1.01
2022-07-22 02:00:00,1.02
2022-07-22 05:00:00,76.1
2022-07-22 08:00:00,589
2022-07-22 11:00:00,852
2022-07-22 14:00:00,667
2022-07-22 17:00:00,201
2022-07-22 20:00:00,8.72
2022-07-22 23:00:00,1.10
2022-07-23 02:00:00,1.06
2022-07-23 05:00:00,28.8
2022-07-23 08:00:00,395
2022-07-23 11:00:00,772
2022-07-23 14:00:00,620
2022-07-23 17:00:00,208
2022-07-23 20:00:00,16.3
2022-07-23 23:00:00,1.05
2022-07-24 02:00:00,1.02
2022-07-24 05:00:00,67.1
2022-07-24 08:00:00,579
2022-07-24 11:00:00,846
2022-07-24 14:00:00,677
2022-07-24 17:00:00,216
2022-07-24 20:00:00,9.75
2022-07-24 23:00:00,1.03
2022-07-25 02:00:00,1.03
2022-07-25 05:00:00,70.1
2022-07-25 08:00:00,600
2022-07-25 11:00:00,691
2022-07-25 14:00:00,413
2022-07-25 17:00:00,201
2022-07-25 20:00:00,6.56
2022-07-25 23:00:00,1.10
2022-07-26 02:00:00,1.07
2022-07-26 05:00:00,45.4
2022-07-26 08:00:00,410
2022-07-26 11:00:00,643
2022-07-26 14:00:00,646
2022-07-26 17:00:00,209
2022-07-26 20:00:00,9.17
2022-07-26 23:00:00,1.05
2022-07-27 02:00:00,1.05
2022-07-27 05:00:00,47.0
2022-07-27 08:00:00,437
2022-07-27 11:00:00,824
2022-07-27 14:00:00,546
2022-07-27 17:00:00,227
2022-07-27 20:00:00,7.94
2022-07-27 23:00:00,1.02
2022-07-28 02:00:00,1.02
2022-07-28 05:00:00,60.8
2022-07-28 08:00:00,551
2022-07-28 11:00:00,712
2022-07-28 14:00:00,488
2022-07-28 17:00:00,161
2022-07-28 20:00:00,18.4
2022-07-28 23:00:00,1.11
2022-07-29 02:00:00,1.08
2022-07-29 05:00:00,42.1
2022-07-29 08:00:00,449
2022-07-29 11:00:00,730
2022-07-29 14:00:00,386
2022-07-29 17:00:00,210
2022-07-29 20:00:00,9.79
2022-07-29 23:00:00,1.11
2022-07-30 02:00:00,1.03
2022-07-30 05:00:00,49.4
2022-07-30 08:00:00,550
2022-07-30 11:00:00,758
2022-07-30 14:00:00,538
2022-07-30 17:00:00,205
2022-07-30 20:00:00,11.3
2022-07-30 23:00:00,1.10
2022-07-31 02:00:00,1.04
2022-07-31 05:00:00,29.9
2022-07-31 08:00:00,399
2022-07-31 11:00:00,681
2022-07-31 14:00:00,511
2022-07-31 17:00:00,195
2022-07-31 20:00:00,7.33
2022-07-31 23:00:00,1.13
2022-08-01 02:00:00,1.11
2022-08-01 05:00:00,30.8
2022-08-01 08:00:00,430
2022-08-01 11:00:00,532
2022-08-01 14:00:00,537
2022-08-01 17:00:00,142
2022-08-01 20:00:00,10.9
2022-08-01 23:00:00,1.12
2022-08-02 02:00:00,1.06
2022-08-02 05:00:00,42.9
2022-08-02 08:00:00,542
2022-08-02 11:00:00,777
2022-08-02 14:00:00,660
2022-08-02 17:00:00,202
2022-08-02 20:00:00,10.7
2022-08-02 23:00:00,1.07
2022-08-03 02:00:00,1.03
2022-08-03 05:00:00,29.6
2022-08-03 08:00:00,558
2022-08-03 11:00:00,830
2022-08-03 14:00:00,646
2022-08-03 17:00:00,187
2022-08-03 20:00:00,6.84
2022-08-03 23:00:00,1.12
2022-08-04 02:00:00,1.09
2022-08-04 05:00:00,27.7
2022-08-04 08:00:00,543
2022-08-04 11:00:00,826
2022-08-04 14:00:00,655
2022-08-04 17:00:00,185
2022-08-04 20:00:00,5.90
2022-08-04 23:00:00,1.19
2022-08-05 02:00:00,1.19
2022-08-05 05:00:00,25.6
2022-08-05 08:00:00,422
2022-08-05 11:00:00,759
2022-08-05 14:00:00,502
2022-08-05 17:00:00,123
2022-08-05 20:00:00,8.71
2022-08-05 23:00:00,1.07
2022-08-06 02:00:00,1.05
2022-08-06 05:00:00,28.8
2022-08-06 08:00:00,564
2022-08-06 11:00:00,820
2022-08-06 14:00:00,666
2022-08-06 17:00:00,190
2022-08-06 20:00:00,6.04
2022-08-06 23:00:00,1.05
2022-08-07 02:00:00,1.01
2022-08-07 05:00:00,24.9
2022-08-07 08:00:00,561
2022-08-07 11:00:00,852
2022-08-07 14:00:00,661
2022-08-07 17:00:00,186
2022-08-07 20:00:00,6.14
2022-08-07 23:00:00,1.06
2022-08-08 02:00:00,1.02
2022-08-08 05:00:00,20.5
2022-08-08 08:00:00,545
2022-08-08 11:00:00,836
2022-08-08 14:00:00,645
2022-08-08 17:00:00,180
2022-08-08 20:00:00,5.86
2022-08-08 23:00:00,1.07
2022-08-09 02:00:00,1.04
2022-08-09 05:00:00,22.4
2022-08-09 08:00:00,379
2022-08-09 11:00:00,830
2022-08-09 14:00:00,632
2022-08-09 17:00:00,178
2022-08-09 20:00:00,5.74
2022-08-09 23:00:00,1.16
2022-08-10 02:00:00,1.13
2022-08-10 05:00:00,22.6
2022-08-10 08:00:00,542
2022-08-10 11:00:00,828
2022-08-10 14:00:00,634
2022-08-10 17:00:00,140
2022-08-10 20:00:00,5.77
2022-08-10 23:00:00,1.18
2022-08-11 02:00:00,1.12
2022-08-11 05:00:00,21.9
2022-08-11 08:00:00,533
2022-08-11 11:00:00,812
2022-08-11 14:00:00,634
2022-08-11 17:00:00,171
2022-08-11 20:00:00,4.79
2022-08-11 23:00:00,1.13
2022-08-12 02:00:00,1.12
2022-08-12 05:00:00,19.4
2022-08-12 08:00:00,541
2022-08-12 11:00:00,820
2022-08-12 14:00:00,593
2022-08-12 17:00:00,173
2022-08-12 20:00:00,5.01
2022-08-12 23:00:00,1.12
2022-08-13 02:00:00,1.10
2022-08-13 05:00:00,17.4
2022-08-13 08:00:00,529
2022-08-13 11:00:00,821
2022-08-13 14:00:00,631
2022-08-13 17:00:00,166
2022-08-13 20:00:00,4.86
2022-08-13 23:00:00,1.11
2022-08-14 02:00:00,1.09
2022-08-14 05:00:00,22.3
2022-08-14 08:00:00,517
2022-08-14 11:00:00,805
2022-08-14 14:00:00,566
2022-08-14 17:00:00,144
2022-08-14 20:00:00,4.25
2022-08-14 23:00:00,1.27
2022-08-15 02:00:00,1.23
2022-08-15 05:00:00,12.0
2022-08-15 08:00:00,217
2022-08-15 11:00:00,616
2022-08-15 14:00:00,424
2022-08-15 17:00:00,169
2022-08-15 20:00:00,3.82
2022-08-15 23:00:00,1.11
2022-08-16 02:00:00,1.10
2022-08-16 05:00:00,24.4
2022-08-16 08:00:00,377
2022-08-16 11:00:00,754
2022-08-16 14:00:00,596
2022-08-16 17:00:00,156
2022-08-16 20:00:00,3.62
2022-08-16 23:00:00,1.44
2022-08-17 02:00:00,1.43
2022-08-17 05:00:00,25.6
2022-08-17 08:00:00,89.1
2022-08-17 11:00:00,229
2022-08-17 14:00:00,443
2022-08-17 17:00:00,144
2022-08-17 20:00:00,3.63
2022-08-17 23:00:00,1.56
2022-08-18 02:00:00,1.48
2022-08-18 05:00:00,8.97
2022-08-18 08:00:00,71.0
2022-08-18 11:00:00,383
2022-08-18 14:00:00,521
2022-08-18 17:00:00,137
2022-08-18 20:00:00,4.17
2022-08-18 23:00:00,1.54
2022-08-19 02:00:00,1.55
2022-08-19 05:00:00,21.7
2022-08-19 08:00:00,209
2022-08-19 11:00:00,658
2022-08-19 14:00:00,366
2022-08-19 17:00:00,127
2022-08-19 20:00:00,2.50
2022-08-19 23:00:00,1.54
2022-08-20 02:00:00,1.51
2022-08-20 05:00:00,21.4
2022-08-20 08:00:00,159
2022-08-20 11:00:00,570
2022-08-20 14:00:00,569
2022-08-20 17:00:00,145
2022-08-20 20:00:00,3.53
2022-08-20 23:00:00,1.35
2022-08-21 02:00:00,1.32
2022-08-21 05:00:00,17.5
2022-08-21 08:00:00,432
2022-08-21 11:00:00,751
2022-08-21 14:00:00,593
2022-08-21 17:00:00,140
2022-08-21 20:00:00,2.66
2022-08-21 23:00:00,1.39
2022-08-22 02:00:00,1.37
2022-08-22 05:00:00,17.6
2022-08-22 08:00:00,423
2022-08-22 11:00:00,754
2022-08-22 14:00:00,9004708
2022-08-23 11:00:00,8573573
2022-08-23 14:00:00,530
2022-08-23 17:00:00,136
2022-08-23 20:00:00,2.63
2022-08-23 23:00:00,1.47
2022-08-24 02:00:00,1.39
2022-08-24 05:00:00,18.9
2022-08-24 08:00:00,388
2022-08-24 11:00:00,765
2022-08-24 14:00:00,556
2022-08-24 17:00:00,134
2022-08-24 20:00:00,3.57
2022-08-24 23:00:00,1.56
2022-08-25 02:00:00,1.49
2022-08-25 05:00:00,12.6
2022-08-25 08:00:00,411
2022-08-25 11:00:00,702
2022-08-25 14:00:00,516
2022-08-25 17:00:00,126
2022-08-25 20:00:00,2.55
2022-08-25 23:00:00,1.55
2022-08-26 02:00:00,1.46
2022-08-26 05:00:00,16.1
2022-08-26 08:00:00,301
2022-08-26 11:00:00,694
2022-08-26 14:00:00,541
2022-08-26 17:00:00,101
2022-08-26 20:00:00,1.56
2022-08-26 23:00:00,1.53
2022-08-27 02:00:00,1.53
2022-08-27 05:00:00,12.8
2022-08-27 08:00:00,60.7
2022-08-27 11:00:00,101
2022-08-27 14:00:00,184
2022-08-27 17:00:00,151
2022-08-27 20:00:00,2.46
2022-08-27 23:00:00,1.54
2022-08-28 02:00:00,1.49
2022-08-28 05:00:00,12.8
2022-08-28 08:00:00,279
2022-08-28 11:00:00,451
2022-08-28 14:00:00,417
2022-08-28 17:00:00,130
2022-08-28 20:00:00,2.21
2022-08-28 23:00:00,1.41
2022-08-29 02:00:00,1.41
2022-08-29 05:00:00,15.4
2022-08-29 08:00:00,369
2022-08-29 11:00:00,695
2022-08-29 14:00:00,534
2022-08-29 17:00:00,118
2022-08-29 20:00:00,2.00
2022-08-29 23:00:00,1.53
2022-08-30 02:00:00,1.52
2022-08-30 05:00:00,13.4
2022-08-30 08:00:00,304
2022-08-30 11:00:00,569
2022-08-30 14:00:00,522
2022-08-30 17:00:00,116
2022-08-30 20:00:00,2.03
2022-08-30 23:00:00,1.64
2022-08-31 02:00:00,1.54
2022-08-31 05:00:00,4.43
2022-08-31 08:00:00,89.4
2022-08-31 11:00:00,187
2022-08-31 14:00:00,273
2022-08-31 17:00:00,103
2022-08-31 20:00:00,1.65
2022-08-31 23:00:00,1.48

